Date,Open,High,Low,Close,Volume,Dividends,Stock Splits,Capital Gains
1993-01-29 00:00:00-05:00,24.543519228993574,24.543519228993574,24.421412168152813,24.52607536315918,1003200,0.0,0.0,0.0
1993-02-01 00:00:00-05:00,24.543522838818824,24.70051765441894,24.543522838818824,24.700517654418945,480500,0.0,0.0,0.0
1993-02-02 00:00:00-05:00,24.68307410435747,24.77029344748241,24.63074249848251,24.752849578857422,201300,0.0,0.0,0.0
1993-02-03 00:00:00-05:00,24.787718103853067,25.0319320753196,24.77027424874831,25.014488220214844,529400,0.0,0.0,0.0
1993-02-04 00:00:00-05:00,25.101719649632773,25.17149510383606,24.82261783281962,25.119163513183594,531500,0.0,0.0,0.0
1993-02-05 00:00:00-05:00,25.101720809936523,25.15405240300797,24.962169895079338,25.101720809936523,492100,0.0,0.0,0.0
1993-02-08 00:00:00-05:00,25.101720809936523,25.188940131722266,25.066833081222228,25.101720809936523,596100,0.0,0.0,0.0
1993-02-09 00:00:00-05:00,25.014501655744123,25.014501655744123,24.874950739951966,24.927282333374023,122100,0.0,0.0,0.0
1993-02-10 00:00:00-05:00,24.92730477504344,24.97963641557887,24.85752925432953,24.96219253540039,379600,0.0,0.0,0.0
1993-02-11 00:00:00-05:00,24.997068284449888,25.18895087421189,24.997068284449888,25.084287643432617,19500,0.0,0.0,0.0
1993-02-12 00:00:00-05:00,25.049395560549954,25.049395560549954,24.89240074157715,24.89240074157715,42500,0.0,0.0,0.0
1993-02-16 00:00:00-05:00,24.822619410061648,24.822619410061648,24.22952801164837,24.264415740966797,374800,0.0,0.0,0.0
1993-02-17 00:00:00-05:00,24.264432172981095,24.299319925925715,24.159768914147246,24.24698829650879,210900,0.0,0.0,0.0
1993-02-18 00:00:00-05:00,24.526083784879244,24.526083784879244,23.89810439920666,24.229537963867188,378100,0.0,0.0,0.0
1993-02-19 00:00:00-05:00,24.22953594295332,24.316755294799805,24.194648202214726,24.316755294799805,34900,0.0,0.0,0.0
1993-02-22 00:00:00-05:00,24.386523038851866,24.43885463335584,24.316747579513237,24.403966903686523,513600,0.0,0.0,0.0
1993-02-23 00:00:00-05:00,24.47375309961889,24.491196972106145,24.26442662977183,24.386533737182617,373700,0.0,0.0,0.0
1993-02-24 00:00:00-05:00,24.403971891618717,24.70051765441894,24.403971891618717,24.700517654418945,26300,0.0,0.0,0.0
1993-02-25 00:00:00-05:00,24.68307410435747,24.77029344748241,24.63074249848251,24.752849578857422,44500,0.0,0.0,0.0
1993-02-26 00:00:00-05:00,24.805190304481673,24.805190304481673,24.665639304175166,24.78774642944336,66200,0.0,0.0,0.0
1993-03-01 00:00:00-05:00,24.874955165865728,24.874955165865728,24.683072622510526,24.717960357666016,66500,0.0,0.0,0.0
1993-03-02 00:00:00-05:00,24.735410207501705,25.084287643432617,24.700522463908612,25.084287643432617,182400,0.0,0.0,0.0
1993-03-03 00:00:00-05:00,25.119174101346086,25.20639345586465,25.084286359538662,25.188949584960938,280100,0.0,0.0,0.0
1993-03-04 00:00:00-05:00,25.22383520928598,25.22383520928598,25.049396514892578,25.049396514892578,89500,0.0,0.0,0.0
1993-03-05 00:00:00-05:00,25.08428702274514,25.18895025093462,24.96217992319075,24.979623794555664,40000,0.0,0.0,0.0
1993-03-08 00:00:00-05:00,25.031952421521883,25.537824630737305,25.031952421521883,25.537824630737305,50800,0.0,0.0,0.0
1993-03-09 00:00:00-05:00,25.48548549131795,25.502929355446163,25.39826617067689,25.450597763061523,169300,0.0,0.0,0.0
1993-03-10 00:00:00-05:00,25.45059619099921,25.50292778015137,25.345933012694896,25.502927780151367,194400,0.0,0.0,0.0
1993-03-11 00:00:00-05:00,25.520393523332675,25.590169035358194,25.398286377288024,25.43317413330078,70900,0.0,0.0,0.0
1993-03-12 00:00:00-05:00,25.223838496852565,25.241282368565464,25.014512036297774,25.171506881713867,643600,0.0,0.0,0.0
1993-03-15 00:00:00-05:00,25.15405866951778,25.29360961914063,25.15405866951778,25.293609619140625,310800,0.0,0.0,0.0
1993-03-16 00:00:00-05:00,25.29360961914063,25.36338509395205,25.29360961914063,25.293609619140625,30800,0.0,0.0,0.0
1993-03-17 00:00:00-05:00,25.25871708887803,25.25871708887803,25.101722300342185,25.13661003112793,21800,0.0,0.0,0.0
1993-03-18 00:00:00-05:00,25.241278013032062,25.39827283135776,25.241278013032062,25.293609619140625,59300,0.0,0.0,0.0
1993-03-19 00:00:00-05:00,25.39553339426754,25.39553339426754,25.25532341003418,25.25532341003418,66900,0.213,0.0,0.0
1993-03-22 00:00:00-05:00,25.009964318019232,25.16770060313638,24.992438064117326,25.115121841430664,183400,0.0,0.0,0.0
1993-03-23 00:00:00-05:00,25.185233701902515,25.20275996056772,25.13265492590689,25.167707443237305,55200,0.0,0.0,0.0
1993-03-24 00:00:00-05:00,25.13265492590689,25.27286499522855,25.009971115250444,25.167707443237305,37200,0.0,0.0,0.0
1993-03-25 00:00:00-05:00,25.18522561413194,25.378014397538657,25.15017310805799,25.325435638427734,110100,0.0,0.0,0.0
1993-03-26 00:00:00-05:00,25.30790446579415,25.325430715424197,25.167694468753737,25.18522071838379,101500,0.0,0.0,0.0
1993-03-29 00:00:00-05:00,25.202760626356053,25.41307573589449,25.202760626356053,25.29039192199707,87100,0.0,0.0,0.0
1993-03-30 00:00:00-05:00,25.325430670357935,25.36048316955566,25.290378171160206,25.360483169555664,56000,0.0,0.0,0.0
1993-03-31 00:00:00-05:00,25.430583961771735,25.50068894857193,25.342952728271488,25.342952728271484,111600,0.0,0.0,0.0
1993-04-01 00:00:00-05:00,25.37800714623837,25.37800714623837,25.20274466594667,25.25532341003418,129500,0.0,0.0,0.0
1993-04-02 00:00:00-05:00,25.045023975602117,25.045023975602117,24.729551315307617,24.729551315307617,59400,0.0,0.0,0.0
1993-04-05 00:00:00-04:00,24.922333180652185,24.922333180652185,24.782123148693522,24.85222816467285,172200,0.0,0.0,0.0
1993-04-06 00:00:00-04:00,24.904820763238586,24.904820763238586,24.71203186218607,24.782136917114258,129700,0.0,0.0,0.0
1993-04-07 00:00:00-04:00,24.817181738436094,24.869760513305664,24.764602963566528,24.869760513305664,28000,0.0,0.0,0.0
1993-04-08 00:00:00-04:00,24.974909649824035,24.974909649824035,24.729542116422255,24.834699630737305,180800,0.0,0.0,0.0
1993-04-12 00:00:00-04:00,25.08006322060348,25.20274696801384,25.045010721343377,25.18522071838379,348500,0.0,0.0,0.0
1993-04-13 00:00:00-04:00,25.16769749853346,25.32543376419279,25.150171246793533,25.237802505493164,146100,0.0,0.0,0.0
1993-04-14 00:00:00-04:00,25.25533947394189,25.272865733118813,25.18523443723421,25.202760696411133,119600,0.0,0.0,0.0
1993-04-15 00:00:00-04:00,25.18523443723421,25.25533947394189,25.097603141349612,25.202760696411133,148600,0.0,0.0,0.0
1993-04-16 00:00:00-04:00,25.22028695558805,25.25533947394189,25.167708178057293,25.202760696411133,47900,0.0,0.0,0.0
1993-04-19 00:00:00-04:00,25.202745075332384,25.27285006858783,25.080061337135355,25.09758758544922,157000,0.0,0.0,0.0
1993-04-20 00:00:00-04:00,25.062536259701375,25.097588757966694,24.81716877184416,24.974905014038086,279500,0.0,0.0,0.0
1993-04-21 00:00:00-04:00,25.02749868457237,25.02749868457237,24.8872886079081,24.957393646240234,67900,0.0,0.0,0.0
1993-04-22 00:00:00-04:00,24.852229426290368,25.062544484904954,24.641914367675778,24.64191436767578,97700,0.0,0.0,0.0
1993-04-23 00:00:00-04:00,24.58934674807957,24.6594517993927,24.501715433938163,24.536767959594727,106000,0.0,0.0,0.0
1993-04-26 00:00:00-04:00,24.5542901865092,24.64192148624692,24.273870027348494,24.343975067138672,62600,0.0,0.0,0.0
1993-04-27 00:00:00-04:00,24.308907253450137,24.60685348510742,24.308907253450137,24.606853485107422,156800,0.0,0.0,0.0
1993-04-28 00:00:00-04:00,24.571807488299196,24.624386248973163,24.519228727625233,24.55428123474121,85900,0.0,0.0,0.0
1993-04-29 00:00:00-04:00,24.606858422252923,24.65943717956543,24.466648402752906,24.65943717956543,85000,0.0,0.0,0.0
1993-04-30 00:00:00-04:00,24.74705581177711,24.83468702924091,24.69447708129883,24.694477081298828,88500,0.0,0.0,0.0
1993-05-03 00:00:00-04:00,24.729544386709023,24.852228164672855,24.624386862740028,24.85222816467285,80500,0.0,0.0,0.0
1993-05-04 00:00:00-04:00,24.90481069166729,25.027494488177965,24.869758178378525,24.939863204956055,149100,0.0,0.0,0.0
1993-05-05 00:00:00-04:00,24.93986658258044,25.097602913742225,24.93986658258044,25.009971618652344,109000,0.0,0.0,0.0
1993-05-06 00:00:00-04:00,24.97490579065894,24.9924320403366,24.904800791948322,24.922327041625977,54700,0.0,0.0,0.0
1993-05-07 00:00:00-04:00,24.93986554646509,24.93986554646509,24.834707996725953,24.869760513305664,68000,0.0,0.0,0.0
1993-05-10 00:00:00-04:00,24.904800791948322,25.062537039047218,24.904800791948322,24.922327041625977,113900,0.0,0.0,0.0
1993-05-11 00:00:00-04:00,24.922333092248742,25.027490615844727,24.852228076518085,25.027490615844727,42600,0.0,0.0,0.0
1993-05-12 00:00:00-04:00,24.922332349030867,25.009963616080903,24.922332349030867,24.9924373626709,31000,0.0,0.0,0.0
1993-05-13 00:00:00-04:00,24.887265759719188,24.887265759719188,24.67695083780607,24.694477081298828,129100,0.0,0.0,0.0
1993-05-14 00:00:00-04:00,24.694493876262143,24.764598897912283,24.659441365437072,24.67696762084961,63500,0.0,0.0,0.0
1993-05-17 00:00:00-04:00,24.74706877906189,24.764595031738278,24.641911263003554,24.76459503173828,34000,0.0,0.0,0.0
1993-05-18 00:00:00-04:00,24.78212282002479,24.799649073787183,24.65943904368803,24.7470703125,105200,0.0,0.0,0.0
1993-05-19 00:00:00-04:00,24.747062217188248,25.25532341003418,24.589325984925715,25.25532341003418,50200,0.0,0.0,0.0
1993-05-20 00:00:00-04:00,25.255330626279836,25.325435638427734,25.202751867168914,25.325435638427734,98200,0.0,0.0,0.0
1993-05-21 00:00:00-04:00,25.342955061843274,25.378007558470994,25.080061337135355,25.09758758544922,221400,0.0,0.0,0.0
1993-05-24 00:00:00-04:00,25.15018191888037,25.29039199229573,25.15018191888037,25.202760696411133,30500,0.0,0.0,0.0
1993-05-25 00:00:00-04:00,25.30790215412169,25.30790215412169,25.25532341003418,25.25532341003418,191800,0.0,0.0,0.0
1993-05-26 00:00:00-04:00,25.32543515080536,25.58832894129815,25.307908898105843,25.570802688598633,102400,0.0,0.0,0.0
1993-05-27 00:00:00-04:00,25.605862898216614,25.605862898216614,25.448126576461686,25.483179092407227,53800,0.0,0.0,0.0
1993-05-28 00:00:00-04:00,25.465640667148843,25.465640667148843,25.237799422363615,25.360483169555664,79100,0.0,0.0,0.0
1993-06-01 00:00:00-04:00,25.44811966287037,25.693487207829175,25.41306715644768,25.60585594177246,28300,0.0,0.0,0.0
1993-06-02 00:00:00-04:00,25.535750183199593,25.658433952096228,25.43059266700248,25.570802688598633,20300,0.0,0.0,0.0
1993-06-03 00:00:00-04:00,25.518231608352767,25.518231608352767,25.430600318488917,25.483179092407227,21600,0.0,0.0,0.0
1993-06-04 00:00:00-04:00,25.413066490178604,25.413066490178604,25.290382720915673,25.395540237426758,32000,0.0,0.0,0.0
1993-06-07 00:00:00-04:00,25.448120951982744,25.448120951982744,25.307910919189453,25.307910919189453,121400,0.0,0.0,0.0
1993-06-08 00:00:00-04:00,25.237820223442416,25.237820223442416,25.080083847045902,25.0800838470459,104500,0.0,0.0,0.0
1993-06-09 00:00:00-04:00,25.16770744323731,25.27286499522855,25.13265492590689,25.167707443237305,43300,0.0,0.0,0.0
1993-06-10 00:00:00-04:00,25.150168219123685,25.20274696801384,25.09758947023353,25.18522071838379,17900,0.0,0.0,0.0
1993-06-11 00:00:00-04:00,25.272865662868863,25.325444440253474,25.18523436722785,25.29039192199707,647400,0.0,0.0,0.0
1993-06-14 00:00:00-04:00,25.325428402150862,25.342954650180033,25.25532341003418,25.25532341003418,64200,0.0,0.0,0.0
1993-06-15 00:00:00-04:00,25.29039199229573,25.307918251472653,25.202760696411133,25.202760696411133,142400,0.0,0.0,0.0
1993-06-16 00:00:00-04:00,25.20274466594667,25.25532341003418,25.132639673829992,25.25532341003418,330900,0.0,0.0,0.0
1993-06-17 00:00:00-04:00,25.307900234871386,25.342952728271488,25.255321494771238,25.342952728271484,37400,0.0,0.0,0.0
1993-06-18 00:00:00-04:00,25.328419121463646,25.328419121463646,25.134263992309567,25.13426399230957,58500,0.318,0.0,0.0
1993-06-21 00:00:00-04:00,25.204864362945234,25.204864362945234,25.15191296722476,25.187213897705078,29300,0.0,0.0,0.0
1993-06-22 00:00:00-04:00,25.222516875974936,25.222516875974936,25.169565475955395,25.204866409301758,137500,0.0,0.0,0.0
1993-06-23 00:00:00-04:00,25.204854980037407,25.204854980037407,24.975399017333984,24.975399017333984,227600,0.0,0.0,0.0
1993-06-24 00:00:00-04:00,25.045999814276914,25.31075668334961,25.045999814276914,25.31075668334961,243700,0.0,0.0,0.0
1993-06-25 00:00:00-04:00,25.29311943054199,25.363721299154808,25.275468963388786,25.293119430541992,44800,0.0,0.0,0.0
1993-06-28 00:00:00-04:00,25.41666729850058,25.575521469116207,25.38136637169711,25.57552146911621,439900,0.0,0.0,0.0
1993-06-29 00:00:00-04:00,25.540213811083408,25.540213811083408,25.416660599834213,25.451961517333984,207500,0.0,0.0,0.0
1993-06-30 00:00:00-04:00,25.487262434833752,25.540213811083408,25.416660599834213,25.451961517333984,437600,0.0,0.0,0.0
1993-07-01 00:00:00-04:00,25.48727908817551,25.48727908817551,25.34607532591415,25.381376266479492,605700,0.0,0.0,0.0
1993-07-02 00:00:00-04:00,25.293115195694504,25.310765659892475,25.151911482110723,25.240163803100586,285400,0.0,0.0,0.0
1993-07-06 00:00:00-04:00,25.204854980037407,25.275456814715383,24.940098099994998,24.975399017333984,246400,0.0,0.0,0.0
1993-07-07 00:00:00-04:00,24.957756741438388,25.081309992633628,24.957756741438388,25.046009063720703,343700,0.0,0.0,0.0
1993-07-08 00:00:00-04:00,25.06365985405154,25.381368218398674,25.028358924679637,25.32841682434082,248200,0.0,0.0,0.0
1993-07-09 00:00:00-04:00,25.32840787080363,25.399009704589844,25.27545649546397,25.399009704589844,378200,0.0,0.0,0.0
1993-07-12 00:00:00-04:00,25.36372579619682,25.39902673676216,25.32842485563148,25.381376266479492,373700,0.0,0.0,0.0
1993-07-13 00:00:00-04:00,25.39901514259078,25.469616991493048,25.22251052033511,25.36371421813965,389600,0.0,0.0,0.0
1993-07-14 00:00:00-04:00,25.381359682334445,25.522563352333524,25.363709223584557,25.451961517333984,617300,0.0,0.0,0.0
1993-07-15 00:00:00-04:00,25.43433123644348,25.43433123644348,25.293127454422976,25.346078872680664,443800,0.0,0.0,0.0
1993-07-16 00:00:00-04:00,25.363724989598023,25.381375459319383,25.240171701548483,25.27547264099121,216400,0.0,0.0,0.0
1993-07-19 00:00:00-04:00,25.27547823241505,25.27547823241505,25.18722586428511,25.257827758789062,188200,0.0,0.0,0.0
1993-07-20 00:00:00-04:00,25.24016450091106,25.328416824340817,25.116611248109397,25.32841682434082,68500,0.0,0.0,0.0
1993-07-21 00:00:00-04:00,25.293106225411428,25.31075668334961,25.22250439365871,25.31075668334961,142700,0.0,0.0,0.0
1993-07-22 00:00:00-04:00,25.27546772260344,25.31076865517691,25.134263992309567,25.13426399230957,632400,0.0,0.0,0.0
1993-07-23 00:00:00-04:00,25.18722586428511,25.257827758789062,25.169575390659123,25.257827758789062,286200,0.0,0.0,0.0
1993-07-26 00:00:00-04:00,25.32840787080363,25.4519610799295,25.32840787080363,25.399009704589844,121300,0.0,0.0,0.0
1993-07-27 00:00:00-04:00,25.41667720704483,25.4343276773275,25.29312391506614,25.381376266479492,92800,0.0,0.0,0.0
1993-07-28 00:00:00-04:00,25.328416824340817,25.381368218398674,25.293115894968913,25.32841682434082,30800,0.0,0.0,0.0
1993-07-29 00:00:00-04:00,25.38137503324576,25.540229258071356,25.346074094395625,25.469627380371094,331000,0.0,0.0,0.0
1993-07-30 00:00:00-04:00,25.469620541828434,25.469620541828434,25.293115894968913,25.32841682434082,75300,0.0,0.0,0.0
1993-08-02 00:00:00-04:00,25.363708787696737,25.487261996822607,25.363708787696737,25.399009704589844,41300,0.0,0.0,0.0
1993-08-03 00:00:00-04:00,25.451965045928954,25.52256689071655,25.328411817550656,25.416664123535156,81600,0.0,0.0,0.0
1993-08-04 00:00:00-04:00,25.416664123535153,25.46961550712585,25.346062278747556,25.416664123535156,434000,0.0,0.0,0.0
1993-08-05 00:00:00-04:00,25.416665604816348,25.416665604816348,25.328413293688513,25.36371421813965,36800,0.0,0.0,0.0
1993-08-06 00:00:00-04:00,25.434310621482947,25.4519610799295,25.363708787696737,25.399009704589844,402300,0.0,0.0,0.0
1993-08-09 00:00:00-04:00,25.469626016096154,25.61082976393314,25.416674610657285,25.54022789001465,828200,0.0,0.0,0.0
1993-08-10 00:00:00-04:00,25.522556304931644,25.540206758807805,25.487255397179318,25.52255630493164,604900,0.0,0.0,0.0
1993-08-11 00:00:00-04:00,25.50490585105548,25.593158120436293,25.50490585105548,25.52255630493164,542200,0.0,0.0,0.0
1993-08-12 00:00:00-04:00,25.593165187333064,25.593165187333064,25.363709223584557,25.451961517333984,303700,0.0,0.0,0.0
1993-08-13 00:00:00-04:00,25.469627515100708,25.504928454137573,25.469627515100708,25.48727798461914,103500,0.0,0.0,0.0
1993-08-16 00:00:00-04:00,25.504914341550883,25.699069398822207,25.504914341550883,25.628467559814453,241800,0.0,0.0,0.0
1993-08-17 00:00:00-04:00,25.610817819567846,25.716720581054688,25.610817819567846,25.716720581054688,369300,0.0,0.0,0.0
1993-08-18 00:00:00-04:00,25.804977838822193,25.910880620650463,25.787327375184145,25.857929229736328,414300,0.0,0.0,0.0
1993-08-19 00:00:00-04:00,25.875579693374373,25.875579693374373,25.822628302460238,25.857929229736328,28500,0.0,0.0,0.0
1993-08-20 00:00:00-04:00,25.804964664037687,25.875566482543945,25.78731420941112,25.875566482543945,80700,0.0,0.0,0.0
1993-08-23 00:00:00-04:00,25.769678534340223,25.840280393338414,25.769678534340223,25.822629928588867,15600,0.0,0.0,0.0
1993-08-24 00:00:00-04:00,25.82262081613083,26.10502815246582,25.82262081613083,26.10502815246582,273400,0.0,0.0,0.0
1993-08-25 00:00:00-04:00,26.105035922334,26.22858916875478,26.069734994785204,26.1226863861084,242300,0.0,0.0,0.0
1993-08-26 00:00:00-04:00,26.140346527099606,26.28155028956875,26.034443705247753,26.14034652709961,120000,0.0,0.0,0.0
1993-08-27 00:00:00-04:00,26.069734994785204,26.122686386108395,26.069734994785204,26.1226863861084,25700,0.0,0.0,0.0
1993-08-30 00:00:00-04:00,26.14033768988875,26.26389094027985,26.14033768988875,26.22859001159668,183500,0.0,0.0,0.0
1993-08-31 00:00:00-04:00,26.210940105002997,26.299192428588864,26.175639175568648,26.299192428588867,66500,0.0,0.0,0.0
1993-09-01 00:00:00-04:00,26.210937923000703,26.316840702487575,26.210937923000703,26.26388931274414,136500,0.0,0.0,0.0
1993-09-02 00:00:00-04:00,26.281544813334904,26.316845746596602,26.157991546918957,26.175642013549805,472400,0.0,0.0,0.0
1993-09-03 00:00:00-04:00,26.15798597001644,26.22858782148747,26.122685044280924,26.193286895751953,630500,0.0,0.0,0.0
1993-09-07 00:00:00-04:00,26.193300834666115,26.228601779187226,25.981495167539435,26.016796112060547,196400,0.0,0.0,0.0
1993-09-08 00:00:00-04:00,26.016778225311217,26.016778225311217,25.75202132342542,25.928525924682617,269900,0.0,0.0,0.0
1993-09-09 00:00:00-04:00,25.82263686345971,25.999141558356904,25.82263686345971,25.981491088867188,239200,0.0,0.0,0.0
1993-09-10 00:00:00-04:00,26.05208712491122,26.22859178022905,26.016786193847658,26.210941314697266,106500,0.0,0.0,0.0
1993-09-13 00:00:00-04:00,26.29919186896302,26.29919186896302,26.228590011596676,26.22859001159668,66900,0.0,0.0,0.0
1993-09-14 00:00:00-04:00,26.15798731365719,26.15798731365719,26.034434067236408,26.1226863861084,184500,0.0,0.0,0.0
1993-09-15 00:00:00-04:00,26.01678226707438,26.210937358619713,25.928529952735595,26.193286895751953,101000,0.0,0.0,0.0
1993-09-16 00:00:00-04:00,26.157969819354108,26.175620271323982,26.069717559504735,26.08736801147461,54300,0.0,0.0,0.0
1993-09-17 00:00:00-04:00,26.072307888515,26.09006831623197,26.00126617764711,26.036787033081055,200900,0.286,0.0,0.0
1993-09-20 00:00:00-04:00,26.072327048447303,26.125608370753394,25.823680877685543,25.823680877685547,57800,0.0,0.0,0.0
1993-09-21 00:00:00-04:00,25.85919395852204,25.894714829344185,25.468464379478437,25.73487091064453,318200,0.0,0.0,0.0
1993-09-22 00:00:00-04:00,25.823688277310495,25.98353229003112,25.788167385594797,25.94801139831543,439700,0.0,0.0,0.0
1993-09-23 00:00:00-04:00,26.019034713526985,26.107836879784756,25.983513847023875,26.090076446533203,88500,0.0,0.0,0.0
1993-09-24 00:00:00-04:00,26.054569576380604,26.072330019172956,25.983527805211196,26.0190486907959,53500,0.0,0.0,0.0
1993-09-27 00:00:00-04:00,26.2144071126934,26.30320930480957,26.2144071126934,26.30320930480957,274600,0.0,0.0,0.0
1993-09-28 00:00:00-04:00,26.320967360665573,26.320967360665573,26.232165176587756,26.24992561340332,158300,0.0,0.0,0.0
1993-09-29 00:00:00-04:00,26.249931200782378,26.320972963166092,26.12560811661088,26.161128997802734,221000,0.0,0.0,0.0
1993-09-30 00:00:00-04:00,26.16113044583068,26.214411770567605,26.054567796356825,26.10784912109375,99300,0.0,0.0,0.0
1993-10-01 00:00:00-04:00,26.0723223521569,26.26768716542238,26.036801477017722,26.232166290283203,22700,0.0,0.0,0.0
1993-10-04 00:00:00-04:00,26.26769065856934,26.26769065856934,26.19664889884366,26.267690658569336,1038500,0.0,0.0,0.0
1993-10-05 00:00:00-04:00,26.320968478131146,26.320968478131146,26.143364102435257,26.232166290283203,436500,0.0,0.0,0.0
1993-10-06 00:00:00-04:00,26.24992593387924,26.356488556073607,26.214405059814453,26.214405059814453,209200,0.0,0.0,0.0
1993-10-07 00:00:00-04:00,26.249941898428876,26.249941898428876,26.125618763591934,26.14337921142578,59400,0.0,0.0,0.0
1993-10-08 00:00:00-04:00,26.214411110535085,26.232171551666884,25.9835253758217,26.178890228271484,54400,0.0,0.0,0.0
1993-10-11 00:00:00-04:00,26.2321662902832,26.28544760299197,26.2321662902832,26.232166290283203,467100,0.0,0.0,0.0
1993-10-12 00:00:00-04:00,26.26769065856934,26.285451098500758,26.249930218637918,26.267690658569336,26200,0.0,0.0,0.0
1993-10-13 00:00:00-04:00,26.285451098500758,26.285451098500758,26.2321697787065,26.267690658569336,139100,0.0,0.0,0.0
1993-10-14 00:00:00-04:00,26.37424549846369,26.605131149291992,26.30320375974729,26.605131149291992,108100,0.0,0.0,0.0
1993-10-15 00:00:00-04:00,26.729471990628387,26.80051377664999,26.658430204606784,26.74723243713379,1502500,0.0,0.0,0.0
1993-10-18 00:00:00-04:00,26.729474581986388,26.729474581986388,26.64067234085022,26.676193237304688,722400,0.0,0.0,0.0
1993-10-19 00:00:00-04:00,26.64065217108314,26.693933475425307,26.48080825805664,26.48080825805664,880100,0.0,0.0,0.0
1993-10-20 00:00:00-04:00,26.56962540480249,26.56962540480249,26.463062736066654,26.51634407043457,230400,0.0,0.0,0.0
1993-10-21 00:00:00-04:00,26.53408956239881,26.53408956239881,26.445287388495196,26.48080825805664,56200,0.0,0.0,0.0
1993-10-22 00:00:00-04:00,26.516331199687123,26.622893816698593,26.356487274169922,26.356487274169922,390700,0.0,0.0,0.0
1993-10-25 00:00:00-04:00,26.374252784636713,26.463054982564785,26.30321102629426,26.427534103393555,114500,0.0,0.0,0.0
1993-10-26 00:00:00-04:00,26.409786224365234,26.42754667239776,26.32098398420261,26.409786224365234,186200,0.0,0.0,0.0
1993-10-27 00:00:00-04:00,26.374252784636713,26.44529454297917,26.374252784636713,26.427534103393555,118400,0.0,0.0,0.0
1993-10-28 00:00:00-04:00,26.463042775180195,26.693928383285797,26.463042775180195,26.622886657714844,129600,0.0,0.0,0.0
1993-10-29 00:00:00-04:00,26.605126226322103,26.64064708910758,26.587365794929365,26.622886657714844,80700,0.0,0.0,0.0
1993-11-01 00:00:00-05:00,26.58737847714605,26.7117015561975,26.58737847714605,26.693941116333008,36400,0.0,0.0,0.0
1993-11-02 00:00:00-05:00,26.658432789077455,26.711714133759155,26.516349203259587,26.676193237304688,262100,0.0,0.0,0.0
1993-11-03 00:00:00-05:00,26.65842546808985,26.65842546808985,26.214414384344185,26.33873748779297,479100,0.0,0.0,0.0
1993-11-04 00:00:00-05:00,26.33873632544145,26.33873632544145,26.03680880181872,26.054569244384766,130400,0.0,0.0,0.0
1993-11-05 00:00:00-05:00,25.9835253758217,26.178890228271488,25.876962729030907,26.178890228271484,363200,0.0,0.0,0.0
1993-11-08 00:00:00-05:00,26.196644622782056,26.28544680794403,26.12560287465248,26.214405059814453,367600,0.0,0.0,0.0
1993-11-09 00:00:00-05:00,26.392010228409504,26.409770665979092,26.21440585271361,26.232166290283203,246900,0.0,0.0,0.0
1993-11-10 00:00:00-05:00,26.232169267951804,26.427534103393555,26.161127509609347,26.427534103393555,46500,0.0,0.0,0.0
1993-11-11 00:00:00-05:00,26.427529018844233,26.498570763518547,26.338726838001342,26.356487274169922,88900,0.0,0.0,0.0
1993-11-12 00:00:00-05:00,26.409766518933754,26.56961043196025,26.39200608415303,26.48080825805664,108200,0.0,0.0,0.0
1993-11-15 00:00:00-05:00,26.534104064326957,26.534104064326957,26.392020508426945,26.463062286376953,243300,0.0,0.0,0.0
1993-11-16 00:00:00-05:00,26.516339595746263,26.605141804707234,26.409776944993098,26.58738136291504,492600,0.0,0.0,0.0
1993-11-17 00:00:00-05:00,26.605141213790457,26.605141213790457,26.374255475620043,26.445297241210938,39600,0.0,0.0,0.0
1993-11-18 00:00:00-05:00,26.409771287963043,26.463052601926655,26.30320866003582,26.374250411987305,240800,0.0,0.0,0.0
1993-11-19 00:00:00-05:00,26.285447752588354,26.356489503271025,26.267687314917687,26.320968627929688,106000,0.0,0.0,0.0
1993-11-22 00:00:00-05:00,26.249931200782378,26.267691641378306,26.072326794823095,26.161128997802734,165300,0.0,0.0,0.0
1993-11-23 00:00:00-05:00,26.30320930480957,26.320969743232805,26.161125797423697,26.30320930480957,89700,0.0,0.0,0.0
1993-11-24 00:00:00-05:00,26.374265328300183,26.42754667239776,26.33874443223513,26.409786224365234,77200,0.0,0.0,0.0
1993-11-26 00:00:00-05:00,26.4808154221504,26.4808154221504,26.409773663807943,26.427534103393555,1019800,0.0,0.0,0.0
1993-11-29 00:00:00-05:00,26.498573004636366,26.55185431764837,26.320968627929688,26.320968627929688,517500,0.0,0.0,0.0
1993-11-30 00:00:00-05:00,26.303216601093318,26.463060591241756,26.28545615774349,26.33873748779297,230000,0.0,0.0,0.0
1993-12-01 00:00:00-05:00,26.480813039914523,26.498573477902394,26.3742504119873,26.374250411987305,379200,0.0,0.0,0.0
1993-12-02 00:00:00-05:00,26.427536799813215,26.463057682608664,26.374255475620043,26.445297241210938,352000,0.0,0.0,0.0
1993-12-03 00:00:00-05:00,26.427522527892457,26.55184555053711,26.427522527892457,26.55184555053711,306000,0.0,0.0,0.0
1993-12-06 00:00:00-05:00,26.58736468887329,26.67616684214274,26.58736468887329,26.64064598083496,99500,0.0,0.0,0.0
1993-12-07 00:00:00-05:00,26.64064708910758,26.65840752050032,26.587365794929365,26.622886657714844,88800,0.0,0.0,0.0
1993-12-08 00:00:00-05:00,26.622886657714844,26.622886657714844,26.587365794929365,26.622886657714844,146700,0.0,0.0,0.0
1993-12-09 00:00:00-05:00,26.62291709613928,26.658437999536396,26.498593934249367,26.534114837646484,416500,0.0,0.0,0.0
1993-12-10 00:00:00-05:00,26.55184999717953,26.55184999717953,26.427526953714473,26.48080825805664,412900,0.0,0.0,0.0
1993-12-13 00:00:00-05:00,26.48080210494995,26.64064598083496,26.44528124364217,26.64064598083496,273200,0.0,0.0,0.0
1993-12-14 00:00:00-05:00,26.658422537983625,26.658422537983625,26.44529724121094,26.445297241210938,41900,0.0,0.0,0.0
1993-12-15 00:00:00-05:00,26.480828016495337,26.498588464527863,26.409786224365234,26.409786224365234,82600,0.0,0.0,0.0
1993-12-16 00:00:00-05:00,26.516352827363615,26.516352827363615,26.463071475399722,26.498592376708984,78200,0.0,0.0,0.0
1993-12-17 00:00:00-05:00,26.55480261297034,26.662094744739917,26.536920591008744,26.64421272277832,104700,0.317,0.0,0.0
1993-12-20 00:00:00-05:00,26.62634086736725,26.697868982524717,26.608458838577885,26.67998695373535,68800,0.0,0.0,0.0
1993-12-21 00:00:00-05:00,26.644222256956123,26.644222256956123,26.554812115154256,26.590576171875,205700,0.0,0.0,0.0
1993-12-22 00:00:00-05:00,26.662088462967194,26.787262587206477,26.60844240972179,26.769380569458008,410300,0.0,0.0,0.0
1993-12-23 00:00:00-05:00,26.75149154663086,26.80513758582865,26.715727520499,26.75149154663086,533800,0.0,0.0,0.0
1993-12-27 00:00:00-05:00,26.75148282152541,26.89453887939453,26.75148282152541,26.89453887939453,447100,0.0,0.0,0.0
1993-12-28 00:00:00-05:00,26.876672156219378,26.96608224323275,26.858790138816705,26.948200225830078,880600,0.0,0.0,0.0
1993-12-29 00:00:00-05:00,26.966073937907172,26.983955949802336,26.89454589032652,26.91242790222168,266700,0.0,0.0,0.0
1993-12-30 00:00:00-05:00,26.894547699768594,26.894547699768594,26.751491594982593,26.805137634277344,219900,0.0,0.0,0.0
1993-12-31 00:00:00-05:00,26.858784824629744,26.894548852358945,26.64420065825454,26.66208267211914,312900,0.0,0.0,0.0
1994-01-03 00:00:00-05:00,26.662104285316495,26.697868342037243,26.554812115154256,26.590576171875,960900,0.0,0.0,0.0
1994-01-04 00:00:00-05:00,26.626334526997162,26.69786262512207,26.59057047793471,26.69786262512207,164300,0.0,0.0,0.0
1994-01-05 00:00:00-05:00,26.73360953356493,26.76937355969679,26.62631745516935,26.75149154663086,710900,0.0,0.0,0.0
1994-01-06 00:00:00-05:00,26.787255572762717,26.80513758582865,26.715727520499,26.75149154663086,201000,0.0,0.0,0.0
1994-01-07 00:00:00-05:00,26.8051358308507,26.930309914116844,26.733607783270042,26.91242790222168,775500,0.0,0.0,0.0
1994-01-10 00:00:00-05:00,26.948192234502677,27.234304428100582,26.876664186103202,27.234304428100586,593700,0.0,0.0,0.0
1994-01-11 00:00:00-05:00,27.216426184302883,27.216426184302883,27.09125208227258,27.180662155151367,295200,0.0,0.0,0.0
1994-01-12 00:00:00-05:00,27.198543457937717,27.198543457937717,27.001841302752105,27.091251373291016,158400,0.0,0.0,0.0
1994-01-13 00:00:00-05:00,27.01972770690918,27.07337375794871,26.98396367288283,27.01972770690918,244300,0.0,0.0,0.0
1994-01-14 00:00:00-05:00,27.109139771232023,27.18066784450704,27.109139771232023,27.12702178955078,137200,0.0,0.0,0.0
1994-01-17 00:00:00-05:00,27.127021789550778,27.162785826188287,27.073375734594514,27.12702178955078,17700,0.0,0.0,0.0
1994-01-18 00:00:00-05:00,27.16278457641602,27.198548611408008,27.109138523928035,27.162784576416016,166400,0.0,0.0,0.0
1994-01-19 00:00:00-05:00,27.127015401506583,27.16277942972215,27.03760533096767,27.091251373291016,200800,0.0,0.0,0.0
1994-01-20 00:00:00-05:00,27.127020541424027,27.18066659391201,27.109138523928035,27.162784576416016,281100,0.0,0.0,0.0
1994-01-21 00:00:00-05:00,27.198567712527154,27.198567712527154,27.091275532201603,27.10915756225586,85600,0.0,0.0,0.0
1994-01-24 00:00:00-05:00,27.091260227935994,27.216434367603025,27.001850128173828,27.001850128173828,373800,0.0,0.0,0.0
1994-01-25 00:00:00-05:00,27.019732148126263,27.037614168078694,26.94820406831653,27.001850128173828,310400,0.0,0.0,0.0
1994-01-26 00:00:00-05:00,27.001840019478035,27.091250085767697,26.966075992962168,27.073368072509766,145100,0.0,0.0,0.0
1994-01-27 00:00:00-05:00,27.127018752522496,27.359484964640355,27.09125471988898,27.323720932006836,344500,0.0,0.0,0.0
1994-01-28 00:00:00-05:00,27.431012444956806,27.484658492763113,27.395248413085938,27.395248413085938,356500,0.0,0.0,0.0
1994-01-31 00:00:00-05:00,27.502543189196484,27.645599330622733,27.466779153839923,27.59195327758789,313800,0.0,0.0,0.0
1994-02-01 00:00:00-05:00,27.556194255717028,27.556194255717028,27.413138088263597,27.448902130126953,303600,0.0,0.0,0.0
1994-02-02 00:00:00-05:00,27.538305980102145,27.627716064453125,27.52042396323195,27.627716064453125,307600,0.0,0.0,0.0
1994-02-03 00:00:00-05:00,27.57407247694633,27.57407247694633,27.413134310738474,27.502544403076172,466100,0.0,0.0,0.0
1994-02-04 00:00:00-05:00,27.502547271078775,27.538311311743374,26.876676559448242,26.876676559448242,1403200,0.0,0.0,0.0
1994-02-07 00:00:00-05:00,26.805147908697066,27.073378207983563,26.805147908697066,27.001850128173828,516400,0.0,0.0,0.0
1994-02-08 00:00:00-05:00,27.055491740935533,27.055491740935533,26.912435604830122,27.01972770690918,188200,0.0,0.0,0.0
1994-02-09 00:00:00-05:00,27.037611697957004,27.144903807869532,27.001847661319495,27.12702178955078,144600,0.0,0.0,0.0
1994-02-10 00:00:00-05:00,27.10912296619821,27.127004973431852,26.89453887939453,26.89453887939453,883900,0.0,0.0,0.0
1994-02-11 00:00:00-05:00,26.912440653270725,27.055496816211697,26.78726651069737,26.98396873474121,519400,0.0,0.0,0.0
1994-02-14 00:00:00-05:00,26.9303176218433,27.109137791975062,26.894553587816947,27.01972770690918,2742100,0.0,0.0,0.0
1994-02-15 00:00:00-05:00,27.073374488936043,27.18066659391201,27.037610453944055,27.162784576416016,374700,0.0,0.0,0.0
1994-02-16 00:00:00-05:00,27.198562614531383,27.198562614531383,27.09127045431627,27.144916534423828,287600,0.0,0.0,0.0
1994-02-17 00:00:00-05:00,27.27008106062316,27.28796308099078,26.912440653270725,26.98396873474121,342400,0.0,0.0,0.0
1994-02-18 00:00:00-05:00,27.00183339436849,27.019715403238934,26.751485270182293,26.823013305664062,313300,0.0,0.0,0.0
1994-02-22 00:00:00-05:00,26.894549218105407,27.09125137329102,26.894549218105407,27.091251373291016,154500,0.0,0.0,0.0
1994-02-23 00:00:00-05:00,27.127019808988237,27.144901826001412,26.9303176218433,27.01972770690918,391700,0.0,0.0,0.0
1994-02-24 00:00:00-05:00,26.930312880088145,26.930312880088145,26.64420065825454,26.66208267211914,770800,0.0,0.0,0.0
1994-02-25 00:00:00-05:00,26.697840470338218,26.787250518798828,26.644194441261853,26.787250518798828,531300,0.0,0.0,0.0
1994-02-28 00:00:00-05:00,26.858778557567316,26.930306596335804,26.787250518798828,26.787250518798828,333000,0.0,0.0,0.0
1994-03-01 00:00:00-05:00,26.787279126471553,26.840925212839654,26.53693072342042,26.67998695373535,423600,0.0,0.0,0.0
1994-03-02 00:00:00-05:00,26.340229034423828,26.71575164794922,26.26870091756185,26.71575164794922,581500,0.0,0.0,0.0
1994-03-03 00:00:00-05:00,26.679976766701515,26.679976766701515,26.57268463493194,26.64421272277832,223200,0.0,0.0,0.0
1994-03-04 00:00:00-05:00,26.644223531087242,26.7872797648112,26.554813385009766,26.71575164794922,595800,0.0,0.0,0.0
1994-03-07 00:00:00-05:00,26.805154814383634,26.89456493718011,26.805154814383634,26.858800888061523,539800,0.0,0.0,0.0
1994-03-08 00:00:00-05:00,26.876665638092366,26.876665638092366,26.715727520499,26.75149154663086,880300,0.0,0.0,0.0
1994-03-09 00:00:00-05:00,26.78726645778674,26.894558579780544,26.662092315460633,26.876676559448242,2500100,0.0,0.0,0.0
1994-03-10 00:00:00-05:00,26.858784824629744,26.858784824629744,26.57267260279614,26.66208267211914,207400,0.0,0.0,0.0
1994-03-11 00:00:00-05:00,26.69784555568784,26.840901660473843,26.55478945090184,26.805137634277344,576600,0.0,0.0,0.0
1994-03-14 00:00:00-05:00,26.9124284702329,26.9124284702329,26.80513639659742,26.840900421142578,345900,0.0,0.0,0.0
1994-03-15 00:00:00-05:00,26.894541341145835,26.94818736775716,26.805131296793622,26.823013305664062,748600,0.0,0.0,0.0
1994-03-16 00:00:00-05:00,26.858787039600355,27.037607192993168,26.769376962903948,27.037607192993164,455500,0.0,0.0,0.0
1994-03-17 00:00:00-05:00,26.94819711629676,27.073371223671728,26.94819711629676,27.037607192993164,133000,0.0,0.0,0.0
1994-03-18 00:00:00-05:00,26.905807789531615,27.067674280244038,26.887822623896902,27.03170394897461,365500,0.271,0.0,0.0
1994-03-21 00:00:00-05:00,26.94178503238813,27.013725713382488,26.887829521642356,26.95977020263672,324800,0.0,0.0,0.0
1994-03-22 00:00:00-05:00,26.959763286435756,27.085659445878754,26.905807789531615,27.03170394897461,435700,0.0,0.0,0.0
1994-03-23 00:00:00-05:00,27.01372337341309,27.08566404817584,26.9957382047224,27.013723373413086,698500,0.0,0.0,0.0
1994-03-24 00:00:00-05:00,26.90582071803008,26.959776240860354,26.564102406771674,26.689998626708984,1200500,0.0,0.0,0.0
1994-03-25 00:00:00-05:00,26.70798718199438,26.77992788820851,26.438209533691406,26.438209533691406,100900,0.0,0.0,0.0
1994-03-28 00:00:00-05:00,26.474163055419922,26.510133385658264,26.240355908870697,26.474163055419922,1117200,0.0,0.0,0.0
1994-03-29 00:00:00-05:00,26.474168466844247,26.492153635639657,25.952598571777344,25.952598571777344,338400,0.0,0.0,0.0
1994-03-30 00:00:00-05:00,25.97058792811251,26.042528614893985,25.592899322509766,25.592899322509766,1123900,0.0,0.0,0.0
1994-03-31 00:00:00-05:00,25.592901911531705,25.718798126135162,25.05334670608831,25.66484260559082,788800,0.0,0.0,0.0
1994-04-04 00:00:00-04:00,24.945431963828955,25.34110572244773,24.945431963828955,25.2691650390625,2627300,0.0,0.0,0.0
1994-04-05 00:00:00-04:00,25.520959566826598,25.790737152099606,25.520959566826598,25.79073715209961,1179000,0.0,0.0,0.0
1994-04-06 00:00:00-04:00,25.826707496802676,25.84469266915421,25.610885428584268,25.79073715209961,516500,0.0,0.0,0.0
1994-04-07 00:00:00-04:00,25.77274843225208,25.97058530088765,25.62886707324439,25.916629791259766,666100,0.0,0.0,0.0
1994-04-08 00:00:00-04:00,25.86268482341633,25.86268482341633,25.592907165313935,25.71880340576172,242400,0.0,0.0,0.0
1994-04-11 00:00:00-04:00,25.79073749478481,25.934618875508853,25.72778939071804,25.82670783996582,203300,0.0,0.0,0.0
1994-04-12 00:00:00-04:00,25.853685255329975,25.89864818620881,25.736781635045006,25.79073715209961,1409200,0.0,0.0,0.0
1994-04-13 00:00:00-04:00,25.781736085091477,25.844684167615245,25.466995672472642,25.655839920043945,364100,0.0,0.0,0.0
1994-04-14 00:00:00-04:00,25.610887085046482,25.799731406951672,25.556931564502143,25.66484260559082,419900,0.0,0.0,0.0
1994-04-15 00:00:00-04:00,25.655850018833434,25.7727536466795,25.619879671803872,25.66484260559082,387300,0.0,0.0,0.0
1994-04-18 00:00:00-04:00,25.691815370563056,25.763756050634637,25.413045235285683,25.49397850036621,369100,0.0,0.0,0.0
1994-04-19 00:00:00-04:00,25.467002994957923,25.6288695394174,25.314129036301747,25.529951095581055,472200,0.0,0.0,0.0
1994-04-20 00:00:00-04:00,25.556925249032474,25.61987334077886,25.36808097379332,25.50296974182129,508000,0.0,0.0,0.0
1994-04-21 00:00:00-04:00,25.61088877381263,25.8806663943233,25.520962900309076,25.844696044921875,200300,0.0,0.0,0.0
1994-04-22 00:00:00-04:00,25.9076367241711,25.925621893712346,25.745770198299844,25.817710876464844,301800,0.0,0.0,0.0
1994-04-25 00:00:00-04:00,25.808712388268425,26.105467617819944,25.808712388268425,26.087482452392578,394600,0.0,0.0,0.0
1994-04-26 00:00:00-04:00,26.051521863996612,26.09648479437976,26.006558933613462,26.060514450073242,399000,0.0,0.0,0.0
1994-04-28 00:00:00-04:00,26.006560475784,26.042530822223537,25.79073839714679,25.871671676635742,287000,0.0,0.0,0.0
1994-04-29 00:00:00-04:00,25.82670239020947,25.988568909368162,25.790732052618647,25.952598571777344,481900,0.0,0.0,0.0
1994-05-02 00:00:00-04:00,25.952599190483408,26.312302574966893,25.862673344362538,26.114465713500977,275000,0.0,0.0,0.0
1994-05-03 00:00:00-04:00,26.12345278324731,26.13244536596099,25.934608546259977,26.087482452392578,183400,0.0,0.0,0.0
1994-05-04 00:00:00-04:00,26.141456168000868,26.141456168000868,25.9436192104171,26.042537689208984,401900,0.0,0.0,0.0
1994-05-05 00:00:00-04:00,26.069503651615,26.114466576160734,26.006555557250977,26.006555557250977,659800,0.0,0.0,0.0
1994-05-06 00:00:00-04:00,25.88065691899987,25.88065691899987,25.664834901607236,25.7547607421875,216300,0.0,0.0,0.0
1994-05-09 00:00:00-04:00,25.682825054237227,25.75476574066366,25.48498816656453,25.529951095581055,499300,0.0,0.0,0.0
1994-05-10 00:00:00-04:00,25.65584253006488,25.808716460317633,25.63785736179985,25.727783203125,583400,0.0,0.0,0.0
1994-05-11 00:00:00-04:00,25.700807955572003,25.736778295607795,25.42203782029463,25.49397850036621,210600,0.0,0.0,0.0
1994-05-12 00:00:00-04:00,25.65585102470936,25.682828786039234,25.556932566499825,25.61988067626953,305200,0.0,0.0,0.0
1994-05-13 00:00:00-04:00,25.69182137314919,25.69182137314919,25.49398445673012,25.61988067626953,321300,0.0,0.0,0.0
1994-05-16 00:00:00-04:00,25.673832940218745,25.75476621393572,25.619877424407424,25.628870010375977,450400,0.0,0.0,0.0
1994-05-17 00:00:00-04:00,25.64685216088513,26.006555557250977,25.610881821248544,26.006555557250977,470200,0.0,0.0,0.0
1994-05-18 00:00:00-04:00,26.024560071249166,26.294337819050643,25.907656380535194,26.195419311523438,824800,0.0,0.0,0.0
1994-05-19 00:00:00-04:00,26.14145067213011,26.39324311066456,26.14145067213011,26.32130241394043,531000,0.0,0.0,0.0
1994-05-20 00:00:00-04:00,26.276331375655815,26.29431654429076,26.186405532481086,26.222375869750977,370400,0.0,0.0,0.0
1994-05-23 00:00:00-04:00,26.195385749132843,26.204378329204637,26.09646736834312,26.177400588989258,262700,0.0,0.0,0.0
1994-05-24 00:00:00-04:00,26.24935185448421,26.384240610159875,26.24935185448421,26.285322189331055,549600,0.0,0.0,0.0
1994-05-25 00:00:00-04:00,26.186421524823544,26.37526591081987,26.096495626730057,26.357280731201172,738200,0.0,0.0,0.0
1994-05-26 00:00:00-04:00,26.348279731248454,26.43820560063838,26.321301970431474,26.37525749206543,369600,0.0,0.0,0.0
1994-05-27 00:00:00-04:00,26.330288629765732,26.40222930908203,26.285325705193046,26.40222930908203,162000,0.0,0.0,0.0
1994-05-31 00:00:00-04:00,26.3213052177169,26.42022368624949,26.276342277474814,26.366268157958984,160000,0.0,0.0,0.0
1994-06-01 00:00:00-04:00,26.30331970435047,26.483171463012695,26.22238641295247,26.483171463012695,200500,0.0,0.0,0.0
1994-06-02 00:00:00-04:00,26.501139668685738,26.501139668685738,26.411213846939265,26.4561767578125,55100,0.0,0.0,0.0
1994-06-03 00:00:00-04:00,26.474184789783287,26.69899953833783,26.39325148030365,26.609073638916016,550400,0.0,0.0,0.0
1994-06-06 00:00:00-04:00,26.66302861838505,26.743961926164296,26.582095310605805,26.600080490112305,99300,0.0,0.0,0.0
1994-06-07 00:00:00-04:00,26.55511149249532,26.600074431019696,26.492163378561198,26.564104080200195,120600,0.0,0.0,0.0
1994-06-08 00:00:00-04:00,26.62704051281405,26.62704051281405,26.34827041625977,26.348270416259766,131900,0.0,0.0,0.0
1994-06-09 00:00:00-04:00,26.465188752852242,26.49216651916504,26.411233220226652,26.49216651916504,80500,0.0,0.0,0.0
1994-06-10 00:00:00-04:00,26.519131835296335,26.591072511689134,26.519131835296335,26.53711700439453,83100,0.0,0.0,0.0
1994-06-13 00:00:00-04:00,26.501148917106203,26.582082184922275,26.492156331793307,26.573089599609375,109700,0.0,0.0,0.0
1994-06-14 00:00:00-04:00,26.654028173258354,26.788916979803183,26.654028173258354,26.779924392700195,161000,0.0,0.0,0.0
1994-06-15 00:00:00-04:00,26.78892170410259,26.797914292791447,26.654032873769747,26.67201805114746,142800,0.0,0.0,0.0
1994-06-16 00:00:00-04:00,26.67200427356992,26.743944945919402,26.645026521438865,26.72595977783203,44000,0.0,0.0,0.0
1994-06-17 00:00:00-04:00,26.739720821380615,26.766876935958862,26.540575981140137,26.576784133911133,403800,0.305,0.0,0.0
1994-06-20 00:00:00-04:00,26.386683453239144,26.431943630688952,26.32331920480941,26.350475311279297,137400,0.0,0.0,0.0
1994-06-21 00:00:00-04:00,26.332372854421806,26.332372854421806,26.015551592852617,26.124176025390625,139200,0.0,0.0,0.0
1994-06-22 00:00:00-04:00,26.196602578734296,26.314279093427988,26.169446459958827,26.223758697509766,279900,0.0,0.0,0.0
1994-06-23 00:00:00-04:00,26.269018679194982,26.30522683726417,26.03366565174527,26.069873809814453,922500,0.0,0.0,0.0
1994-06-24 00:00:00-04:00,25.943144368110822,25.943144368110822,25.490542407746013,25.526750564575195,353800,0.0,0.0,0.0
1994-06-27 00:00:00-04:00,25.62632318206181,25.970300674438477,25.499594632238825,25.970300674438477,371200,0.0,0.0,0.0
1994-06-28 00:00:00-04:00,25.97934745614875,25.97934745614875,25.63537003338441,25.84356689453125,5382300,0.0,0.0,0.0
1994-06-29 00:00:00-04:00,25.879771481013165,26.078916277299378,25.85261537242868,25.925031661987305,311800,0.0,0.0,0.0
1994-06-30 00:00:00-04:00,25.970291326017506,25.97934336203215,25.671574137534208,25.762094497680664,271900,0.0,0.0,0.0
1994-07-01 00:00:00-04:00,25.888835925708143,25.888835925708143,25.707795115038856,25.81641960144043,406900,0.0,0.0,0.0
1994-07-05 00:00:00-04:00,25.870723966525993,25.98840045762636,25.789255626533436,25.952192306518555,112000,0.0,0.0,0.0
1994-07-06 00:00:00-04:00,25.852632256766693,25.961256762047224,25.76211183569958,25.915996551513672,174800,0.0,0.0,0.0
1994-07-07 00:00:00-04:00,25.916008850761084,26.024633407592773,25.88885271155316,26.024633407592773,66700,0.0,0.0,0.0
1994-07-08 00:00:00-04:00,25.86167359070058,26.06081843459117,25.852621552341915,26.01555824279785,148400,0.0,0.0,0.0
1994-07-11 00:00:00-04:00,26.033656096325238,26.078916277299378,25.798303155259713,25.925031661987305,124000,0.0,0.0,0.0
1994-07-12 00:00:00-04:00,25.93408275348871,25.970290896949077,25.789250179647237,25.961238861083984,257300,0.0,0.0,0.0
1994-07-13 00:00:00-04:00,25.970295908390497,26.087972397344515,25.970295908390497,26.00650405883789,532700,0.0,0.0,0.0
1994-07-14 00:00:00-04:00,26.13323426246643,26.341431140899658,26.115130186080933,26.287118911743164,494200,0.0,0.0,0.0
1994-07-15 00:00:00-04:00,26.269007452014392,26.3504757728511,26.25995541636587,26.29616355895996,49100,0.0,0.0,0.0
1994-07-18 00:00:00-04:00,26.296172377989468,26.40479684220147,26.296172377989468,26.341432571411133,72300,0.0,0.0,0.0
1994-07-19 00:00:00-04:00,26.386691331863403,26.395743370056152,26.287118911743164,26.287118911743164,609500,0.0,0.0,0.0
1994-07-20 00:00:00-04:00,26.305210286380923,26.305210286380923,26.106065542299582,26.169429779052734,185300,0.0,0.0,0.0
1994-07-21 00:00:00-04:00,26.169446459958827,26.24186277669341,26.115134222407892,26.223758697509766,86300,0.0,0.0,0.0
1994-07-22 00:00:00-04:00,26.28711843457738,26.305222510634252,26.21470213034989,26.269014358520508,151600,0.0,0.0,0.0
1994-07-25 00:00:00-04:00,26.278065444515725,26.332377670718653,26.250909331414263,26.305221557617188,120900,0.0,0.0,0.0
1994-07-26 00:00:00-04:00,26.296176437341135,26.31428051750454,26.250916236932632,26.278072357177734,489600,0.0,0.0,0.0
1994-07-27 00:00:00-04:00,26.278072357177734,26.278072357177734,26.169447876197324,26.278072357177734,83200,0.0,0.0,0.0
1994-07-28 00:00:00-04:00,26.27806806318454,26.404796603620152,26.27806806318454,26.332380294799805,828200,0.0,0.0,0.0
1994-07-29 00:00:00-04:00,26.513416538926673,26.676353205946366,26.504364501870025,26.594884872436523,459100,0.0,0.0,0.0
1994-08-01 00:00:00-04:00,26.612988487491762,26.739717004098868,26.58583237679024,26.72161293029785,486300,0.0,0.0,0.0
1994-08-02 00:00:00-04:00,26.812132348872325,26.866444568350122,26.6672997635982,26.75782012939453,505500,0.0,0.0,0.0
1994-08-03 00:00:00-04:00,26.748768332684246,26.784976479327472,26.703508149380212,26.76687240600586,144100,0.0,0.0,0.0
1994-08-04 00:00:00-04:00,26.748789154753393,26.77594528587497,26.603956455438315,26.613008499145508,231700,0.0,0.0,0.0
1994-08-05 00:00:00-04:00,26.477221710283192,26.558690084776373,26.450065585452133,26.52248191833496,138400,0.0,0.0,0.0
1994-08-08 00:00:00-04:00,26.549624447924856,26.61298870675045,26.522468336999598,26.585832595825195,328600,0.0,0.0,0.0
1994-08-09 00:00:00-04:00,26.486272762617556,26.631105422973633,26.486272762617556,26.631105422973633,105900,0.0,0.0,0.0
1994-08-10 00:00:00-04:00,26.64921208635815,26.757836592144937,26.613003917762555,26.730680465698242,840300,0.0,0.0,0.0
1994-08-11 00:00:00-04:00,26.66731358806265,26.784990124601965,26.49532480388981,26.631105422973633,876200,0.0,0.0,0.0
1994-08-12 00:00:00-04:00,26.67636153042618,26.848350288172394,26.67636153042618,26.839298248291016,184100,0.0,0.0,0.0
1994-08-15 00:00:00-04:00,26.86645795073104,26.92982223835069,26.830249786376953,26.830249786376953,325900,0.0,0.0,0.0
1994-08-16 00:00:00-04:00,26.848339830970446,27.04748463079558,26.73971539470219,27.020328521728516,1089500,0.0,0.0,0.0
1994-08-17 00:00:00-04:00,27.05655147515405,27.074655557773756,26.984135144675214,27.002239227294922,133700,0.0,0.0,0.0
1994-08-18 00:00:00-04:00,26.911701202392575,26.97506545009414,26.884545096234763,26.911701202392578,620000,0.0,0.0,0.0
1994-08-19 00:00:00-04:00,26.920769938311963,26.947926061316316,26.830249528297465,26.893613815307617,103200,0.0,0.0,0.0
1994-08-22 00:00:00-04:00,26.902667058446017,26.902667058446017,26.81214664438664,26.866458892822266,79700,0.0,0.0,0.0
1994-08-23 00:00:00-04:00,26.984120376305764,27.147057030708147,26.947912230883013,27.020328521728516,268600,0.0,0.0,0.0
1994-08-24 00:00:00-04:00,27.04748846704611,27.30999755859375,27.038436429406538,27.30999755859375,254700,0.0,0.0,0.0
1994-08-25 00:00:00-04:00,27.282841441242276,27.346205704708996,27.165164951946934,27.237581253051758,147400,0.0,0.0,0.0
1994-08-26 00:00:00-04:00,27.300957556008356,27.68114330446736,27.300957556008356,27.6268310546875,339500,0.0,0.0,0.0
1994-08-29 00:00:00-04:00,27.699243089019276,27.798815531496142,27.59967064654241,27.608722686767578,350300,0.0,0.0,0.0
1994-08-30 00:00:00-04:00,27.59967633553624,27.726404924810595,27.56346816717214,27.68114471435547,36000,0.0,0.0,0.0
1994-08-31 00:00:00-04:00,27.63587880744309,27.744503290145126,27.5725145258669,27.608722686767578,356200,0.0,0.0,0.0
1994-09-01 00:00:00-04:00,27.5181884765625,27.53629254792866,27.418616084048622,27.5181884765625,294600,0.0,0.0,0.0
1994-09-02 00:00:00-04:00,27.644917664844524,27.644917664844524,27.355252515769532,27.4005126953125,99600,0.0,0.0,0.0
1994-09-06 00:00:00-04:00,27.382429824007705,27.43674208150987,27.30096143775446,27.40958595275879,229800,0.0,0.0,0.0
1994-09-07 00:00:00-04:00,27.472928499584356,27.472928499584356,27.35525203484149,27.382408142089844,27900,0.0,0.0,0.0
1994-09-08 00:00:00-04:00,27.436720155414783,27.55439661929482,27.427668119731702,27.5181884765625,284800,0.0,0.0,0.0
1994-09-09 00:00:00-04:00,27.246642594641827,27.300954839016526,27.11991402443419,27.228538513183594,488400,0.0,0.0,0.0
1994-09-12 00:00:00-04:00,27.228524905437233,27.264733050258293,27.101796398563522,27.147056579589844,129400,0.0,0.0,0.0
1994-09-13 00:00:00-04:00,27.20138239099624,27.300954839016526,27.14707014662154,27.228538513183594,389200,0.0,0.0,0.0
1994-09-14 00:00:00-04:00,27.138028306052043,27.291913056286496,27.138028306052043,27.255704879760742,423500,0.0,0.0,0.0
1994-09-15 00:00:00-04:00,27.328105428563685,27.599666595458984,27.328105428563685,27.599666595458984,779800,0.0,0.0,0.0
1994-09-16 00:00:00-04:00,27.394127391588253,27.47609120359766,27.30305648935558,27.403234481811523,571300,0.288,0.0,0.0
1994-09-19 00:00:00-04:00,27.466985613859666,27.585377793229753,27.403235978814237,27.430557250976562,167300,0.0,0.0,0.0
1994-09-20 00:00:00-04:00,27.28485943944321,27.31218072726642,26.911468505859375,26.911468505859375,355600,0.0,0.0,0.0
1994-09-21 00:00:00-04:00,26.993432369329,26.993432369329,26.65646981950944,26.911468505859375,397500,0.0,0.0,0.0
1994-09-22 00:00:00-04:00,26.975199373315114,26.975199373315114,26.82037885024072,26.847700119018555,266400,0.0,0.0,0.0
1994-09-23 00:00:00-04:00,26.85682516247338,26.911467736557764,26.711111631581698,26.75664710998535,176600,0.0,0.0,0.0
1994-09-26 00:00:00-04:00,26.85681542016432,26.911457974427115,26.80217286590152,26.89324378967285,223000,0.0,0.0,0.0
1994-09-27 00:00:00-04:00,26.893240885668305,26.9660976168181,26.811277063124788,26.87502670288086,479500,0.0,0.0,0.0
1994-09-28 00:00:00-04:00,27.020755405464506,27.120933467298045,27.002541212403862,27.084505081176758,324000,0.0,0.0,0.0
1994-09-29 00:00:00-04:00,27.084514898962166,27.084514898962166,26.86594450300551,26.947908401489258,195900,0.0,0.0,0.0
1994-09-30 00:00:00-04:00,26.938789793682584,27.066289136857552,26.911468505859375,26.911468505859375,5200,0.0,0.0,0.0
1994-10-03 00:00:00-04:00,26.929663925352056,26.956985194129892,26.802164671055497,26.847700119018555,72600,0.0,0.0,0.0
1994-10-04 00:00:00-04:00,26.984309309441855,26.984309309441855,26.428776785690268,26.446990966796875,84200,0.0,0.0,0.0
1994-10-05 00:00:00-04:00,26.40145220534937,26.45609474182129,26.228417506521623,26.45609474182129,461900,0.0,0.0,0.0
1994-10-06 00:00:00-04:00,26.474327375875653,26.492541567396724,26.328613843707092,26.374149322509766,345200,0.0,0.0,0.0
1994-10-07 00:00:00-04:00,26.374129131759062,26.56537799631947,26.346807865393288,26.492521286010742,188700,0.0,0.0,0.0
1994-10-10 00:00:00-04:00,26.610919395758184,26.82038248477339,26.601812304931435,26.77484703063965,213600,0.0,0.0,0.0
1994-10-11 00:00:00-04:00,26.893240171846696,27.248416726774572,26.893240171846696,27.175559997558594,461400,0.0,0.0,0.0
1994-10-12 00:00:00-04:00,27.211997985839844,27.24842636333093,27.148248325230448,27.211997985839844,162400,0.0,0.0,0.0
1994-10-13 00:00:00-04:00,27.521630729334287,27.585380370335393,27.275739256901453,27.30306053161621,1564500,0.0,0.0,0.0
1994-10-14 00:00:00-04:00,27.39413601138274,27.430564383738304,27.21199414960493,27.421457290649414,72800,0.0,0.0,0.0
1994-10-17 00:00:00-04:00,27.3941406656224,27.430569044167108,27.339498097805333,27.366819381713867,282300,0.0,0.0,0.0
1994-10-18 00:00:00-04:00,27.33948889790256,27.33948889790256,27.211989615900347,27.30306053161621,132100,0.0,0.0,0.0
1994-10-19 00:00:00-04:00,27.20287998295717,27.530735248905096,27.193772892236396,27.430557250976562,136700,0.0,0.0,0.0
1994-10-20 00:00:00-04:00,27.43056064493516,27.43056064493516,27.166454981355106,27.2484188079834,290300,0.0,0.0,0.0
1994-10-21 00:00:00-04:00,27.175561820420643,27.211990187472143,27.020741260451757,27.13913345336914,87800,0.0,0.0,0.0
1994-10-24 00:00:00-04:00,27.148253000327173,27.257538151620004,26.902361409918306,26.911468505859375,149600,0.0,0.0,0.0
1994-10-25 00:00:00-04:00,26.820387627483623,26.993422386370614,26.811280534910622,26.938779830932617,91800,0.0,0.0,0.0
1994-10-26 00:00:00-04:00,27.03896141052246,27.06628269183993,26.911462097707606,27.03896141052246,201000,0.0,0.0,0.0
1994-10-27 00:00:00-04:00,27.139142639548396,27.202892303466797,27.075392975629992,27.202892303466797,210300,0.0,0.0,0.0
1994-10-28 00:00:00-04:00,27.257539263240627,27.803965041989187,27.257539263240627,27.776643753051758,192100,0.0,0.0,0.0
1994-10-31 00:00:00-05:00,27.71287909492375,27.74020036908897,27.667343637981713,27.676450729370117,36300,0.0,0.0,0.0
1994-11-01 00:00:00-05:00,27.558068369073595,27.558068369073595,27.357712287077685,27.366819381713867,435200,0.0,0.0,0.0
1994-11-02 00:00:00-05:00,27.284854740822013,27.53074628888683,27.211997985839844,27.211997985839844,115600,0.0,0.0,0.0
1994-11-03 00:00:00-05:00,27.303069225163973,27.40324726434903,27.2666408472785,27.357711791992188,87000,0.0,0.0,0.0
1994-11-04 00:00:00-05:00,27.48521863477427,27.48521863477427,27.00254249572754,27.00254249572754,124400,0.0,0.0,0.0
1994-11-07 00:00:00-05:00,27.066290888116114,27.15736185341933,26.99343411587354,27.084505081176758,115000,0.0,0.0,0.0
1994-11-08 00:00:00-05:00,27.17556834992545,27.38503151079954,27.130032880170212,27.293960571289062,308300,0.0,0.0,0.0
1994-11-09 00:00:00-05:00,27.585384305360552,27.585384305360552,27.102708383213272,27.339492797851562,318500,0.0,0.0,0.0
1994-11-10 00:00:00-05:00,27.35772145606255,27.412364042193165,27.13004401385164,27.148258209228516,172100,0.0,0.0,0.0
1994-11-11 00:00:00-05:00,27.111809098600137,27.13913037078549,26.975202737673364,27.048059463500977,302200,0.0,0.0,0.0
1994-11-14 00:00:00-05:00,27.166454158042416,27.312167623187797,27.166454158042416,27.30306053161621,181400,0.0,0.0,0.0
1994-11-15 00:00:00-05:00,27.275747646449243,27.448782439531893,27.00253481526611,27.211997985839844,316900,0.0,0.0,0.0
1994-11-16 00:00:00-05:00,27.25752507375828,27.30306053161621,27.166454158042416,27.30306053161621,106900,0.0,0.0,0.0
1994-11-17 00:00:00-05:00,27.32128004966925,27.32128004966925,27.011638875773002,27.12092399597168,104700,0.0,0.0,0.0
1994-11-18 00:00:00-05:00,27.130040563828366,27.175576046479975,26.966112826282576,27.084505081176758,269300,0.0,0.0,0.0
1994-11-21 00:00:00-05:00,27.066283653611723,27.148247500476632,26.8112850189209,26.8112850189209,283100,0.0,0.0,0.0
1994-11-22 00:00:00-05:00,26.711103816827137,26.811281840006508,26.22842788696289,26.22842788696289,483600,0.0,0.0,0.0
1994-11-23 00:00:00-05:00,26.246649981862276,26.383256418270303,26.00075839632783,26.374149322509766,601600,0.0,0.0,0.0
1994-11-25 00:00:00-05:00,26.392364702519682,26.538078241249952,26.392364702519682,26.501649856567383,77300,0.0,0.0,0.0
1994-11-28 00:00:00-05:00,26.492530163697417,26.629136541303282,26.42878052081468,26.62002944946289,79900,0.0,0.0,0.0
1994-11-29 00:00:00-05:00,26.610923767089844,26.665566321026372,26.519852843862292,26.610923767089844,105500,0.0,0.0,0.0
1994-11-30 00:00:00-05:00,26.747522390076686,26.783950748796574,26.574487686157227,26.574487686157227,218800,0.0,0.0,0.0
1994-12-01 00:00:00-05:00,26.60181936354487,26.60181936354487,26.25574982030122,26.310392379760742,439000,0.0,0.0,0.0
1994-12-02 00:00:00-05:00,26.255744215882853,26.556278228759762,26.255744215882853,26.556278228759766,318500,0.0,0.0,0.0
1994-12-05 00:00:00-05:00,26.61093372921292,26.70200468653398,26.519862771891862,26.5836124420166,139200,0.0,0.0,0.0
1994-12-06 00:00:00-05:00,26.483418282806284,26.610917545515804,26.437882831838596,26.601810455322266,249900,0.0,0.0,0.0
1994-12-07 00:00:00-05:00,26.43788569614805,26.519849516769938,26.383243149066793,26.410564422607422,531900,0.0,0.0,0.0
1994-12-08 00:00:00-05:00,26.519874041459023,26.556302439867622,26.08273326055585,26.155590057373047,261500,0.0,0.0,0.0
1994-12-09 00:00:00-05:00,26.155574527334267,26.273966751866073,26.046289396997217,26.255752563476562,235900,0.0,0.0,0.0
1994-12-12 00:00:00-05:00,26.201109877625143,26.428787231445312,26.201109877625143,26.428787231445312,151100,0.0,0.0,0.0
1994-12-13 00:00:00-05:00,26.410561380540223,26.538060642377314,26.410561380540223,26.528953552246094,70900,0.0,0.0,0.0
1994-12-14 00:00:00-05:00,26.492525057063077,26.783951939780856,26.492525057063077,26.665559768676758,203300,0.0,0.0,0.0
1994-12-15 00:00:00-05:00,26.701988809888853,26.829488074328978,26.701988809888853,26.74752426147461,130100,0.0,0.0,0.0
1994-12-16 00:00:00-05:00,26.832279115426736,26.9332558756969,26.80473999898942,26.878177642822266,266100,0.363,0.0,0.0
1994-12-19 00:00:00-05:00,26.878186713787247,26.93326496524993,26.795569336593232,26.914905548095703,1120200,0.0,0.0,0.0
1994-12-20 00:00:00-05:00,26.942454823230662,26.960814247301006,26.832298278808594,26.832298278808594,675600,0.0,0.0,0.0
1994-12-21 00:00:00-05:00,26.850644107113517,27.181113573047224,26.850644107113517,27.11685562133789,544500,0.0,0.0,0.0
1994-12-22 00:00:00-05:00,27.116848530793636,27.14438764575382,27.006692070952905,27.034231185913086,222000,0.0,0.0,0.0
1994-12-23 00:00:00-05:00,27.01587857837755,27.12603506595503,27.01587857837755,27.061777114868164,125800,0.0,0.0,0.0
1994-12-27 00:00:00-05:00,27.15356473498016,27.26372118420929,27.135205326775306,27.208642959594727,95200,0.0,0.0,0.0
1994-12-28 00:00:00-05:00,27.236191917411674,27.236191917411674,27.006699231892533,27.07095718383789,358200,0.0,0.0,0.0
1994-12-29 00:00:00-05:00,27.17193660393524,27.17193660393524,27.06178010418956,27.089319229125977,220100,0.0,0.0,0.0
1994-12-30 00:00:00-05:00,27.144396283499006,27.171935407222545,26.768028259277344,26.768028259277344,2209500,0.0,0.0,0.0
1995-01-03 00:00:00-05:00,26.850639252125607,26.933256603670607,26.841459546398383,26.89653778076172,324300,0.0,0.0,0.0
1995-01-04 00:00:00-05:00,27.01587713218254,27.025056838989258,26.878181530081708,27.025056838989258,351800,0.0,0.0,0.0
1995-01-05 00:00:00-05:00,27.043416252602704,27.08931478663631,26.997517718569092,27.025056838989258,89800,0.0,0.0,0.0
1995-01-06 00:00:00-05:00,27.080139986005204,27.171937070703525,26.969983484367216,27.052600860595703,448400,0.0,0.0,0.0
1995-01-09 00:00:00-05:00,27.043414613109526,27.080133438110355,27.025055200609113,27.08013343811035,36800,0.0,0.0,0.0
1995-01-10 00:00:00-05:00,27.144394381426572,27.25455086860179,27.107675552368164,27.107675552368164,229800,0.0,0.0,0.0
1995-01-11 00:00:00-05:00,27.199465700333494,27.199465700333494,26.914894847579415,27.126028060913086,222400,0.0,0.0,0.0
1995-01-12 00:00:00-05:00,27.09851026212411,27.153588535014602,27.04343198923361,27.135229110717773,40300,0.0,0.0,0.0
1995-01-13 00:00:00-05:00,27.282088486018765,27.456502914428707,27.24536965898509,27.45650291442871,170600,0.0,0.0,0.0
1995-01-16 00:00:00-05:00,27.44732400039059,27.630918140861432,27.44732400039059,27.62173843383789,105100,0.0,0.0,0.0
1995-01-17 00:00:00-05:00,27.56668148484341,27.64929891187091,27.52996262838674,27.630939483642578,89500,0.0,0.0,0.0
1995-01-18 00:00:00-05:00,27.612565634612988,27.658464181213077,27.53912796005285,27.60338592529297,84500,0.0,0.0,0.0
1995-01-19 00:00:00-05:00,27.511573144663934,27.539112256920856,27.42895580789317,27.447315216064453,139100,0.0,0.0,0.0
1995-01-20 00:00:00-05:00,27.410611494870427,27.419791204011375,27.291275276038103,27.34635353088379,78700,0.0,0.0,0.0
1995-01-23 00:00:00-05:00,27.162751222071716,27.428962707519528,27.14439180928221,27.42896270751953,53700,0.0,0.0,0.0
1995-01-24 00:00:00-05:00,27.419788257323486,27.465686798095703,27.401428841014596,27.465686798095703,32400,0.0,0.0,0.0
1995-01-25 00:00:00-05:00,27.3279864692688,27.640096492767338,27.3279864692688,27.539119720458984,15700,0.0,0.0,0.0
1995-01-26 00:00:00-05:00,27.52077472190082,27.603392124334814,27.465696453611496,27.566673278808594,9800,0.0,0.0,0.0
1995-01-27 00:00:00-05:00,27.75026415924528,27.75026415924528,27.56666995375904,27.67682647705078,91200,0.0,0.0,0.0
1995-01-30 00:00:00-05:00,27.6217339825106,27.64009339359901,27.520757221524356,27.557476043701172,26600,0.0,0.0,0.0
1995-01-31 00:00:00-05:00,27.612554822287656,27.713531585268097,27.566656293660184,27.667633056640625,127500,0.0,0.0,0.0
1995-02-01 00:00:00-05:00,27.70435533672324,27.805332112304406,27.612558268013093,27.658456802368164,380200,0.0,0.0,0.0
1995-02-02 00:00:00-05:00,27.64927978163228,27.823694229125977,27.64927978163228,27.823694229125977,131700,0.0,0.0,0.0
1995-02-03 00:00:00-05:00,27.998091915480565,28.264303281234316,27.952193404143713,28.21840476989746,405100,0.0,0.0,0.0
1995-02-06 00:00:00-05:00,28.209233610538124,28.42036682662741,28.181694495396044,28.337749481201172,405400,0.0,0.0,0.0
1995-02-07 00:00:00-05:00,28.383643738701288,28.383643738701288,28.282666998363087,28.37446403503418,702900,0.0,0.0,0.0
1995-02-08 00:00:00-05:00,28.337745220365743,28.47544077537238,28.319385813031523,28.37446403503418,521500,0.0,0.0,0.0
1995-02-09 00:00:00-05:00,28.328565516698635,28.37446403503418,28.27348729469598,28.37446403503418,390700,0.0,0.0,0.0
1995-02-10 00:00:00-05:00,28.33775238505473,28.411190032958984,28.255135031162443,28.411190032958984,148300,0.0,0.0,0.0
1995-02-13 00:00:00-05:00,28.39284813311673,28.475465537965757,28.39284813311673,28.420387268066406,79700,0.0,0.0,0.0
1995-02-14 00:00:00-05:00,28.512170528288813,28.512170528288813,28.34693579889113,28.45709228515625,170200,0.0,0.0,0.0
1995-02-15 00:00:00-05:00,28.457077535483027,28.649851286529845,28.42953842819062,28.61313247680664,431500,0.0,0.0,0.0
1995-02-16 00:00:00-05:00,28.57641220092773,28.6039513068072,28.49379488328933,28.576412200927734,99300,0.0,0.0,0.0
1995-02-17 00:00:00-05:00,28.548889719874808,28.56724913448566,28.45709264682055,28.466272354125977,49100,0.0,0.0,0.0
1995-02-21 00:00:00-05:00,28.46627199234501,28.512170528288813,28.44791257796749,28.45709228515625,168000,0.0,0.0,0.0
1995-02-22 00:00:00-05:00,28.484632093861357,28.66822624206543,28.46627267904095,28.66822624206543,386400,0.0,0.0,0.0
1995-02-23 00:00:00-05:00,28.778376896363085,28.879353657402955,28.704939251970455,28.71411895751953,402800,0.0,0.0,0.0
1995-02-24 00:00:00-05:00,28.750844493204234,28.796743031667205,28.677406831663482,28.78756332397461,307600,0.0,0.0,0.0
1995-02-27 00:00:00-05:00,28.704950296468805,28.78756767819833,28.512176405766585,28.558074951171875,280900,0.0,0.0,0.0
1995-02-28 00:00:00-05:00,28.530526197370847,28.79673767089844,28.530526197370847,28.796737670898438,493500,0.0,0.0,0.0
1995-03-01 00:00:00-05:00,28.769187418130258,28.805906227853463,28.58559336951424,28.61313247680664,242600,0.0,0.0,0.0
1995-03-02 00:00:00-05:00,28.603967568233433,28.649866104125977,28.521350203626852,28.649866104125977,488600,0.0,0.0,0.0
1995-03-03 00:00:00-05:00,28.558065591600748,28.659042358398438,28.484627943020612,28.659042358398438,290000,0.0,0.0,0.0
1995-03-06 00:00:00-05:00,28.46626925132644,28.67740249633789,28.429550426107056,28.67740249633789,85700,0.0,0.0,0.0
1995-03-07 00:00:00-05:00,28.576428478610133,28.640686428931453,28.32857638451361,28.45709228515625,180900,0.0,0.0,0.0
1995-03-08 00:00:00-05:00,28.503007051107044,28.567265038017755,28.402030214533074,28.530546188354492,155900,0.0,0.0,0.0
1995-03-09 00:00:00-05:00,28.5213680267334,28.54890716547823,28.44793032341384,28.5213680267334,63500,0.0,0.0,0.0
1995-03-10 00:00:00-05:00,28.548883812562877,29.017048788267285,28.512164990939002,28.94361114501953,192100,0.0,0.0,0.0
1995-03-13 00:00:00-05:00,28.92525445907835,29.017051521785675,28.888535633995417,28.916074752807617,261300,0.0,0.0,0.0
1995-03-14 00:00:00-05:00,28.998694717714997,29.163929445451267,28.998694717714997,29.12721061706543,223300,0.0,0.0,0.0
1995-03-15 00:00:00-05:00,29.081300369903495,29.12719888690145,28.961964225708815,29.072120666503906,278500,0.0,0.0,0.0
1995-03-16 00:00:00-05:00,29.044582771641313,29.264895662450222,29.044582771641313,29.246536254882812,20400,0.0,0.0,0.0
1995-03-17 00:00:00-05:00,29.201799621197193,29.312552337838902,29.18334083509024,29.275634765625,89900,0.268,0.0,0.0
1995-03-20 00:00:00-05:00,29.312552337838902,29.312552337838902,29.220258407304144,29.275634765625,91700,0.0,0.0,0.0
1995-03-21 00:00:00-05:00,29.27564600957781,29.460233941542363,29.155663853800853,29.201810836791992,104400,0.0,0.0,0.0
1995-03-22 00:00:00-05:00,29.257165097572994,29.257165097572994,29.13718303250408,29.229476928710938,74900,0.0,0.0,0.0
1995-03-23 00:00:00-05:00,29.192575139930174,29.33101605902564,29.155657561504718,29.24795150756836,220500,0.0,0.0,0.0
1995-03-24 00:00:00-05:00,29.34024406176735,29.663272857666016,29.34024406176735,29.663272857666016,134000,0.0,0.0,0.0
1995-03-27 00:00:00-05:00,29.709430886674376,29.78326606750488,29.635595705843873,29.783266067504883,132100,0.0,0.0,0.0
1995-03-28 00:00:00-05:00,29.709430886674376,29.78326606750488,29.672513296259122,29.783266067504883,121900,0.0,0.0,0.0
1995-03-29 00:00:00-05:00,29.755566175428886,30.060136176604182,29.60789587182874,29.774024963378906,246100,0.0,0.0,0.0
1995-03-30 00:00:00-05:00,29.838629118404032,29.838629118404032,29.598664887943624,29.718647003173828,298400,0.0,0.0,0.0
1995-03-31 00:00:00-05:00,29.48791061415641,29.635580902052027,29.26640518231298,29.598663330078125,541300,0.0,0.0,0.0
1995-04-03 00:00:00-04:00,29.589453185513086,29.67251777648926,29.57099438751838,29.672517776489258,193300,0.0,0.0,0.0
1995-04-04 00:00:00-04:00,29.681729876656174,29.866317749023438,29.681729876656174,29.866317749023438,66900,0.0,0.0,0.0
1995-04-05 00:00:00-04:00,29.801711993694894,29.894005929878528,29.78325320645817,29.866317749023438,107200,0.0,0.0,0.0
1995-04-06 00:00:00-04:00,29.94013513602647,30.00474085302776,29.88475880716822,29.977052688598633,352500,0.0,0.0,0.0
1995-04-07 00:00:00-04:00,30.041686285809483,30.041686285809483,29.810951368099733,29.949392318725586,361400,0.0,0.0,0.0
1995-04-10 00:00:00-04:00,29.903246909792482,30.004770278930668,29.884788115403722,30.004770278930664,285400,0.0,0.0,0.0
1995-04-11 00:00:00-04:00,30.078596792692018,30.08782618722798,29.88477950743687,29.90323829650879,250300,0.0,0.0,0.0
1995-04-12 00:00:00-04:00,29.949393895764384,30.004770278930668,29.8940175125981,30.004770278930664,150900,0.0,0.0,0.0
1995-04-13 00:00:00-04:00,30.060139973763846,30.180122110594958,30.041681183482137,30.1708927154541,243400,0.0,0.0,0.0
1995-04-17 00:00:00-04:00,30.28164037616436,30.309328556941104,29.90323523888221,29.995529174804688,178900,0.0,0.0,0.0
1995-04-18 00:00:00-04:00,30.023218243237665,30.023218243237665,29.82017157820501,29.894006729125977,329500,0.0,0.0,0.0
1995-04-19 00:00:00-04:00,29.894005929878528,29.95861168520707,29.709418057511265,29.866317749023438,223000,0.0,0.0,0.0
1995-04-20 00:00:00-04:00,29.949366437987905,29.995513381651985,29.79246682953003,29.91244888305664,207900,0.0,0.0,0.0
1995-04-21 00:00:00-04:00,29.921703476828228,30.069373820945824,29.921703476828228,30.060144424438477,145000,0.0,0.0,0.0
1995-04-24 00:00:00-04:00,30.041674797741166,30.410850524902347,30.041674797741166,30.410850524902344,169000,0.0,0.0,0.0
1995-04-25 00:00:00-04:00,30.364710702739398,30.410857679491283,30.30933433063714,30.32779312133789,293200,0.0,0.0,0.0
1995-04-26 00:00:00-04:00,30.272417541114198,30.373940892624034,30.198582376379775,30.35548210144043,204400,0.0,0.0,0.0
1995-04-27 00:00:00-04:00,30.309344829990895,30.4477858082034,30.290886032895894,30.4293270111084,502200,0.0,0.0,0.0
1995-04-28 00:00:00-04:00,30.42008178267314,30.521605113865316,30.226264514033538,30.4754581451416,130800,0.0,0.0,0.0
1995-05-01 00:00:00-04:00,30.447759919640074,30.512365654540794,30.392383575439453,30.392383575439453,518700,0.0,0.0,0.0
1995-05-02 00:00:00-04:00,30.420077440666432,30.50314197251291,30.355471693674726,30.456995010375977,228400,0.0,0.0,0.0
1995-05-03 00:00:00-04:00,30.558522958635784,30.88155174255371,30.558522958635784,30.88155174255371,724700,0.0,0.0,0.0
1995-05-04 00:00:00-04:00,30.918468784487416,31.121515445161663,30.78925727314926,30.86309242248535,311400,0.0,0.0,0.0
1995-05-05 00:00:00-04:00,30.99230094498503,30.99230094498503,30.761566125561377,30.826171875,314900,0.0,0.0,0.0
1995-05-08 00:00:00-04:00,30.79848438324174,31.14920131658402,30.770796204293664,31.047677993774414,183100,0.0,0.0,0.0
1995-05-09 00:00:00-04:00,31.17688869032538,31.213806261302675,30.97384204995026,31.019989013671875,180600,0.0,0.0,0.0
1995-05-10 00:00:00-04:00,31.103046978387933,31.112276369182705,30.90922977169768,31.056900024414062,330300,0.0,0.0,0.0
1995-05-11 00:00:00-04:00,31.10304939866985,31.139966964721683,31.001526092027305,31.13996696472168,351700,0.0,0.0,0.0
1995-05-12 00:00:00-04:00,31.019987308583556,31.232263330034737,31.010757916346545,31.158428192138672,94600,0.0,0.0,0.0
1995-05-15 00:00:00-04:00,31.241493191359176,31.30609893798828,31.176887444730074,31.30609893798828,147200,0.0,0.0,0.0
1995-05-16 00:00:00-04:00,31.296873891782116,31.39839722201202,31.241497529838533,31.324562072753906,221600,0.0,0.0,0.0
1995-05-17 00:00:00-04:00,31.32456434058635,31.333793734911804,31.176894031379106,31.20458221435547,189200,0.0,0.0,0.0
1995-05-18 00:00:00-04:00,31.149183000837056,31.167641775948663,30.7523193359375,30.7523193359375,577800,0.0,0.0,0.0
1995-05-19 00:00:00-04:00,30.706172941971058,30.82615498232141,30.660026003374767,30.77077865600586,363900,0.0,0.0,0.0
1995-05-22 00:00:00-04:00,30.872327059958252,31.158438312232903,30.85386826948892,31.11229133605957,216000,0.0,0.0,0.0
1995-05-23 00:00:00-04:00,31.167666389267982,31.398401260375977,31.075372440824783,31.398401260375977,136800,0.0,0.0,0.0
1995-05-24 00:00:00-04:00,31.453779009650734,31.555302357393153,31.186126547420727,31.37994384765625,370800,0.0,0.0,0.0
1995-05-25 00:00:00-04:00,31.28763928610964,31.435309560026383,31.1399690121929,31.407621383666992,379900,0.0,0.0,0.0
1995-05-26 00:00:00-04:00,31.287642211324393,31.296871604307086,30.927695884999423,31.047677993774414,518600,0.0,0.0,0.0
1995-05-30 00:00:00-04:00,31.121516694775867,31.204581241114237,30.936928814023936,31.0384521484375,61500,0.0,0.0,0.0
1995-05-31 00:00:00-04:00,30.98307534053101,31.684509277343746,30.98307534053101,31.68450927734375,564500,0.0,0.0,0.0
1995-06-01 00:00:00-04:00,31.54606788180699,31.8414084822218,31.453773944177364,31.601444244384766,810100,0.0,0.0,0.0
1995-06-02 00:00:00-04:00,31.472205058248946,31.85060986979974,31.361452430477982,31.629104614257812,112900,0.0,0.0,0.0
1995-06-05 00:00:00-04:00,31.629136881529593,31.924477523551463,31.601448696340043,31.822954177856445,257200,0.0,0.0,0.0
1995-06-06 00:00:00-04:00,31.795277764532607,31.906030546295856,31.767589569091797,31.767589569091797,165800,0.0,0.0,0.0
1995-06-07 00:00:00-04:00,31.70296757577736,31.721426363303284,31.564526669332917,31.601444244384766,41900,0.0,0.0,0.0
1995-06-08 00:00:00-04:00,31.592206982315567,31.684500896958614,31.527601242065433,31.52760124206543,141100,0.0,0.0,0.0
1995-06-09 00:00:00-04:00,31.462995853805992,31.499913420076226,31.15842593207657,31.343013763427734,304900,0.0,0.0,0.0
1995-06-12 00:00:00-04:00,31.444526936543635,31.64757348559088,31.426068159357524,31.518362045288086,378500,0.0,0.0,0.0
1995-06-13 00:00:00-04:00,31.666044140746116,31.87832015801139,31.63835596458108,31.859861373901367,120000,0.0,0.0,0.0
1995-06-14 00:00:00-04:00,31.813702172699372,31.86907850372235,31.71217889915725,31.83216094970703,389400,0.0,0.0,0.0
1995-06-15 00:00:00-04:00,31.87833287369021,32.03523260120982,31.822956499271523,31.970626831054688,274500,0.0,0.0,0.0
1995-06-16 00:00:00-04:00,31.907707795285045,32.065528869628906,31.907707795285045,32.065528869628906,325100,0.316,0.0,0.0
1995-06-19 00:00:00-04:00,32.15835387816649,32.446145151325595,32.139786699252994,32.42757797241211,134600,0.0,0.0,0.0
1995-06-20 00:00:00-04:00,32.33476013704775,32.44616327274817,32.31619294776435,32.34404373168945,287800,0.0,0.0,0.0
1995-06-21 00:00:00-04:00,32.446179650146206,32.47403044812916,32.32549285888672,32.32549285888672,158200,0.0,0.0,0.0
1995-06-22 00:00:00-04:00,32.46472630316979,32.77108488710019,32.46472630316979,32.75251770019531,297000,0.0,0.0,0.0
1995-06-23 00:00:00-04:00,32.67825073831564,32.696817926235134,32.585414798718155,32.68753433227539,315400,0.0,0.0,0.0
1995-06-26 00:00:00-04:00,32.59469768088863,32.65039924343073,32.29762268066406,32.29762268066406,132900,0.0,0.0,0.0
1995-06-27 00:00:00-04:00,32.288340878376765,32.50186354663515,32.21407212419994,32.23263931274414,127700,0.0,0.0,0.0
1995-06-28 00:00:00-04:00,32.23262984923442,32.52970477872045,32.1305103422236,32.39973449707031,212600,0.0,0.0,0.0
1995-06-29 00:00:00-04:00,32.39974529953967,32.483297651314984,32.121237460288604,32.34404373168945,89200,0.0,0.0,0.0
1995-06-30 00:00:00-04:00,32.4090452528356,32.520448444767425,32.26050766359315,32.32549285888672,714100,0.0,0.0,0.0
1995-07-03 00:00:00-04:00,32.362618435708235,32.446170806884766,32.362618435708235,32.446170806884766,9500,0.0,0.0,0.0
1995-07-05 00:00:00-04:00,32.53899416059018,32.71538243136085,32.464725415002526,32.56684494018555,409300,0.0,0.0,0.0
1995-07-06 00:00:00-04:00,32.57613711755712,32.984615325927734,32.511151948043604,32.984615325927734,202500,0.0,0.0,0.0
1995-07-07 00:00:00-04:00,32.919636893920384,33.14244323499599,32.90106969883075,33.13315963745117,481700,0.0,0.0,0.0
1995-07-10 00:00:00-04:00,33.161001734758955,33.24455409075359,33.09601656898535,33.15171813964844,400400,0.0,0.0,0.0
1995-07-11 00:00:00-04:00,33.12385532462872,33.15170609984562,32.94746708158838,32.9938850402832,420500,0.0,0.0,0.0
1995-07-12 00:00:00-04:00,33.058873707218396,33.45806819455633,32.99388855811687,33.402366638183594,203400,0.0,0.0,0.0
1995-07-13 00:00:00-04:00,33.35595289352545,33.43022164474955,33.29096773620435,33.328102111816406,215600,0.0,0.0,0.0
1995-07-14 00:00:00-04:00,33.15172110143597,33.328109424294354,33.12387031361622,33.30025863647461,543700,0.0,0.0,0.0
1995-07-17 00:00:00-04:00,33.346666057386784,33.523054324394124,33.31881527838563,33.48591995239258,171500,0.0,0.0,0.0
1995-07-18 00:00:00-04:00,33.43022140720547,33.43022140720547,33.170280779768156,33.1981315612793,221200,0.0,0.0,0.0
1995-07-19 00:00:00-04:00,33.068160857593476,33.10529523250374,32.20478664092975,32.8360710144043,486600,0.0,0.0,0.0
1995-07-20 00:00:00-04:00,32.87320805616781,33.02174556785906,32.69681976103447,32.95676040649414,318900,0.0,0.0,0.0
1995-07-21 00:00:00-04:00,32.92891555416066,33.04960230414772,32.789661611867906,32.91963195800781,94000,0.0,0.0,0.0
1995-07-24 00:00:00-04:00,32.966040022829745,33.19812985684009,32.966040022829745,33.16099548339844,108400,0.0,0.0,0.0
1995-07-25 00:00:00-04:00,33.1981289697442,33.45806957688985,33.09600944550841,33.411651611328125,107400,0.0,0.0,0.0
1995-07-26 00:00:00-04:00,33.39308791537174,33.55090901477716,33.37452072720639,33.38380432128906,167800,0.0,0.0,0.0
1995-07-27 00:00:00-04:00,33.54162103197421,33.69015851786172,33.54162103197421,33.66230773925781,187700,0.0,0.0,0.0
1995-07-28 00:00:00-04:00,33.69016112243669,33.69016112243669,33.42093690845194,33.448787689208984,415600,0.0,0.0,0.0
1995-07-31 00:00:00-04:00,33.47663749478297,33.504488274728715,33.29096562847802,33.365234375,342500,0.0,0.0,0.0
1995-08-01 00:00:00-04:00,33.41165551639587,33.41165551639587,33.12386409627687,33.30953598022461,141000,0.0,0.0,0.0
1995-08-02 00:00:00-04:00,33.504488028627534,33.745861453051006,33.179562264980554,33.23526382446289,240400,0.0,0.0,0.0
1995-08-03 00:00:00-04:00,33.00318777910921,33.24456130435727,32.94748619635966,33.22599411010742,1193600,0.0,0.0,0.0
1995-08-04 00:00:00-04:00,33.29096189132124,33.318812668140524,33.22597674540957,33.26311111450195,240500,0.0,0.0,0.0
1995-08-07 00:00:00-04:00,33.337371826171875,33.439491316589,33.318804646096034,33.337371826171875,193100,0.0,0.0,0.0
1995-08-08 00:00:00-04:00,33.355939006247716,33.45805849666484,33.23525233575475,33.337371826171875,951900,0.0,0.0,0.0
1995-08-09 00:00:00-04:00,33.44878883255557,33.44878883255557,33.300251330107365,33.328102111816406,107100,0.0,0.0,0.0
1995-08-10 00:00:00-04:00,33.36523689896218,33.43950565110233,33.11457986048917,33.25383377075195,280800,0.0,0.0,0.0
1995-08-11 00:00:00-04:00,33.22598593774503,33.263120317111046,32.92891090281688,33.06816482543945,257200,0.0,0.0,0.0
1995-08-14 00:00:00-04:00,33.151711728749305,33.365234375,33.077442982227325,33.365234375,254800,0.0,0.0,0.0
1995-08-15 00:00:00-04:00,33.3559602121141,33.3559602121141,33.068168737976734,33.30025863647461,44400,0.0,0.0,0.0
1995-08-16 00:00:00-04:00,33.27242157092716,33.39310836791992,33.23528717185246,33.39310836791992,374900,0.0,0.0,0.0
1995-08-17 00:00:00-04:00,33.41164054647523,33.41164054647523,33.21668515567891,33.337371826171875,353800,0.0,0.0,0.0
1995-08-18 00:00:00-04:00,33.504489659931465,33.51377325363053,33.34666856704733,33.37451934814453,85400,0.0,0.0,0.0
1995-08-21 00:00:00-04:00,33.5137824107746,33.65303635430968,33.27240890864714,33.28169250488281,266700,0.0,0.0,0.0
1995-08-22 00:00:00-04:00,33.328112493910076,33.402381268269764,33.16100775160078,33.3466796875,220200,0.0,0.0,0.0
1995-08-23 00:00:00-04:00,33.37453166410622,33.393098858356076,33.22599411010742,33.22599411010742,176500,0.0,0.0,0.0
1995-08-24 00:00:00-04:00,33.23526033768267,33.32809626041362,33.12385723040552,33.26311111450195,167400,0.0,0.0,0.0
1995-08-25 00:00:00-04:00,33.31881737900945,33.504489250723076,33.31881737900945,33.448787689208984,195000,0.0,0.0,0.0
1995-08-28 00:00:00-04:00,33.5416247715857,33.5416247715857,33.27240054839833,33.328102111816406,293000,0.0,0.0,0.0
1995-08-29 00:00:00-04:00,33.3652336457664,33.42093520444047,33.13314381795779,33.411651611328125,1133100,0.0,0.0,0.0
1995-08-30 00:00:00-04:00,33.43950198739065,33.523054324394124,33.4023676153891,33.48591995239258,437400,0.0,0.0,0.0
1995-08-31 00:00:00-04:00,33.4766481161778,33.56948407878506,33.44879732739562,33.5137825012207,491900,0.0,0.0,0.0
1995-09-01 00:00:00-04:00,33.50448666050233,33.71800929646563,33.47663588189842,33.66230773925781,629900,0.0,0.0,0.0
1995-09-05 00:00:00-04:00,33.76443977877091,33.996529686516105,33.70873820091206,33.977962493896484,272200,0.0,0.0,0.0
1995-09-06 00:00:00-04:00,34.00580766801129,34.08007642622699,33.99652407323433,34.04294204711914,214500,0.0,0.0,0.0
1995-09-07 00:00:00-04:00,34.08007918446484,34.09864637552148,34.0150940157666,34.0615119934082,258800,0.0,0.0,0.0
1995-09-08 00:00:00-04:00,34.19147872924805,34.19147872924805,33.96867246003763,34.19147872924805,107300,0.0,0.0,0.0
1995-09-11 00:00:00-04:00,34.247171204166946,34.3492907171097,34.247171204166946,34.284305572509766,260700,0.0,0.0,0.0
1995-09-12 00:00:00-04:00,34.29360874309695,34.44214630126953,34.21005636662486,34.44214630126953,139500,0.0,0.0,0.0
1995-09-13 00:00:00-04:00,34.40501240862577,34.6463859441423,34.395728811105904,34.59996795654297,239800,0.0,0.0,0.0
1995-09-14 00:00:00-04:00,34.72065571361766,34.94346206044301,34.62781973577376,34.915611267089844,457600,0.0,0.0,0.0
1995-09-15 00:00:00-04:00,34.88730523216533,34.98996985430386,34.76597431509253,34.90597152709961,431200,0.312,0.0,0.0
1995-09-18 00:00:00-04:00,34.78463603320201,34.80330232568026,34.607306254658724,34.77530288696289,307500,0.0,0.0,0.0
1995-09-19 00:00:00-04:00,34.84064134165772,34.96197226516202,34.71931041815342,34.94330596923828,549600,0.0,0.0,0.0
1995-09-20 00:00:00-04:00,34.99928844032105,35.11128616333008,34.97128900956879,35.11128616333008,290800,0.0,0.0,0.0
1995-09-21 00:00:00-04:00,35.0646106706679,35.09261009361494,34.68195189039179,34.82194900512695,508500,0.0,0.0,0.0
1995-09-22 00:00:00-04:00,34.5419788851232,34.86863904750615,34.51397944263323,34.83130645751953,449900,0.0,0.0,0.0
1995-09-25 00:00:00-04:00,34.868634349354096,34.868634349354096,34.65397198585433,34.77530288696289,130000,0.0,0.0,0.0
1995-09-26 00:00:00-04:00,34.8779660730554,34.96196438578151,34.68197001002779,34.765968322753906,466600,0.0,0.0,0.0
1995-09-27 00:00:00-04:00,34.61664895432281,34.75664618654574,34.40198653158099,34.737979888916016,654400,0.0,0.0,0.0
1995-09-28 00:00:00-04:00,34.765992177327476,34.99932098388672,34.73799272054036,34.99932098388672,456200,0.0,0.0,0.0
1995-09-29 00:00:00-04:00,34.9713001765894,35.18596254756926,34.88730185751032,34.93396759033203,606600,0.0,0.0,0.0
1995-10-02 00:00:00-04:00,34.933967356779135,35.01796567529664,34.67263925472468,34.75663757324219,293100,0.0,0.0,0.0
1995-10-03 00:00:00-04:00,34.75663561677728,34.84996707654306,34.616638427128606,34.793968200683594,839700,0.0,0.0,0.0
1995-10-04 00:00:00-04:00,34.812636452253855,34.812636452253855,34.709971840732464,34.75663757324219,248800,0.0,0.0,0.0
1995-10-05 00:00:00-04:00,34.79396287951285,34.85929489135742,34.700631434020586,34.85929489135742,268800,0.0,0.0,0.0
1995-10-06 00:00:00-04:00,34.87798832035626,34.98998614209677,34.87798832035626,34.88732147216797,75300,0.0,0.0,0.0
1995-10-09 00:00:00-04:00,34.756632522652986,34.77529881294442,34.53263703915576,34.59796905517578,358200,0.0,0.0,0.0
1995-10-10 00:00:00-04:00,34.24331050672029,34.57930374145508,34.20597792508309,34.57930374145508,360800,0.0,0.0,0.0
1995-10-11 00:00:00-04:00,34.70063258333491,34.70063258333491,34.56996855531805,34.69129943847656,228100,0.0,0.0,0.0
1995-10-12 00:00:00-04:00,34.719308577756834,34.92463782203389,34.719308577756834,34.90597152709961,199800,0.0,0.0,0.0
1995-10-13 00:00:00-04:00,35.064632958694816,35.15796442784226,35.017967224121094,35.017967224121094,488100,0.0,0.0,0.0
1995-10-16 00:00:00-04:00,34.91531908927145,34.9806511485136,34.8499870300293,34.8499870300293,443600,0.0,0.0,0.0
1995-10-17 00:00:00-04:00,34.88730544617722,35.120634134287016,34.82197341350648,35.08330154418945,146000,0.0,0.0,0.0
1995-10-18 00:00:00-04:00,35.251271772511124,35.297937475148814,35.0739421024879,35.18593978881836,228100,0.0,0.0,0.0
1995-10-19 00:00:00-04:00,35.16729520417066,35.35395812988281,35.120629472742614,35.35395812988281,500600,0.0,0.0,0.0
1995-10-20 00:00:00-04:00,35.32594508035566,35.35394450842463,35.1392822265625,35.1392822265625,748400,0.0,0.0,0.0
1995-10-23 00:00:00-04:00,34.97129714352545,35.129960621358364,34.97129714352545,35.06462860107422,533000,0.0,0.0,0.0
1995-10-24 00:00:00-04:00,35.111288558039,35.14862113492155,35.01795711583262,35.10195541381836,172200,0.0,0.0,0.0
1995-10-25 00:00:00-04:00,35.12995661922179,35.17662234267984,34.81262969970703,34.81262969970703,302700,0.0,0.0,0.0
1995-10-26 00:00:00-04:00,34.86861062978769,34.89661004945829,34.21529083747368,34.49528503417969,606800,0.0,0.0,0.0
1995-10-27 00:00:00-04:00,34.45797688517995,34.75663757324219,34.299313394646894,34.75663757324219,905800,0.0,0.0,0.0
1995-10-30 00:00:00-05:00,34.84063558568313,34.999299074822325,34.84063558568313,34.98063278198242,488700,0.0,0.0,0.0
1995-10-31 00:00:00-05:00,35.07396829243258,35.14863347240583,34.83130645751953,34.83130645751953,508200,0.0,0.0,0.0
1995-11-01 00:00:00-05:00,34.81262556863934,35.11128616333008,34.78462613788708,35.11128616333008,415700,0.0,0.0,0.0
1995-11-02 00:00:00-05:00,35.05528328195805,35.33527755737305,35.05528328195805,35.33527755737305,326000,0.0,0.0,0.0
1995-11-03 00:00:00-05:00,35.381961822509766,35.391294969917446,35.2792972010253,35.381961822509766,615000,0.0,0.0,0.0
1995-11-06 00:00:00-05:00,35.372621678624476,35.372621678624476,35.251290786323125,35.260623931884766,311200,0.0,0.0,0.0
1995-11-07 00:00:00-05:00,35.241972158109725,35.241972158109725,35.017976572359025,35.129974365234375,358200,0.0,0.0,0.0
1995-11-08 00:00:00-05:00,35.17662349357424,35.465950988480266,35.17662349357424,35.44728469848633,357200,0.0,0.0,0.0
1995-11-09 00:00:00-05:00,35.58729030052738,35.58729030052738,35.4099605035932,35.57795715332031,503700,0.0,0.0,0.0
1995-11-10 00:00:00-05:00,35.38194305940563,35.60593847840477,35.37260991694733,35.55927276611328,795600,0.0,0.0,0.0
1995-11-13 00:00:00-05:00,35.493957956527574,35.63395516119439,35.42862592768306,35.52195739746094,818500,0.0,0.0,0.0
1995-11-14 00:00:00-05:00,35.456612766309256,35.5312779155934,35.28861618041992,35.28861618041992,341800,0.0,0.0,0.0
1995-11-15 00:00:00-05:00,35.32596822869999,35.652628436891405,35.30730193108906,35.64329528808594,584700,0.0,0.0,0.0
1995-11-16 00:00:00-05:00,35.643294498324394,35.87662321329117,35.63396134972572,35.839290618896484,577700,0.0,0.0,0.0
1995-11-17 00:00:00-05:00,35.895276001309306,35.96060801691232,35.848610275878585,35.95127487182617,267000,0.0,0.0,0.0
1995-11-20 00:00:00-05:00,36.00729509485041,36.01662824547117,35.75530002809019,35.76463317871094,448800,0.0,0.0,0.0
1995-11-21 00:00:00-05:00,35.801956263657466,36.053951263427734,35.79262311551783,36.053951263427734,119200,0.0,0.0,0.0
1995-11-22 00:00:00-05:00,36.02593861007591,36.06327118894646,35.94194030761719,35.94194030761719,351600,0.0,0.0,0.0
1995-11-24 00:00:00-05:00,35.9792870593423,36.03528594970703,35.95128761415993,36.03528594970703,62400,0.0,0.0,0.0
1995-11-27 00:00:00-05:00,36.1099410904065,36.221938839976126,36.04460906982422,36.04460906982422,273000,0.0,0.0,0.0
1995-11-28 00:00:00-05:00,36.016629414774656,36.42728805541992,35.93263105646085,36.42728805541992,479000,0.0,0.0,0.0
1995-11-29 00:00:00-05:00,36.49259904598317,36.49259904598317,36.343268717406254,36.464599609375,549200,0.0,0.0,0.0
1995-11-30 00:00:00-05:00,36.46459445884865,36.55792590102641,36.34326358401757,36.38059616088867,286200,0.0,0.0,0.0
1995-12-01 00:00:00-05:00,36.42728805541992,36.48328696096246,36.343289697106115,36.42728805541992,465200,0.0,0.0,0.0
1995-12-04 00:00:00-05:00,36.51127048686497,36.87526321411133,36.46460475260262,36.87526321411133,631700,0.0,0.0,0.0
1995-12-05 00:00:00-05:00,36.83792555485055,37.15525250414493,36.809926118148105,37.117919921875,567700,0.0,0.0,0.0
1995-12-06 00:00:00-05:00,37.21125651721791,37.351253720066744,37.03392672694274,37.20192337036133,272800,0.0,0.0,0.0
1995-12-07 00:00:00-05:00,37.155250732114006,37.20191645772581,36.97792097478917,37.00592041015625,289700,0.0,0.0,0.0
1995-12-08 00:00:00-05:00,37.164583251247336,37.17391639621249,36.89392204725784,37.12725067138672,296900,0.0,0.0,0.0
1995-12-11 00:00:00-05:00,37.201924679485224,37.36058818163055,37.127259502005074,37.28592300415039,186500,0.0,0.0,0.0
1995-12-12 00:00:00-05:00,37.11791699404935,37.24858102168745,37.11791699404935,37.17391586303711,299400,0.0,0.0,0.0
1995-12-13 00:00:00-05:00,37.220582733611145,37.453911361580126,37.220582733611145,37.40724563598633,390700,0.0,0.0,0.0
1995-12-14 00:00:00-05:00,37.44457903121637,37.50991104846924,37.04325378237731,37.1365852355957,395000,0.0,0.0,0.0
1995-12-15 00:00:00-05:00,37.18775183173354,37.18775183173354,37.01871659613476,37.15018844604492,416700,0.382,0.0,0.0
1995-12-18 00:00:00-05:00,36.82151386123343,36.82151386123343,36.42709825751707,36.43648910522461,862300,0.0,0.0,0.0
1995-12-19 00:00:00-05:00,36.45527106637524,36.8684683685186,36.40831682749531,36.82151412963867,1022600,0.0,0.0,0.0
1995-12-20 00:00:00-05:00,36.93420301698208,36.971766406778144,36.46466064453125,36.46466064453125,1349800,0.0,0.0,0.0
1995-12-21 00:00:00-05:00,36.68065362412778,36.76517125920641,36.511618353970505,36.65248107910156,857600,0.0,0.0,0.0
1995-12-22 00:00:00-05:00,36.84967909718704,36.887242480568474,36.7463797928881,36.78394317626953,332800,0.0,0.0,0.0
1995-12-26 00:00:00-05:00,36.93419166309077,36.98114588590172,36.85906490659326,36.962364196777344,432200,0.0,0.0,0.0
1995-12-27 00:00:00-05:00,37.056251624785645,37.056251624785645,36.87782567930391,36.94356155395508,151800,0.0,0.0,0.0
1995-12-28 00:00:00-05:00,36.86845773789113,37.056274639255825,36.81211266748171,36.90602111816406,256200,0.0,0.0,0.0
1995-12-29 00:00:00-05:00,36.943585381513934,36.98114876268477,36.81211354741602,36.95297622680664,339200,0.0,0.0,0.0
1996-01-02 00:00:00-05:00,36.90602329168782,37.34739303588867,36.86845990920264,37.34739303588867,514400,0.0,0.0,0.0
1996-01-03 00:00:00-05:00,37.46947673043851,37.563385193422064,37.262878111874684,37.4506950378418,610300,0.0,0.0,0.0
1996-01-04 00:00:00-05:00,37.49765178535558,37.638514489282535,36.793338265720806,37.09384536743164,1129700,0.0,0.0,0.0
1996-01-05 00:00:00-05:00,36.849687271466536,37.11263101346477,36.76516964010996,37.01872253417969,302400,0.0,0.0,0.0
1996-01-08 00:00:00-05:00,37.150177942853944,37.20652300545685,37.10322372401818,37.159568786621094,179900,0.0,0.0,0.0
1996-01-09 00:00:00-05:00,37.2722636914615,37.30043622637567,36.436478489007456,36.52099609375,415500,0.0,0.0,0.0
1996-01-10 00:00:00-05:00,36.47404355540631,36.54917031865122,35.844856913230146,36.04206466674805,787700,0.0,0.0,0.0
1996-01-11 00:00:00-05:00,36.098400863888536,36.2580451965332,35.92936568814712,36.2580451965332,513200,0.0,0.0,0.0
1996-01-12 00:00:00-05:00,36.35195178515562,36.36134262777643,35.8636279688735,36.201698303222656,390400,0.0,0.0,0.0
1996-01-15 00:00:00-05:00,36.211112180808506,36.333193212538404,35.9763409659433,36.12659454345703,154200,0.0,0.0,0.0
1996-01-16 00:00:00-05:00,36.30502268590863,36.59613900853232,35.995124665051165,36.56796646118164,454600,0.0,0.0,0.0
1996-01-17 00:00:00-05:00,36.48343376619554,36.736986587736666,36.333180242319315,36.45526123046875,407600,0.0,0.0,0.0
1996-01-18 00:00:00-05:00,36.596124677939656,36.60551552337921,36.2862267784344,36.57734298706055,425600,0.0,0.0,0.0
1996-01-19 00:00:00-05:00,36.577352087463055,36.915422607398526,36.53978869635911,36.82151412963867,169800,0.0,0.0,0.0
1996-01-22 00:00:00-05:00,36.79333108982707,36.91541207608734,36.727595174148455,36.830894470214844,288200,0.0,0.0,0.0
1996-01-23 00:00:00-05:00,36.812117408474904,36.9154167175293,36.73699063825353,36.9154167175293,362200,0.0,0.0,0.0
1996-01-24 00:00:00-05:00,36.971753729974985,37.29104243376445,36.95297204151678,37.21591567993164,1506500,0.0,0.0,0.0
1996-01-25 00:00:00-05:00,37.244105638748906,37.262887335994876,37.03750696904329,37.0844612121582,298400,0.0,0.0,0.0
1996-01-26 00:00:00-05:00,37.05628618282976,37.42252925458099,37.00933194286166,37.40374755859375,726300,0.0,0.0,0.0
1996-01-29 00:00:00-05:00,37.37555576104109,37.55398178100586,37.34738323157297,37.55398178100586,254800,0.0,0.0,0.0
1996-01-30 00:00:00-05:00,37.629117590660435,37.94840633487867,37.58216336356952,37.8732795715332,272100,0.0,0.0,0.0
1996-01-31 00:00:00-05:00,37.86387869056748,38.277075779452645,37.84509700470907,38.26768493652344,498000,0.0,0.0,0.0
1996-02-01 00:00:00-05:00,38.23013562526563,38.40856170654297,38.20196308611658,38.40856170654297,373900,0.0,0.0,0.0
1996-02-02 00:00:00-05:00,38.38976017544318,38.47427774921495,38.164379978718465,38.248897552490234,496200,0.0,0.0,0.0
1996-02-05 00:00:00-05:00,38.18318114951942,38.6151600803797,38.126836071581124,38.558815002441406,295300,0.0,0.0,0.0
1996-02-06 00:00:00-05:00,38.57760271870759,38.96262747807152,38.52125763197141,38.92506408691406,301600,0.0,0.0,0.0
1996-02-07 00:00:00-05:00,38.91567663026674,39.150447845458984,38.87811323583598,39.150447845458984,585100,0.0,0.0,0.0
1996-02-08 00:00:00-05:00,39.09408030172745,39.61057667852184,39.01895355601191,39.57301330566406,1526600,0.0,0.0,0.0
1996-02-09 00:00:00-05:00,39.55424974696415,39.89232025762197,39.37582364411697,39.56364059448242,804600,0.0,0.0,0.0
1996-02-12 00:00:00-05:00,39.638759262570225,40.042565623217115,39.60119588018446,39.864139556884766,626500,0.0,0.0,0.0
1996-02-13 00:00:00-05:00,39.69511874201615,40.0801435512006,39.66694619500265,39.77963638305664,1045900,0.0,0.0,0.0
1996-02-14 00:00:00-05:00,39.75145970085855,39.88293157324504,39.41338917186471,39.43217086791992,431400,0.0,0.0,0.0
1996-02-15 00:00:00-05:00,39.34763644428925,39.61058007685252,39.141037875846685,39.187992095947266,889500,0.0,0.0,0.0
1996-02-16 00:00:00-05:00,39.11287990180889,39.20678837696329,38.9062812564692,39.02836227416992,606100,0.0,0.0,0.0
1996-02-20 00:00:00-05:00,38.72784723070963,38.8405373778407,38.38977678931643,38.64332962036133,492300,0.0,0.0,0.0
1996-02-21 00:00:00-05:00,38.7184584796629,39.15043740036736,38.7184584796629,39.12226486206055,434000,0.0,0.0,0.0
1996-02-22 00:00:00-05:00,39.33824389553251,39.864131137869535,39.31007136469302,39.74205017089844,721400,0.0,0.0,0.0
1996-02-23 00:00:00-05:00,39.96743441757998,40.033170329450996,39.26312107610477,39.629364013671875,1430400,0.0,0.0,0.0
1996-02-26 00:00:00-05:00,39.516682419410124,39.601200038653154,39.04714009028215,39.065921783447266,1408400,0.0,0.0,0.0
1996-02-27 00:00:00-05:00,39.15981415067203,39.16920499339401,38.765398756348716,38.943824768066406,601000,0.0,0.0,0.0
1996-02-28 00:00:00-05:00,39.25372376922489,39.50727653041367,38.76539993286133,38.76539993286133,865900,0.0,0.0,0.0
1996-02-29 00:00:00-05:00,38.540050820128556,39.037765901382656,38.38979721069336,38.38979721069336,914300,0.0,0.0,0.0
1996-03-01 00:00:00-05:00,38.849921970748625,39.00017547607422,38.23012626128055,39.00017547607422,1452600,0.0,0.0,0.0
1996-03-04 00:00:00-05:00,39.08472316779387,39.460357220343546,38.95325124940148,39.2255859375,652600,0.0,0.0,0.0
1996-03-05 00:00:00-05:00,39.13164930596976,39.591800689697266,39.112867616838024,39.591800689697266,402000,0.0,0.0,0.0
1996-03-06 00:00:00-05:00,39.535459010445294,39.64814915489312,39.24434280395508,39.24434280395508,624700,0.0,0.0,0.0
1996-03-07 00:00:00-05:00,39.319477822440014,39.46034053257534,39.206787654331755,39.441558837890625,534200,0.0,0.0,0.0
1996-03-08 00:00:00-05:00,38.57760312989002,38.99080043702613,37.26288442536602,38.164405822753906,2289900,0.0,0.0,0.0
1996-03-11 00:00:00-05:00,38.01413551057757,38.66210372950787,37.90144538554621,38.60575866699219,1511400,0.0,0.0,0.0
1996-03-12 00:00:00-05:00,38.35221011383214,38.49307278565082,37.80754111613325,38.30525588989258,1385300,0.0,0.0,0.0
1996-03-13 00:00:00-05:00,38.55881594055785,38.72785117848528,38.3428264698728,38.568206787109375,1019300,0.0,0.0,0.0
1996-03-14 00:00:00-05:00,38.62454207819158,38.95322162420099,38.60576038984819,38.73723220825195,725600,0.0,0.0,0.0
1996-03-15 00:00:00-05:00,38.6734743099696,38.833827740035325,38.484823215774625,38.711204528808594,869200,0.285,0.0,0.0
1996-03-18 00:00:00-05:00,39.06964039101487,39.45637512207031,38.984747401271,39.45637512207031,917600,0.0,0.0,0.0
1996-03-19 00:00:00-05:00,39.80538807363103,39.80538807363103,39.23943468869789,39.371490478515625,858300,0.0,0.0,0.0
1996-03-20 00:00:00-05:00,39.560139459109934,39.560139459109934,39.02248377261273,39.32432556152344,744300,0.0,0.0,0.0
1996-03-21 00:00:00-05:00,39.37148022221728,39.39034533013401,39.09793615742468,39.2299919128418,650800,0.0,0.0,0.0
1996-03-22 00:00:00-05:00,39.24885868923269,39.43750977641958,39.20169591743597,39.3337516784668,344500,0.0,0.0,0.0
1996-03-25 00:00:00-05:00,39.69219453033491,39.72992475327249,39.154538853474385,39.258296966552734,802400,0.0,0.0,0.0
1996-03-26 00:00:00-05:00,39.19225483405881,39.55069182171085,39.15452462483228,39.44693374633789,969400,0.0,0.0,0.0
1996-03-27 00:00:00-05:00,39.50355645404359,39.5318541305866,39.05079362935541,39.088523864746094,809600,0.0,0.0,0.0
1996-03-28 00:00:00-05:00,38.94702026385528,39.25829458420094,38.937587708693286,39.23942947387695,1001300,0.0,0.0,0.0
1996-03-29 00:00:00-05:00,39.352638414171004,39.352638414171004,38.862145317925346,39.05079650878906,457700,0.0,0.0,0.0
1996-04-01 00:00:00-05:00,39.23941713349525,39.51296114716625,39.11679395495308,39.5035285949707,773400,0.0,0.0,0.0
1996-04-02 00:00:00-05:00,39.55070090225699,39.57899856567383,39.418645139645115,39.57899856567383,638800,0.0,0.0,0.0
1996-04-03 00:00:00-05:00,39.437510248589675,39.60729622909066,39.3431847038669,39.57899856567383,288000,0.0,0.0,0.0
1996-04-04 00:00:00-05:00,39.579002622371924,39.6733281767627,39.54127240061561,39.55070495605469,934900,0.0,0.0,0.0
1996-04-08 00:00:00-04:00,38.56028482816196,38.871559143066406,38.390498838214086,38.871559143066406,2217200,0.0,0.0,0.0
1996-04-09 00:00:00-04:00,39.02249541288462,39.02249541288462,38.64519306419828,38.72065353393555,1180900,0.0,0.0,0.0
1996-04-10 00:00:00-04:00,38.65461117313022,38.82439716657003,37.88114164745997,38.03206253051758,939500,0.0,0.0,0.0
1996-04-11 00:00:00-04:00,38.12638210451038,38.31503317875338,37.50383355950848,37.984893798828125,1276000,0.0,0.0,0.0
1996-04-12 00:00:00-04:00,38.24898991998707,38.522533867626926,38.13579932096368,38.465938568115234,411300,0.0,0.0,0.0
1996-04-15 00:00:00-04:00,38.66406646869526,38.833852561995215,38.54144317908974,38.78668975830078,484200,0.0,0.0,0.0
1996-04-16 00:00:00-04:00,38.862126347627836,39.03191233652524,38.77723335317913,38.89985656738281,429700,0.0,0.0,0.0
1996-04-17 00:00:00-04:00,38.86214115808586,38.975331860488055,38.54143416794631,38.805545806884766,525300,0.0,0.0,0.0
1996-04-18 00:00:00-04:00,38.89986707076285,38.98476008813358,38.69235080607886,38.86213684082031,818600,0.0,0.0,0.0
1996-04-19 00:00:00-04:00,39.05078461210607,39.154542735471566,38.890431148723025,38.956459045410156,885100,0.0,0.0,0.0
1996-04-22 00:00:00-04:00,39.31489230095911,39.40921785830306,38.99418540598967,39.258296966552734,828900,0.0,0.0,0.0
1996-04-23 00:00:00-04:00,39.192265497995706,39.40921426007848,39.10737250413723,39.380916595458984,225400,0.0,0.0,0.0
1996-04-24 00:00:00-04:00,39.579001459708586,39.579001459708586,39.15453647741905,39.23942947387695,699000,0.0,0.0,0.0
1996-04-25 00:00:00-04:00,39.32431840953658,39.578997372611056,39.088504554837996,39.418643951416016,475500,0.0,0.0,0.0
1996-04-26 00:00:00-04:00,39.52239369936181,39.72990984766394,39.380905416428526,39.5035285949707,563300,0.0,0.0,0.0
1996-04-29 00:00:00-04:00,39.33374265545077,39.57898901253512,39.33374265545077,39.5035285949707,219900,0.0,0.0,0.0
1996-04-30 00:00:00-04:00,39.50352882740746,39.578989245415876,39.31487778238641,39.4752311706543,184400,0.0,0.0,0.0
1996-05-01 00:00:00-04:00,39.46582075636559,39.7204998100037,39.40922541111267,39.56014633178711,561900,0.0,0.0,0.0
1996-05-02 00:00:00-04:00,39.24886639635289,39.46581518921905,38.692345579870114,38.88099670410156,1299600,0.0,0.0,0.0
1996-05-03 00:00:00-04:00,39.107355490370324,39.229978650373894,38.484807139582955,38.824378967285156,1329300,0.0,0.0,0.0
1996-05-06 00:00:00-04:00,38.97534097307851,38.97534097307851,38.44711757170087,38.78668975830078,647500,0.0,0.0,0.0
1996-05-07 00:00:00-04:00,38.78668101104625,38.78668101104625,38.49427169408553,38.62632751464844,582100,0.0,0.0,0.0
1996-05-08 00:00:00-04:00,38.43765714234105,39.10736846923828,38.079220094142535,39.10736846923828,1694700,0.0,0.0,0.0
1996-05-09 00:00:00-04:00,38.97530153768522,39.2771431759248,38.93757133290527,39.07905960083008,593400,0.0,0.0,0.0
1996-05-10 00:00:00-04:00,39.4658088684082,39.59786463422028,39.27715777439096,39.4658088684082,925100,0.0,0.0,0.0
1996-05-13 00:00:00-04:00,39.5601332098393,40.22984457319137,39.52240299218566,40.06005859375,867500,0.0,0.0,0.0
1996-05-14 00:00:00-04:00,40.22040868357866,40.40905975620333,40.182678469053734,40.305301666259766,632300,0.0,0.0,0.0
1996-05-15 00:00:00-04:00,40.31474734827415,40.63545427617339,40.22985433794789,40.25815200805664,466100,0.0,0.0,0.0
1996-05-16 00:00:00-04:00,40.03176991549891,40.409072176719455,40.01290480243789,40.34304428100586,514400,0.0,0.0,0.0
1996-05-17 00:00:00-04:00,40.446795455577764,40.6260139988744,40.446795455577764,40.55998611450195,427700,0.0,0.0,0.0
1996-05-20 00:00:00-04:00,40.84294390309405,40.899539206423974,40.4373442292296,40.83351135253906,788500,0.0,0.0,0.0
1996-05-21 00:00:00-04:00,40.89956644566942,40.97502690036623,40.74864553627581,40.77694320678711,352700,0.0,0.0,0.0
1996-05-22 00:00:00-04:00,40.82409382653171,41.163665771484375,40.682605516134764,41.163665771484375,1218100,0.0,0.0,0.0
1996-05-23 00:00:00-04:00,41.220266365862315,41.31459191818694,40.7675037147041,40.9938850402832,967900,0.0,0.0,0.0
1996-05-24 00:00:00-04:00,41.03163164634101,41.24858050332167,41.012766528342695,41.15425491333008,659100,0.0,0.0,0.0
1996-05-28 00:00:00-04:00,41.27686003331482,41.27686003331482,40.63544630336386,40.73920440673828,456400,0.0,0.0,0.0
1996-05-29 00:00:00-04:00,40.82410487461757,40.86183510093422,40.33361193250109,40.465667724609375,649600,0.0,0.0,0.0
1996-05-30 00:00:00-04:00,40.40907186037534,40.88069968320886,40.2958811828953,40.67318344116211,895800,0.0,0.0,0.0
1996-05-31 00:00:00-04:00,40.66373558668333,40.83352153902856,40.3713264465332,40.3713264465332,923500,0.0,0.0,0.0
1996-06-03 00:00:00-04:00,40.380761869133686,40.5128176192313,40.26757122619288,40.484519958496094,503100,0.0,0.0,0.0
1996-06-04 00:00:00-04:00,40.67318008895938,40.80523586846898,40.597719643525316,40.76750564575195,627100,0.0,0.0,0.0
1996-06-05 00:00:00-04:00,40.78635888055924,41.17309355079581,40.70146590416584,41.12593078613281,428000,0.0,0.0,0.0
1996-06-06 00:00:00-04:00,41.35233519830897,41.35233519830897,40.748651472786214,40.82411193847656,523300,0.0,0.0,0.0
1996-06-07 00:00:00-04:00,39.95631658303759,40.83354449668785,39.95631658303759,40.82411193847656,1422800,0.0,0.0,0.0
1996-06-10 00:00:00-04:00,40.76749228104762,40.89011546467872,40.62600399224251,40.69203186035156,548800,0.0,0.0,0.0
1996-06-11 00:00:00-04:00,40.84296706657675,41.06934840828526,40.65431594848633,40.65431594848633,688700,0.0,0.0,0.0
1996-06-12 00:00:00-04:00,40.786388998417344,40.89014715729398,40.51284476137893,40.57887268066406,1120600,0.0,0.0,0.0
1996-06-13 00:00:00-04:00,40.673198279642826,40.729793639030085,40.34305868321716,40.57887268066406,1502000,0.0,0.0,0.0
1996-06-14 00:00:00-04:00,40.59772400985133,40.59772400985133,40.27701708226422,40.40907287597656,1468200,0.0,0.0,0.0
1996-06-17 00:00:00-04:00,40.427930597110596,40.57885147661451,40.27700971760669,40.380767822265625,1101000,0.0,0.0,0.0
1996-06-18 00:00:00-04:00,40.35247042310502,40.46566108347839,40.041196107078264,40.050628662109375,718000,0.0,0.0,0.0
1996-06-19 00:00:00-04:00,40.23927569372572,40.446791883426144,40.09778738256635,40.22984313964844,552100,0.0,0.0,0.0
1996-06-20 00:00:00-04:00,40.26758505715165,40.39964085260729,39.95631068214907,40.20155715942383,1234400,0.0,0.0,0.0
1996-06-21 00:00:00-04:00,40.39560835421698,40.54732894897461,40.28181790814877,40.54732894897461,573300,0.351,0.0,0.0
1996-06-24 00:00:00-04:00,40.64215309257044,40.79387368274336,40.56629279748398,40.62318801879883,416500,0.0,0.0,0.0
1996-06-25 00:00:00-04:00,40.73697444294401,40.76542205079522,40.528358652035074,40.57577133178711,454400,0.0,0.0,0.0
1996-06-26 00:00:00-04:00,40.52835062363569,40.61369343028349,40.291287271836225,40.3007698059082,838200,0.0,0.0,0.0
1996-06-27 00:00:00-04:00,40.300759645265956,40.68954344419676,40.149039138366135,40.585235595703125,1090500,0.0,0.0,0.0
1996-06-28 00:00:00-04:00,40.755929442862,40.96454518221588,40.64213903957807,40.727481842041016,1060800,0.0,0.0,0.0
1996-07-01 00:00:00-04:00,40.83181548184635,41.08784405082216,40.77492024429617,41.07836151123047,471300,0.0,0.0,0.0
1996-07-02 00:00:00-04:00,41.04040325118835,41.04988578428705,40.860235122312986,40.926612854003906,389400,0.0,0.0,0.0
1996-07-03 00:00:00-04:00,40.9076481791032,40.96454337823964,40.69903244893624,40.841270446777344,308300,0.0,0.0,0.0
1996-07-05 00:00:00-04:00,40.130087419154954,40.31973811584283,39.67492574710405,39.79819869995117,842900,0.0,0.0,0.0
1996-07-08 00:00:00-04:00,39.826651760265584,40.044750091333704,39.523210603996894,39.637001037597656,942000,0.0,0.0,0.0
1996-07-09 00:00:00-04:00,39.81716376961996,39.940436722467076,39.67492574710405,39.79819869995117,716300,0.0,0.0,0.0
1996-07-10 00:00:00-04:00,39.78871455688187,39.95940017700195,39.39993064438612,39.95940017700195,1132300,0.0,0.0,0.0
1996-07-11 00:00:00-04:00,39.788726607082715,39.864586905666286,38.76461257620451,39.15339660644531,1587400,0.0,0.0,0.0
1996-07-12 00:00:00-04:00,39.21976149670729,39.39044711250534,38.887872799322196,39.18183135986328,1312000,0.0,0.0,0.0
1996-07-15 00:00:00-04:00,39.27667763536411,39.27667763536411,38.02498245239258,38.02498245239258,1951300,0.0,0.0,0.0
1996-07-16 00:00:00-04:00,38.138761825941096,38.53702835918066,36.64052105803988,38.11979675292969,4141000,0.0,0.0,0.0
1996-07-17 00:00:00-04:00,38.68873776236115,38.840458302605704,38.23357614162749,38.574947357177734,1340500,0.0,0.0,0.0
1996-07-18 00:00:00-04:00,38.68874077191061,39.172350031559496,38.43271234033179,39.10597229003906,1432500,0.0,0.0,0.0
1996-07-19 00:00:00-04:00,39.01115340701999,39.06804862346193,38.61288689192644,38.821502685546875,1216000,0.0,0.0,0.0
1996-07-22 00:00:00-04:00,38.55597907351697,38.68873453515722,38.24305548536496,38.53701400756836,519800,0.0,0.0,0.0
1996-07-23 00:00:00-04:00,38.59392094826057,38.80253673717008,37.977556117391536,38.0439338684082,1479800,0.0,0.0,0.0
1996-07-24 00:00:00-04:00,37.588774708610266,38.34737762906658,37.39912397849619,38.11979675292969,2463400,0.0,0.0,0.0
1996-07-25 00:00:00-04:00,38.49909270773743,38.57495298893494,38.30944200474365,38.46116256713867,1989800,0.0,0.0,0.0
1996-07-26 00:00:00-04:00,38.57492493109822,38.726645383137935,38.47061712032092,38.66975021362305,642300,0.0,0.0,0.0
1996-07-29 00:00:00-04:00,38.61288760880693,38.66978282630517,38.19565601381982,38.24306869506836,1297900,0.0,0.0,0.0
1996-07-30 00:00:00-04:00,38.49908648867504,38.650807026561445,38.19564541290223,38.612876892089844,1868200,0.0,0.0,0.0
1996-07-31 00:00:00-04:00,38.64135223734617,39.00168877354719,38.546526833082744,38.89738082885742,767100,0.0,0.0,0.0
1996-08-01 00:00:00-04:00,38.93530049861478,39.68442099042934,38.87840527138836,39.54218292236328,1168600,0.0,0.0,0.0
1996-08-02 00:00:00-04:00,40.05422432053257,40.414560618870695,39.902503773863884,40.39559555053711,1098500,0.0,0.0,0.0
1996-08-05 00:00:00-04:00,40.40509242358427,40.41457496111621,40.03527345983872,40.158546447753906,710200,0.0,0.0,0.0
1996-08-06 00:00:00-04:00,40.1490590657667,40.36715740268513,39.93096072884827,40.28181457519531,640000,0.0,0.0,0.0
1996-08-07 00:00:00-04:00,40.43354015972839,40.50940046021569,40.13009895777921,40.38612747192383,917800,0.0,0.0,0.0
1996-08-08 00:00:00-04:00,40.395604400060584,40.395604400060584,40.16802353020109,40.31974411010742,925100,0.0,0.0,0.0
1996-08-09 00:00:00-04:00,40.46198622400663,40.51888144719483,40.092167273283344,40.18699264526367,648800,0.0,0.0,0.0
1996-08-12 00:00:00-04:00,40.20594825842923,40.57576712212705,40.05422769896346,40.48094177246094,764200,0.0,0.0,0.0
1996-08-13 00:00:00-04:00,40.40509242358427,40.433540036180084,40.054238534902595,40.158546447753906,805200,0.0,0.0,0.0
1996-08-14 00:00:00-04:00,40.16801432890051,40.33869994219612,40.05422392003677,40.3007698059082,533800,0.0,0.0,0.0
1996-08-15 00:00:00-04:00,40.19647456901583,40.43353799534878,40.17750949490919,40.22492218017578,632600,0.0,0.0,0.0
1996-08-16 00:00:00-04:00,40.33868816958905,40.58523398350756,40.33868816958905,40.56626892089844,475100,0.0,0.0,0.0
1996-08-19 00:00:00-04:00,40.57575306402189,40.61368319074685,40.433515088803304,40.585235595703125,436400,0.0,0.0,0.0
1996-08-20 00:00:00-04:00,40.59473479928496,40.604217334860586,40.461979301226094,40.55680465698242,645700,0.0,0.0,0.0
1996-08-21 00:00:00-04:00,40.45250763662653,40.54733301786569,40.281821950396036,40.41457748413086,266400,0.0,0.0,0.0
1996-08-22 00:00:00-04:00,40.50940809688808,40.86974459213193,40.49044301819103,40.79388427734375,584800,0.0,0.0,0.0
1996-08-23 00:00:00-04:00,40.718009371043195,40.78438712269604,40.44301582848142,40.57577133178711,757100,0.0,0.0,0.0
1996-08-26 00:00:00-04:00,40.48093292286498,40.52834558733308,40.31024733077981,40.376625061035156,784700,0.0,0.0,0.0
1996-08-27 00:00:00-04:00,40.49041688246988,40.56627714829184,40.357661417281456,40.52834701538086,389400,0.0,0.0,0.0
1996-08-28 00:00:00-04:00,40.62317818569472,40.66110832405671,40.452492563065746,40.46197509765625,227600,0.0,0.0,0.0
1996-08-29 00:00:00-04:00,40.41456689236432,40.41456689236432,39.82664968276165,40.06371307373047,680200,0.0,0.0,0.0
1996-08-30 00:00:00-04:00,40.0542141673269,40.063696699089995,39.5231923885934,39.64646530151367,1500900,0.0,0.0,0.0
1996-09-03 00:00:00-04:00,39.12492120039327,39.95938389201581,39.06802601687355,39.902488708496094,1782000,0.0,0.0,0.0
1996-09-04 00:00:00-04:00,39.902522421290726,40.50940489157652,39.741319265121064,39.940452575683594,930200,0.0,0.0,0.0
1996-09-05 00:00:00-04:00,39.75079150613584,39.911994620545265,39.45683288574219,39.45683288574219,616600,0.0,0.0,0.0
1996-09-06 00:00:00-04:00,39.59906486041173,40.15853440705069,39.53268711759016,40.01629638671875,804900,0.0,0.0,0.0
1996-09-09 00:00:00-04:00,40.16802648325436,40.49991527619909,40.10164872466541,40.49043273925781,719200,0.0,0.0,0.0
1996-09-10 00:00:00-04:00,40.43353972931052,40.604225403589965,40.281819129951,40.47146987915039,669900,0.0,0.0,0.0
1996-09-11 00:00:00-04:00,40.39559455864472,40.73696578026706,40.300769219305174,40.69903564453125,713500,0.0,0.0,0.0
1996-09-12 00:00:00-04:00,40.81283486016312,41.10679347555928,40.75593964428,40.9835205078125,713300,0.0,0.0,0.0
1996-09-13 00:00:00-04:00,41.457639195208344,41.647289877711586,41.3438487857064,41.60935974121094,2008800,0.0,0.0,0.0
1996-09-16 00:00:00-04:00,41.66626015714252,41.96970128709895,41.609364945275686,41.761085510253906,1220200,0.0,0.0,0.0
1996-09-17 00:00:00-04:00,41.799011431881986,41.86538917235911,41.4102275233731,41.666255950927734,604700,0.0,0.0,0.0
1996-09-18 00:00:00-04:00,41.60938245358599,41.723172925200174,41.40076658895999,41.56196975708008,225500,0.0,0.0,0.0
1996-09-19 00:00:00-04:00,41.4955751245672,41.75160358168862,41.43867991187356,41.7231559753418,410000,0.0,0.0,0.0
1996-09-20 00:00:00-04:00,41.84257221634394,41.956948267960364,41.709133489458104,41.87116622924805,948400,0.352,0.0,0.0
1996-09-23 00:00:00-04:00,41.76631612204463,41.93788017731546,41.575689393965924,41.861629486083984,466800,0.0,0.0,0.0
1996-09-24 00:00:00-04:00,41.823494925311095,42.24287363468066,41.67099357644943,41.852088928222656,1269800,0.0,0.0,0.0
1996-09-25 00:00:00-04:00,42.0522402597114,42.0522402597114,41.78536294165339,41.88067626953125,1353300,0.0,0.0,0.0
1996-09-26 00:00:00-04:00,41.93788017731546,42.204757596625655,41.71865944002495,41.861629486083984,773200,0.0,0.0,0.0
1996-09-27 00:00:00-04:00,41.91882005922354,41.91882005922354,41.70913064555758,41.899757385253906,407600,0.0,0.0,0.0
1996-09-30 00:00:00-04:00,41.95694285012333,42.12850690539417,41.833035476872176,41.861629486083984,578200,0.0,0.0,0.0
1996-10-01 00:00:00-04:00,41.90926723894866,42.11895654512488,41.747234593267024,42.090362548828125,561400,0.0,0.0,0.0
1996-10-02 00:00:00-04:00,42.24286216773592,42.45255146549996,42.185674177436645,42.37630081176758,609000,0.0,0.0,0.0
1996-10-03 00:00:00-04:00,42.395387638372,42.414450312669835,42.214292232542626,42.338199615478516,342200,0.0,0.0,0.0
1996-10-04 00:00:00-04:00,42.509737340994064,42.91005325317383,42.39536136608556,42.91005325317383,754100,0.0,0.0,0.0
1996-10-07 00:00:00-04:00,42.890998564407624,43.08162522469388,42.852873232350376,42.95771789550781,235100,0.0,0.0,0.0
1996-10-08 00:00:00-04:00,42.97679769575902,43.11976774797378,42.709920264958114,42.786170959472656,386200,0.0,0.0,0.0
1996-10-09 00:00:00-04:00,42.85290724673398,42.92915797137229,42.404934239483865,42.45259094238281,528800,0.0,0.0,0.0
1996-10-10 00:00:00-04:00,42.452580444885186,42.614613194674824,42.31914170976431,42.366798400878906,1562200,0.0,0.0,0.0
1996-10-11 00:00:00-04:00,42.52882331339518,42.891014099121094,42.52882331339518,42.891014099121094,331300,0.0,0.0,0.0
1996-10-14 00:00:00-04:00,42.89101601916845,43.11976810460401,42.8814846822753,42.948204040527344,201600,0.0,0.0,0.0
1996-10-15 00:00:00-04:00,43.386643595377606,43.386643595377606,42.67179336039225,42.891014099121094,776900,0.0,0.0,0.0
1996-10-16 00:00:00-04:00,43.005398439443624,43.100711822509766,42.662270260405506,43.100711822509766,590100,0.0,0.0,0.0
1996-10-17 00:00:00-04:00,43.234139118102036,43.32945247594618,43.03398106662934,43.2150764465332,792500,0.0,0.0,0.0
1996-10-18 00:00:00-04:00,43.23412780627811,43.50100513841563,43.13881447337186,43.443817138671875,695800,0.0,0.0,0.0
1996-10-21 00:00:00-04:00,43.48195581821649,43.69164521497247,43.27226642146052,43.38664245605469,879200,0.0,0.0,0.0
1996-10-22 00:00:00-04:00,43.348523418460275,43.358054756063275,43.06258329037017,43.08164596557617,848900,0.0,0.0,0.0
1996-10-23 00:00:00-04:00,42.98632217794164,43.24366823089162,42.81475814264165,43.224605560302734,735900,0.0,0.0,0.0
1996-10-24 00:00:00-04:00,43.22458906105829,43.300839714308225,42.83380446315236,42.852867126464844,379300,0.0,0.0,0.0
1996-10-25 00:00:00-04:00,42.843357416788734,43.04351548258464,42.776638061523435,42.891014099121094,568300,0.0,0.0,0.0
1996-10-28 00:00:00-05:00,42.92914513368201,43.148365901460586,42.5860169754199,42.605079650878906,975400,0.0,0.0,0.0
1996-10-29 00:00:00-05:00,42.73851462887807,43.053048746351976,42.51929388033566,42.948204040527344,815900,0.0,0.0,0.0
1996-10-30 00:00:00-05:00,43.08165712256762,43.08165712256762,42.75759156014123,42.80524826049805,495400,0.0,0.0,0.0
1996-10-31 00:00:00-05:00,42.86241702250989,43.234139118102036,42.814760343587814,43.2150764465332,726300,0.0,0.0,0.0
1996-11-01 00:00:00-05:00,43.30086353111183,43.4057082369983,42.86242203376841,43.06258010864258,821300,0.0,0.0,0.0
1996-11-04 00:00:00-05:00,43.119781474010296,43.348533630371094,43.024468075526634,43.348533630371094,1608400,0.0,0.0,0.0
1996-11-05 00:00:00-05:00,43.4915030720873,43.79650594263448,43.481971732382696,43.59634780883789,764000,0.0,0.0,0.0
1996-11-06 00:00:00-05:00,43.67258596890784,44.45415559995333,43.634460621051964,44.43509292602539,1665000,0.0,0.0,0.0
1996-11-07 00:00:00-05:00,44.30164506137945,44.71149246620718,44.24445705140349,44.5399284362793,1446300,0.0,0.0,0.0
1996-11-08 00:00:00-05:00,44.54945165386959,44.79726631861084,44.377887655202564,44.78773498535156,1355700,0.0,0.0,0.0
1996-11-11 00:00:00-05:00,44.68292426169045,44.84495705018208,44.66386158069144,44.7401123046875,655900,0.0,0.0,0.0
1996-11-12 00:00:00-05:00,44.863985861264744,44.89257986117632,44.539920528933536,44.60663986206055,719900,0.0,0.0,0.0
1996-11-13 00:00:00-05:00,44.654307102705665,44.873527820605815,44.53993107597515,44.80680847167969,481900,0.0,0.0,0.0
1996-11-14 00:00:00-05:00,44.644771782301895,45.10227584838868,44.62570911288161,45.10227584838867,558800,0.0,0.0,0.0
1996-11-15 00:00:00-05:00,45.21663852239168,45.44539048793498,44.968823893053106,45.15945053100586,2250900,0.0,0.0,0.0
1996-11-18 00:00:00-05:00,45.245264686444415,45.29292137981543,44.97838720356671,45.16901397705078,1518200,0.0,0.0,0.0
1996-11-19 00:00:00-05:00,45.2261874832099,45.50259621598399,45.1594681339196,45.493064880371094,1029300,0.0,0.0,0.0
1996-11-20 00:00:00-05:00,45.483542456085324,45.7599512430146,45.33104105640021,45.5693244934082,730000,0.0,0.0,0.0
1996-11-21 00:00:00-05:00,45.62650135105806,45.655095356500546,45.3691553020757,45.502593994140625,653000,0.0,0.0,0.0
1996-11-22 00:00:00-05:00,45.569322643545654,45.90291944181465,45.569322643545654,45.855262756347656,965100,0.0,0.0,0.0
1996-11-25 00:00:00-05:00,45.90289473259586,46.45571198643526,45.798050081005634,46.436649322509766,2058800,0.0,0.0,0.0
1996-11-26 00:00:00-05:00,46.53196764227978,46.77978229994043,46.03633832695849,46.28415298461914,2861800,0.0,0.0,0.0
1996-11-27 00:00:00-05:00,46.398537546279435,46.47478822425195,46.14119150812217,46.19837951660156,872000,0.0,0.0,0.0
1996-11-29 00:00:00-05:00,46.36041419096865,46.49385288313015,46.27463217457911,46.36994552612305,1073400,0.0,0.0,0.0
1996-12-02 00:00:00-05:00,46.312760696583574,46.436668062102314,45.988695279073006,46.38901138305664,1350600,0.0,0.0,0.0
1996-12-03 00:00:00-05:00,46.398544065928384,46.713078156761505,45.5979118347168,45.5979118347168,1777800,0.0,0.0,0.0
1996-12-04 00:00:00-05:00,45.67415652773095,45.788532545746975,45.197589785997536,45.7218132019043,2365100,0.0,0.0,0.0
1996-12-05 00:00:00-05:00,45.65509985123191,45.836195236863105,45.46447312951487,45.5979118347168,1697700,0.0,0.0,0.0
1996-12-06 00:00:00-05:00,44.68290474316571,45.59791303142166,44.320713962397726,45.33103561401367,3401800,0.0,0.0,0.0
1996-12-09 00:00:00-05:00,45.559788501168796,46.00776131697527,45.49306914562315,45.99822998046875,1864600,0.0,0.0,0.0
1996-12-10 00:00:00-05:00,46.09354872885233,46.16026809219021,45.731357899303866,45.779014587402344,1331600,0.0,0.0,0.0
1996-12-11 00:00:00-05:00,44.911642659334206,45.52164799256794,44.72101599269866,45.359615325927734,1847900,0.0,0.0,0.0
1996-12-12 00:00:00-05:00,45.61696119226961,45.67414919209277,44.49226386241424,44.60663986206055,2540200,0.0,0.0,0.0
1996-12-13 00:00:00-05:00,44.56851459708056,44.88304859658947,44.16819859770558,44.72101593017578,1678300,0.0,0.0,0.0
1996-12-16 00:00:00-05:00,44.83538770922725,44.949763698281394,43.958505126478755,44.149131774902344,1831100,0.0,0.0,0.0
1996-12-17 00:00:00-05:00,44.01570625329686,44.70196239236949,43.84414221852871,44.50180435180664,2023200,0.0,0.0,0.0
1996-12-18 00:00:00-05:00,44.75915593488947,44.99743934595681,44.692436579790616,44.854469299316406,1666800,0.0,0.0,0.0
1996-12-19 00:00:00-05:00,45.25479101831904,45.82667127550083,45.073695603544806,45.779014587402344,2269300,0.0,0.0,0.0
1996-12-20 00:00:00-05:00,46.05185887728952,46.41582947573731,45.821982709848804,45.879451751708984,1543200,0.367,0.0,0.0
1996-12-23 00:00:00-05:00,46.03272297772567,46.099770223011575,45.56339226072431,45.76453399658203,1263700,0.0,0.0,0.0
1996-12-24 00:00:00-05:00,45.87946011424188,46.09975814819336,45.8507255880743,46.09975814819336,633000,0.0,0.0,0.0
1996-12-26 00:00:00-05:00,46.243438887448654,46.48289331416493,46.205126179174044,46.454158782958984,1384300,0.0,0.0,0.0
1996-12-27 00:00:00-05:00,46.454135275751206,46.60738603130008,46.28172817575873,46.51160430908203,410400,0.0,0.0,0.0
1996-12-30 00:00:00-05:00,46.664882613951896,46.664882613951896,46.07103558561343,46.10934829711914,694100,0.0,0.0,0.0
1996-12-31 00:00:00-05:00,46.14767206799817,46.2051411490293,45.2664794921875,45.2664794921875,1378100,0.0,0.0,0.0
1997-01-02 00:00:00-05:00,45.59208645705887,45.59208645705887,44.59595683698867,45.38136672973633,2031900,0.0,0.0,0.0
1997-01-03 00:00:00-05:00,45.59212629466666,46.05187882873052,45.410140916599715,46.03272247314453,2123200,0.0,0.0,0.0
1997-01-06 00:00:00-05:00,46.03271553558426,46.24343541527274,45.55380671811044,45.63043212890625,1374100,0.0,0.0,0.0
1997-01-07 00:00:00-05:00,45.63042095537158,46.26258043963995,45.438857475290256,46.18595504760742,939000,0.0,0.0,0.0
1997-01-08 00:00:00-05:00,46.43499591141066,46.45415226285927,45.7836799621582,45.7836799621582,1802200,0.0,0.0,0.0
1997-01-09 00:00:00-05:00,46.01354685739857,46.511611894156424,45.93692146712814,46.16679763793945,1415700,0.0,0.0,0.0
1997-01-10 00:00:00-05:00,45.51547898917362,46.74148515723217,45.51547898917362,46.664859771728516,2369500,0.0,0.0,0.0
1997-01-13 00:00:00-05:00,46.894751378027046,46.894751378027046,46.36795167913172,46.59782791137695,1364600,0.0,0.0,0.0
1997-01-14 00:00:00-05:00,47.00968740744364,47.440705323771056,46.894749296422994,47.18209457397461,2111200,0.0,0.0,0.0
1997-01-15 00:00:00-05:00,47.0288602870123,47.325783844832536,46.81814034275277,47.06717300415039,1583900,0.0,0.0,0.0
1997-01-16 00:00:00-05:00,47.22042294035665,47.38325198497857,46.89476485111281,47.25873565673828,1308400,0.0,0.0,0.0
1997-01-17 00:00:00-05:00,47.325779624373375,47.66101586943572,47.26831055379126,47.546077728271484,1604000,0.0,0.0,0.0
1997-01-20 00:00:00-05:00,47.66099611585529,47.87171595398809,47.48858897556482,47.6035270690918,1889900,0.0,0.0,0.0
1997-01-21 00:00:00-05:00,47.43112958653006,48.14949281734383,47.26830058754561,47.986663818359375,2785800,0.0,0.0,0.0
1997-01-22 00:00:00-05:00,48.005812543278594,48.33147048950195,47.73762364638877,48.33147048950195,1201600,0.0,0.0,0.0
1997-01-23 00:00:00-05:00,48.46558928106375,48.84871646905635,47.14380048248928,47.6610221862793,2601100,0.0,0.0,0.0
1997-01-24 00:00:00-05:00,47.73762126388301,47.756777612704795,47.04799270629883,47.04799270629883,2176000,0.0,0.0,0.0
1997-01-27 00:00:00-05:00,47.124629801465524,47.344927867610586,46.81812814422022,46.913909912109375,2108500,0.0,0.0,0.0
1997-01-28 00:00:00-05:00,47.584370473308745,47.718464915061226,46.588240334576035,47.04799270629883,4376000,0.0,0.0,0.0
1997-01-29 00:00:00-05:00,47.12462443690146,47.50775146484375,46.95221727432743,47.50775146484375,1122700,0.0,0.0,0.0
1997-01-30 00:00:00-05:00,47.737638570700476,48.13992204180189,47.45029323419947,48.120765686035156,2126300,0.0,0.0,0.0
1997-01-31 00:00:00-05:00,48.38892459983415,48.67626975779041,48.04411041028664,48.06326675415039,3208100,0.0,0.0,0.0
1997-02-03 00:00:00-05:00,48.25485346820846,48.36021341027878,48.03455540751597,48.20696258544922,755000,0.0,0.0,0.0
1997-02-04 00:00:00-05:00,48.27401852720722,48.55178569730425,48.082454961623064,48.5038948059082,654100,0.0,0.0,0.0
1997-02-05 00:00:00-05:00,48.57092993435521,48.71460257269387,47.2778761893073,47.593955993652344,2255400,0.0,0.0,0.0
1997-02-06 00:00:00-05:00,47.680142780534275,47.93875343844396,47.450266640170106,47.91001892089844,2483100,0.0,0.0,0.0
1997-02-07 00:00:00-05:00,48.31231161264273,48.580500495504346,47.68015210304035,48.561344146728516,2321000,0.0,0.0,0.0
1997-02-10 00:00:00-05:00,48.580532570751195,48.75293982356537,48.07288899302055,48.10162353515625,1670000,0.0,0.0,0.0
1997-02-11 00:00:00-05:00,48.29316431481069,48.657135009765625,47.89088091512365,48.657135009765625,1664300,0.0,0.0,0.0
1997-02-12 00:00:00-05:00,48.65715373376882,49.432986303145846,48.590106474686856,49.34678268432617,2675400,0.0,0.0,0.0
1997-02-13 00:00:00-05:00,49.538299709970495,49.99805191145514,49.46167434305639,49.883113861083984,1104800,0.0,0.0,0.0
1997-02-14 00:00:00-05:00,49.76818084716796,49.94058794017201,49.59577375416392,49.76818084716797,1112900,0.0,0.0,0.0
1997-02-18 00:00:00-05:00,49.863989655298134,50.22796038270907,49.5000189278872,50.18964767456055,833100,0.0,0.0,0.0
1997-02-19 00:00:00-05:00,50.055569119412205,50.26628908126201,49.74906735672159,49.854427337646484,648100,0.0,0.0,0.0
1997-02-20 00:00:00-05:00,49.672416268596855,49.873557946506715,49.13603846083723,49.2509765625,1193900,0.0,0.0,0.0
1997-02-21 00:00:00-05:00,49.28929795521785,49.509596022254385,49.126468949147366,49.2701416015625,1844400,0.0,0.0,0.0
1997-02-24 00:00:00-05:00,49.02112567033136,49.883161877898736,49.02112567033136,49.854427337646484,787300,0.0,0.0,0.0
1997-02-25 00:00:00-05:00,49.90230507575108,49.97893049621289,49.57664703878841,49.89272689819336,1653900,0.0,0.0,0.0
1997-02-26 00:00:00-05:00,49.84481272821326,49.92143811288385,48.81037003516042,49.40421676635742,1597800,0.0,0.0,0.0
1997-02-27 00:00:00-05:00,49.53832775672292,49.53832775672292,48.65713553831254,48.66671371459961,1813100,0.0,0.0,0.0
1997-02-28 00:00:00-05:00,48.580506009637624,48.96363302864108,48.46556790393659,48.52303695678711,2961200,0.0,0.0,0.0
1997-03-03 00:00:00-05:00,48.27401841107537,48.88702181946998,48.23570569805071,48.84870910644531,1210400,0.0,0.0,0.0
1997-03-04 00:00:00-05:00,48.98274642661543,49.1168407656793,48.48468173866392,48.58046340942383,1478700,0.0,0.0,0.0
1997-03-05 00:00:00-05:00,48.86783907366335,49.40421676635742,48.70501013123837,49.40421676635742,1254800,0.0,0.0,0.0
1997-03-06 00:00:00-05:00,49.423391606989966,49.595798787014346,48.96363912692494,49.11688995361328,1528500,0.0,0.0,0.0
1997-03-07 00:00:00-05:00,49.30843590971214,49.74903187937934,49.19349783066852,49.55746841430664,1859300,0.0,0.0,0.0
1997-03-10 00:00:00-05:00,49.614950776921035,50.07470321655274,49.375496381279525,50.074703216552734,1074900,0.0,0.0,0.0
1997-03-11 00:00:00-05:00,50.11302788367638,50.14176241801336,49.80652618408203,49.80652618408203,624600,0.0,0.0,0.0
1997-03-12 00:00:00-05:00,49.844833690804656,49.86399004502864,49.222252178525196,49.36592483520508,1055600,0.0,0.0,0.0
1997-03-13 00:00:00-05:00,49.193513526660894,49.327607994996804,48.465572127123075,48.599666595458984,2514100,0.0,0.0,0.0
1997-03-14 00:00:00-05:00,48.819974571676816,49.05942902808096,48.58052011527268,48.84870910644531,1642700,0.0,0.0,0.0
1997-03-17 00:00:00-05:00,48.58050472660833,49.05941348771449,48.08243961505793,48.9827880859375,3013500,0.0,0.0,0.0
1997-03-18 00:00:00-05:00,49.040254682249454,49.10730190544785,48.25484435335406,48.45598602294922,1352500,0.0,0.0,0.0
1997-03-19 00:00:00-05:00,48.33147600348721,48.73375939471719,47.852567204403904,48.29316329956055,1510000,0.0,0.0,0.0
1997-03-20 00:00:00-05:00,48.27400079754551,48.427251593728194,47.73762301090612,48.044124603271484,1808200,0.0,0.0,0.0
1997-03-21 00:00:00-05:00,48.420427855837396,48.45888729019469,48.20890096687226,48.2665901184082,2810600,0.299,0.0,0.0
1997-03-24 00:00:00-05:00,48.305040424699165,48.96846554199698,48.05505414861592,48.93962097167969,2145600,0.0,0.0,0.0
1997-03-25 00:00:00-05:00,48.82425364691113,49.20884800411406,48.324280982547336,48.45888900756836,2125800,0.0,0.0,0.0
1997-03-26 00:00:00-05:00,48.65115756152035,49.0165219858954,48.420401082967686,48.670387268066406,1335300,0.0,0.0,0.0
1997-03-27 00:00:00-05:00,48.84346169310731,48.84346169310731,46.86280163232382,47.38200378417969,2898500,0.0,0.0,0.0
1997-03-31 00:00:00-05:00,47.32432069667734,47.45892867915468,46.30514597220603,46.38206481933594,4270700,0.0,0.0,0.0
1997-04-01 00:00:00-05:00,46.305146803693845,46.882038167527234,46.18015367486327,46.68012619018555,3210900,0.0,0.0,0.0
1997-04-02 00:00:00-05:00,46.535889734357795,46.728186799375806,45.80516088728937,45.84362030029297,2672700,0.0,0.0,0.0
1997-04-03 00:00:00-05:00,45.80516703466002,46.228220634476365,45.65132936199954,46.09361267089844,2284200,0.0,0.0,0.0
1997-04-04 00:00:00-05:00,45.843642993576495,46.6801356404811,45.63211611734774,46.6705207824707,3706700,0.0,0.0,0.0
1997-04-07 00:00:00-04:00,46.88203975960089,47.15125573853215,46.85319519042968,46.85319519042969,2596200,0.0,0.0,0.0
1997-04-08 00:00:00-04:00,46.843570140288335,47.24739402080806,46.67050276292274,47.18970489501953,1822700,0.0,0.0,0.0
1997-04-09 00:00:00-04:00,47.382029223853486,47.410873803332294,46.67052959670958,46.805137634277344,2453200,0.0,0.0,0.0
1997-04-10 00:00:00-04:00,46.82434667213676,47.10317748394209,46.57436042706991,46.632049560546875,1996500,0.0,0.0,0.0
1997-04-11 00:00:00-04:00,46.18975610424347,46.343593759877926,45.15135192871094,45.15135192871094,4221600,0.0,0.0,0.0
1997-04-14 00:00:00-04:00,45.37250491625423,45.8147882869149,45.112903807388186,45.75709915161133,3988500,0.0,0.0,0.0
1997-04-15 00:00:00-04:00,46.30514358646614,46.54551497136266,45.84363052746481,46.5359001159668,2760400,0.0,0.0,0.0
1997-04-16 00:00:00-04:00,46.3820598265704,47.14163336021448,46.305140987720364,47.0743293762207,2273300,0.0,0.0,0.0
1997-04-17 00:00:00-04:00,47.074312255458814,47.381987498958544,46.766637011959084,46.882015228271484,1386000,0.0,0.0,0.0
1997-04-18 00:00:00-04:00,47.26662683292311,47.3723902371465,46.92049205546476,47.112789154052734,1702100,0.0,0.0,0.0
1997-04-21 00:00:00-04:00,47.22819146663318,47.32434006489587,46.439772960879125,46.805137634277344,2809400,0.0,0.0,0.0
1997-04-22 00:00:00-04:00,46.83396306790299,47.83390808105469,46.76665907663316,47.83390808105469,3215000,0.0,0.0,0.0
1997-04-23 00:00:00-04:00,47.785847568128965,48.01660417610383,47.497401808160376,47.881996154785156,2047700,0.0,0.0,0.0
1997-04-24 00:00:00-04:00,48.02619572243946,48.170418532416754,47.30508167255298,47.6416015625,2689900,0.0,0.0,0.0
1997-04-25 00:00:00-04:00,47.420479696202925,47.507013418276294,47.02627051786872,47.09357452392578,1606200,0.0,0.0,0.0
1997-04-28 00:00:00-04:00,47.07430737808173,47.88195480858803,46.99738857517636,47.555049896240234,1666500,0.0,0.0,0.0
1997-04-29 00:00:00-04:00,48.362730602711515,49.093459733090455,48.18004832011678,49.05500030517578,3197400,0.0,0.0,0.0
1997-04-30 00:00:00-04:00,48.76654912418004,49.651115866968794,48.747319412380286,49.28575134277344,3372200,0.0,0.0,0.0
1997-05-01 00:00:00-04:00,49.36267730742693,49.554974453151225,48.80501558482647,49.22806930541992,2149500,0.0,0.0,0.0
1997-05-02 00:00:00-04:00,49.40113336090298,50.25685560090306,49.26652536809399,50.112632751464844,1448300,0.0,0.0,0.0
1997-05-05 00:00:00-04:00,50.247240202358995,51.42025269847223,50.02609850227207,51.304874420166016,3636200,0.0,0.0,0.0
1997-05-06 00:00:00-04:00,51.05488020230842,51.36255556322629,50.76643455144792,51.26640701293945,1721100,0.0,0.0,0.0
1997-05-07 00:00:00-04:00,51.07411488726095,51.07411488726095,50.093399578808274,50.15108871459961,2327200,0.0,0.0,0.0
1997-05-08 00:00:00-04:00,50.03572493914148,51.208737706738575,49.958806069135115,50.49723815917969,2923700,0.0,0.0,0.0
1997-05-09 00:00:00-04:00,51.05489923445432,51.15104782058323,50.247251110971426,50.8433723449707,2558200,0.0,0.0,0.0
1997-05-12 00:00:00-04:00,51.03565437736965,51.84330226126171,50.99719495432717,51.6894645690918,2357900,0.0,0.0,0.0
1997-05-13 00:00:00-04:00,51.65100318814642,51.747151742107974,51.08372671977325,51.477935791015625,1195100,0.0,0.0,0.0
1997-05-14 00:00:00-04:00,51.83368633577487,51.99713888033213,51.3433287021031,51.5740852355957,2772000,0.0,0.0,0.0
1997-05-15 00:00:00-04:00,51.57408462524413,52.05482739766438,51.39140237172444,51.92021942138672,884100,0.0,0.0,0.0
1997-05-16 00:00:00-04:00,51.76638664449018,51.88176492081519,51.07411698654009,51.20872497558594,1934200,0.0,0.0,0.0
1997-05-19 00:00:00-04:00,51.26643075089649,51.63179541116169,51.11259299920587,51.362579345703125,1375800,0.0,0.0,0.0
1997-05-20 00:00:00-04:00,51.247198871890575,52.11253618867672,50.920293663326916,51.977928161621094,1756400,0.0,0.0,0.0
1997-05-21 00:00:00-04:00,52.11248916212965,52.29517131970907,51.47790903580113,51.86250305175781,1208000,0.0,0.0,0.0
1997-05-22 00:00:00-04:00,51.92022110734667,51.977910241910386,51.42024860779444,51.6894645690918,907600,0.0,0.0,0.0
1997-05-23 00:00:00-04:00,51.920198946037814,52.43940093549819,51.78559102284438,52.17018508911133,644400,0.0,0.0,0.0
1997-05-27 00:00:00-04:00,51.92021987511723,52.63171918451698,51.85291588639023,52.38173294067383,1531000,0.0,0.0,0.0
1997-05-28 00:00:00-04:00,52.38174620562351,52.58365822293593,52.00676674490043,52.37213134765625,716700,0.0,0.0,0.0
1997-05-29 00:00:00-04:00,52.362517542676144,52.45866612428223,51.99715293257301,52.064456939697266,1282700,0.0,0.0,0.0
1997-05-30 00:00:00-04:00,51.208717011617956,52.65094524138564,51.15102788242724,52.40095901489258,2143300,0.0,0.0,0.0
1997-06-02 00:00:00-04:00,52.516319748751584,52.61246826531832,52.131725682484635,52.17018508911133,1479100,0.0,0.0,0.0
1997-06-03 00:00:00-04:00,51.939461274965275,52.57404188291561,51.901001844180406,51.99715042114258,1562100,0.0,0.0,0.0
1997-06-04 00:00:00-04:00,52.01635669311388,52.150964640194026,51.73752594559072,51.93943786621094,1063100,0.0,0.0,0.0
1997-06-05 00:00:00-04:00,52.0548103076424,52.49709351306382,51.94904693243293,52.13172912597656,1180800,0.0,0.0,0.0
1997-06-06 00:00:00-04:00,52.05484976402757,53.18940319442196,52.05484976402757,53.150943756103516,1511100,0.0,0.0,0.0
1997-06-09 00:00:00-04:00,53.189359982121836,53.45857583163366,53.13167087151216,53.42011642456055,1823400,0.0,0.0,0.0
1997-06-10 00:00:00-04:00,53.43934960179626,53.78548428795399,53.22782284914432,53.58357238769531,1217500,0.0,0.0,0.0
1997-06-11 00:00:00-04:00,53.53551642953646,53.78550267723185,53.42975301704995,53.70858383178711,1673800,0.0,0.0,0.0
1997-06-12 00:00:00-04:00,54.07394274653658,54.76621228383221,53.881645652843346,54.74698257446289,4273300,0.0,0.0,0.0
1997-06-13 00:00:00-04:00,54.80469112735059,55.381582612901646,54.70854254642541,55.20851516723633,2132900,0.0,0.0,0.0
1997-06-16 00:00:00-04:00,55.22770690917969,55.38154453288214,55.05463958251443,55.22770690917969,800400,0.0,0.0,0.0
1997-06-17 00:00:00-04:00,55.03541675072834,55.525774237501075,54.727741464910146,55.150794982910156,2048100,0.0,0.0,0.0
1997-06-18 00:00:00-04:00,54.843114058732816,55.15078931291926,54.746965541799554,54.958492279052734,1971900,0.0,0.0,0.0
1997-06-19 00:00:00-04:00,55.14120073194628,55.689247539569806,54.996977887834824,55.525794982910156,2029900,0.0,0.0,0.0
1997-06-20 00:00:00-04:00,55.55860784834392,55.809567508534485,55.288343598907915,55.336605072021484,1396900,0.35,0.0,0.0
1997-06-23 00:00:00-04:00,55.230419943151105,55.53929331577971,53.95631728105814,53.99492645263672,3991500,0.0,0.0,0.0
1997-06-24 00:00:00-04:00,54.51614172388819,55.519980027585845,54.36170506178085,55.365543365478516,4895100,0.0,0.0,0.0
1997-06-25 00:00:00-04:00,55.27867508604285,55.751637383793174,54.32309819875138,54.979454040527344,4708900,0.0,0.0,0.0
1997-06-26 00:00:00-04:00,54.882943102904584,55.3655577977947,54.1686733544672,54.70920181274414,2569900,0.0,0.0,0.0
1997-06-27 00:00:00-04:00,54.96018282952334,55.42349311681121,54.78644147179039,54.921573638916016,2617900,0.0,0.0,0.0
1997-06-30 00:00:00-04:00,54.9215547935556,55.26903738978899,54.28450336712771,54.55476760864258,2384900,0.0,0.0,0.0
1997-07-01 00:00:00-04:00,54.670590571816795,55.32694653207166,54.60302451708468,55.19181442260742,1749000,0.0,0.0,0.0
1997-07-02 00:00:00-04:00,55.32695278264865,56.09913635253906,55.11460230092878,56.09913635253906,1961800,0.0,0.0,0.0
1997-07-03 00:00:00-04:00,56.75550270469029,56.92924403950057,56.504542998853225,56.87133026123047,2539100,0.0,0.0,0.0
1997-07-07 00:00:00-04:00,57.064362634520144,57.14158098720556,56.15704699046654,56.292179107666016,1158600,0.0,0.0,0.0
1997-07-08 00:00:00-04:00,56.36940218648582,56.948539880182594,56.33079300690604,56.88097381591797,3396500,0.0,0.0,0.0
1997-07-09 00:00:00-04:00,57.02575022501739,57.064359399171096,55.61651536840728,56.25356674194336,5390300,0.0,0.0,0.0
1997-07-10 00:00:00-04:00,56.29219278297125,56.73619841877658,55.89644862931868,56.50454330444336,2072200,0.0,0.0,0.0
1997-07-11 00:00:00-04:00,56.58173947436573,56.948526594806864,56.446607377361104,56.697566986083984,2258900,0.0,0.0,0.0
1997-07-14 00:00:00-04:00,56.765155001068635,57.02576700328405,56.35010625679964,56.87133026123047,3186400,0.0,0.0,0.0
1997-07-15 00:00:00-04:00,57.025760353034265,57.30567691536297,56.50453640938771,57.160892486572266,2983100,0.0,0.0,0.0
1997-07-16 00:00:00-04:00,57.52766181945801,58.1261039390564,57.38287743568421,57.913753509521484,2621300,0.0,0.0,0.0
1997-07-17 00:00:00-04:00,57.836537909068454,57.95236542156993,57.31531410281183,57.62418746948242,1794800,0.0,0.0,0.0
1997-07-18 00:00:00-04:00,57.460148663302924,57.58562857807244,56.25361102128833,56.39839553833008,3961900,0.0,0.0,0.0
1997-07-21 00:00:00-04:00,56.38871924017163,56.58176518074052,56.02193195309074,56.408023834228516,3810300,0.0,0.0,0.0
1997-07-22 00:00:00-04:00,56.6396669418658,57.942726764147984,56.60105776194633,57.904117584228516,4243400,0.0,0.0,0.0
1997-07-23 00:00:00-04:00,58.029591511677694,58.36742180158267,57.77863186774828,57.85585021972656,3204300,0.0,0.0,0.0
1997-07-24 00:00:00-04:00,58.02960999437204,58.23230823287533,57.2574262286452,58.12613296508789,4152700,0.0,0.0,0.0
1997-07-25 00:00:00-04:00,58.415641138109116,58.570077730675166,57.83650391598642,58.08746337890625,2364800,0.0,0.0,0.0
1997-07-28 00:00:00-04:00,58.22265338802559,58.41569932100976,57.759343148863586,58.048912048339844,2794700,0.0,0.0,0.0
1997-07-29 00:00:00-04:00,57.836562154464545,58.357786179221065,57.71108229665279,58.24195861816406,2737100,0.0,0.0,0.0
1997-07-30 00:00:00-04:00,58.37706054127728,59.072025547721054,58.3191467907403,58.936893463134766,4839800,0.0,0.0,0.0
1997-07-31 00:00:00-04:00,58.936896297267225,59.32298798607998,58.705241283979575,58.87898254394531,2138700,0.0,0.0,0.0
1997-08-01 00:00:00-04:00,58.99480610509073,59.12993818713773,57.952358615013864,58.64732360839844,7077700,0.0,0.0,0.0
1997-08-04 00:00:00-04:00,58.55080204047581,59.02376433852778,58.31914703734831,58.801761627197266,2339500,0.0,0.0,0.0
1997-08-05 00:00:00-04:00,58.743870111900996,59.11065733902098,58.628042566494685,58.84039306640625,1466700,0.0,0.0,0.0
1997-08-06 00:00:00-04:00,58.9562450003011,59.631905961339264,58.72458981365945,59.32303237915039,2478200,0.0,0.0,0.0
1997-08-07 00:00:00-04:00,59.61255675268955,59.6897750904521,58.76315503730149,58.87898254394531,3641900,0.0,0.0,0.0
1997-08-08 00:00:00-04:00,58.261247481687,58.531511717851224,57.0836675955429,57.68210983276367,7113100,0.0,0.0,0.0
1997-08-11 00:00:00-04:00,57.913784648096836,58.24196276110272,57.218819232319674,58.10683059692383,6355900,0.0,0.0,0.0
1997-08-12 00:00:00-04:00,58.203345877668646,58.406044097143116,57.12228870713815,57.18020248413086,6132500,0.0,0.0,0.0
1997-08-13 00:00:00-04:00,57.87517651210104,57.971699488271994,56.504550250473564,57.0064697265625,6982300,0.0,0.0,0.0
1997-08-14 00:00:00-04:00,57.508376082910694,57.6435082187215,56.65897408638566,57.218807220458984,3462700,0.0,0.0,0.0
1997-08-15 00:00:00-04:00,56.909945595857785,56.909945595857785,55.365578008453234,55.462100982666016,4907100,0.0,0.0,0.0
1997-08-18 00:00:00-04:00,55.8288606481971,56.697566986083984,55.19180933374672,56.697566986083984,5638900,0.0,0.0,0.0
1997-08-19 00:00:00-04:00,56.96784345279515,57.39254442058962,56.54314248500067,57.35393524169922,3802800,0.0,0.0,0.0
1997-08-20 00:00:00-04:00,57.41182943743799,58.26123108345254,57.209131317366335,58.22262191772461,3564600,0.0,0.0,0.0
1997-08-21 00:00:00-04:00,58.14542983972741,58.22264820604843,56.89063138701085,57.19950485229492,5392600,0.0,0.0,0.0
1997-08-22 00:00:00-04:00,56.21497286758577,57.286377741950815,55.94470857495315,57.18020248413086,8087800,0.0,0.0,0.0
1997-08-25 00:00:00-04:00,57.31535540754938,57.70144739412768,56.73621742768192,56.967872619628906,3888000,0.0,0.0,0.0
1997-08-26 00:00:00-04:00,56.83272282082975,57.18020550112015,56.03158219682689,56.12810516357422,4290000,0.0,0.0,0.0
1997-08-27 00:00:00-04:00,56.21494466145833,56.813386723445014,55.848157591208434,56.465904235839844,5484300,0.0,0.0,0.0
1997-08-28 00:00:00-04:00,56.33081788359531,56.7941282431588,55.597243147619764,55.606895446777344,4287900,0.0,0.0,0.0
1997-08-29 00:00:00-04:00,55.67443976923308,56.28253437836305,55.423480089274676,55.82887649536133,2652300,0.0,0.0,0.0
1997-09-02 00:00:00-04:00,56.021930676694694,57.67247343095293,55.96401689584353,57.643516540527344,7294000,0.0,0.0,0.0
1997-09-03 00:00:00-04:00,57.63383868310588,58.068191846853956,57.296008444635156,57.334617614746094,2812500,0.0,0.0,0.0
1997-09-04 00:00:00-04:00,57.489107345729096,57.894504005991124,57.296061317032894,57.70145797729492,2473700,0.0,0.0,0.0
1997-09-05 00:00:00-04:00,58.04889841500474,58.33846724647301,57.1994965093645,57.53732681274414,3663300,0.0,0.0,0.0
1997-09-08 00:00:00-04:00,57.89444807086701,58.06818932883226,57.6434884760283,57.788272857666016,803500,0.0,0.0,0.0
1997-09-09 00:00:00-04:00,57.585598008501314,58.241954137327674,57.39255208825826,57.81725311279297,1885200,0.0,0.0,0.0
1997-09-10 00:00:00-04:00,57.52765766069664,57.75931265798803,56.62034225463867,56.62034225463867,3623700,0.0,0.0,0.0
1997-09-11 00:00:00-04:00,56.69755947173172,56.77477780264317,55.75163491806647,56.330772399902344,7055900,0.0,0.0,0.0
1997-09-12 00:00:00-04:00,56.83272077229132,57.43116314455389,56.176364622067844,57.23811721801758,6708000,0.0,0.0,0.0
1997-09-15 00:00:00-04:00,57.23812453811233,57.64352103568412,56.94855561127533,57.1416015625,2060500,0.0,0.0,0.0
1997-09-16 00:00:00-04:00,57.64350526743055,58.859694427460056,57.4697639588549,58.570125579833984,6979000,0.0,0.0,0.0
1997-09-17 00:00:00-04:00,58.91760819698527,58.99482655635223,58.3770796814166,58.570125579833984,2220000,0.0,0.0,0.0
1997-09-18 00:00:00-04:00,58.68595475089484,59.535356727552525,58.66665016051625,58.82108688354492,5045400,0.0,0.0,0.0
1997-09-19 00:00:00-04:00,58.68808465472808,59.12403114027822,58.533081459865805,58.920589447021484,1566400,0.348,0.0,0.0
1997-09-22 00:00:00-04:00,59.21123393366273,59.64718051858008,59.036855299695794,59.24998474121094,3259000,0.0,0.0,0.0
1997-09-23 00:00:00-04:00,59.24995807592565,59.33714735366981,58.7461978045149,58.978702545166016,1872800,0.0,0.0,0.0
1997-09-24 00:00:00-04:00,59.133738828281885,59.589060867097295,58.455599621535534,58.49435043334961,2793100,0.0,0.0,0.0
1997-09-25 00:00:00-04:00,58.43616310002567,58.74616927031758,58.04865538716078,58.087406158447266,6327800,0.0,0.0,0.0
1997-09-26 00:00:00-04:00,58.55243628347626,58.78494099406584,58.397433143083205,58.57181167602539,3995800,0.0,0.0,0.0
1997-09-29 00:00:00-04:00,58.5912394392381,59.25000337473218,58.3781099306959,59.133750915527344,2065000,0.0,0.0,0.0
1997-09-30 00:00:00-04:00,58.901244915084334,59.32750392433824,58.513736724853516,58.513736724853516,4137600,0.0,0.0,0.0
1997-10-01 00:00:00-04:00,59.05620299694585,59.40496010125852,58.76557207668529,59.2887077331543,3567500,0.0,0.0,0.0
1997-10-02 00:00:00-04:00,59.23058367565851,59.63746697863163,59.094955908000806,59.61809158325195,2577500,0.0,0.0,0.0
1997-10-03 00:00:00-04:00,60.4318900204707,60.606268670738174,59.114362440672046,59.91844177246094,6499900,0.0,0.0,0.0
1997-10-06 00:00:00-04:00,60.33501490204809,60.51908126093359,60.08313462146793,60.31563949584961,2272100,0.0,0.0,0.0
1997-10-07 00:00:00-04:00,60.470649384147116,61.071287042240215,60.26720759672848,60.877532958984375,1832800,0.0,0.0,0.0
1997-10-08 00:00:00-04:00,60.984087063716004,60.993774766188395,59.9765660065871,60.451263427734375,4439400,0.0,0.0,0.0
1997-10-09 00:00:00-04:00,60.00558962351105,60.51903751664087,59.65683256402665,60.238094329833984,3607600,0.0,0.0,0.0
1997-10-10 00:00:00-04:00,59.71498257790842,60.13155367635911,59.67623177805254,60.06373977661133,2858100,0.0,0.0,0.0
1997-10-13 00:00:00-04:00,60.35435379377458,60.480293857870734,59.96684590424793,60.121849060058594,1760300,0.0,0.0,0.0
1997-10-14 00:00:00-04:00,60.43187398763047,60.45124938807537,59.63748256938974,60.14124298095703,2235700,0.0,0.0,0.0
1997-10-15 00:00:00-04:00,59.71498422742775,60.179993838543346,59.6956088269646,60.005615234375,2601700,0.0,0.0,0.0
1997-10-16 00:00:00-04:00,60.335001344755874,60.451253755824766,58.90122160823952,59.05622482299805,9488100,0.0,0.0,0.0
1997-10-17 00:00:00-04:00,58.91093431927331,59.133751535083746,57.6612203697278,58.45561218261719,8151300,0.0,0.0,0.0
1997-10-20 00:00:00-04:00,58.80432286605336,59.366209311890444,58.37806418300454,59.2887077331543,3636400,0.0,0.0,0.0
1997-10-21 00:00:00-04:00,59.65684009618647,60.451231276421495,59.5405877283472,60.44154357910156,5225400,0.0,0.0,0.0
1997-10-22 00:00:00-04:00,60.354367496506484,60.38343059481941,59.85060712574913,60.04436111450195,4485200,0.0,0.0,0.0
1997-10-23 00:00:00-04:00,58.86244201660156,59.36620221819196,58.45555877685547,58.86244201660156,8054100,0.0,0.0,0.0
1997-10-24 00:00:00-04:00,59.61811855371962,59.61811855371962,58.077773924203626,58.28121566772461,6778700,0.0,0.0,0.0
1997-10-27 00:00:00-05:00,57.670873408847385,58.24244766235351,53.8442322201199,54.0573616027832,10840700,0.0,0.0,0.0
1997-10-28 00:00:00-05:00,52.31360277455768,57.58371386888349,52.31360277455768,57.17683029174805,19548000,0.0,0.0,0.0
1997-10-29 00:00:00-05:00,57.35119429810939,58.12621043727303,56.59555356242484,57.021812438964844,10134400,0.0,0.0,0.0
1997-10-30 00:00:00-05:00,56.188664227579096,57.38993911796182,55.646152986761095,55.76240539550781,9772900,0.0,0.0,0.0
1997-10-31 00:00:00-05:00,56.92492614922197,57.351184956329824,56.072408535006254,57.07992935180664,7072700,0.0,0.0,0.0
1997-11-03 00:00:00-05:00,57.77745515995837,58.51372051746287,57.583701118509815,58.28121566772461,5548500,0.0,0.0,0.0
1997-11-04 00:00:00-05:00,58.203714051145184,58.55247132575258,57.83558137239294,58.28121566772461,3455700,0.0,0.0,0.0
1997-11-05 00:00:00-05:00,58.39743205551441,59.07557078210465,58.18430274144318,58.47493362426758,4774900,0.0,0.0,0.0
1997-11-06 00:00:00-05:00,58.30057472725111,58.49432871438056,57.971192949131044,58.25213623046875,3679800,0.0,0.0,0.0
1997-11-07 00:00:00-05:00,57.27368313366724,57.816194340616725,56.69242112622136,57.622440338134766,10606800,0.0,0.0,0.0
1997-11-10 00:00:00-05:00,58.0486937640323,58.184321553200604,57.04117304449636,57.273677825927734,4347900,0.0,0.0,0.0
1997-11-11 00:00:00-05:00,57.467442736659535,57.69994756229673,57.06055929179445,57.29306411743164,3212400,0.0,0.0,0.0
1997-11-12 00:00:00-05:00,56.80869401225728,57.48683326547317,56.03367772286769,56.11117935180664,6775300,0.0,0.0,0.0
1997-11-13 00:00:00-05:00,56.711793551565115,57.13805233466536,55.85927598536461,56.924922943115234,8589600,0.0,0.0,0.0
1997-11-14 00:00:00-05:00,57.23492635569371,57.90337759444504,56.798979895638496,57.69993591308594,5827900,0.0,0.0,0.0
1997-11-17 00:00:00-05:00,58.51366867533306,59.09493028469067,58.3005394185686,58.76554870605469,5149900,0.0,0.0,0.0
1997-11-18 00:00:00-05:00,58.78495745288669,58.95933603465201,58.21338321265592,58.3974494934082,3433600,0.0,0.0,0.0
1997-11-19 00:00:00-05:00,58.08745760585499,58.93997532922311,57.506195521740366,58.68809509277344,4387900,0.0,0.0,0.0
1997-11-20 00:00:00-05:00,59.094949427658946,59.85058976460278,59.07557403440398,59.5793342590332,4822700,0.0,0.0,0.0
1997-11-21 00:00:00-05:00,59.90873497462704,60.02498737108492,59.30809759292799,59.986236572265625,5436500,0.0,0.0,0.0
1997-11-24 00:00:00-05:00,59.52126978824013,59.73439933500792,58.668751601168985,58.9012565612793,4337200,0.0,0.0,0.0
1997-11-25 00:00:00-05:00,59.28872964513583,59.40498205620472,58.688092187946545,59.05622482299805,4525000,0.0,0.0,0.0
1997-11-26 00:00:00-05:00,59.44372402362118,59.511537919997544,59.094966842257044,59.230594635009766,2681100,0.0,0.0,0.0
1997-11-28 00:00:00-05:00,59.366209311890444,59.676215626835045,59.26933233847026,59.2887077331543,1564700,0.0,0.0,0.0
1997-12-01 00:00:00-05:00,59.65685769257632,60.81938171386718,59.54060529044723,60.81938171386719,4850900,0.0,0.0,0.0
1997-12-02 00:00:00-05:00,60.567515857403095,60.751582204378565,60.29626018817608,60.451263427734375,1974900,0.0,0.0,0.0
1997-12-03 00:00:00-05:00,60.52874480333143,61.090631358804096,60.063735240181636,60.6256217956543,3302500,0.0,0.0,0.0
1997-12-04 00:00:00-05:00,61.07128070579915,61.20690855000618,60.37376607844865,60.56752014160156,2872500,0.0,0.0,0.0
1997-12-05 00:00:00-05:00,60.37373281202961,61.38125338527272,60.21872964691528,61.34250259399414,3458800,0.0,0.0,0.0
1997-12-08 00:00:00-05:00,61.36191355355148,61.3812889604203,60.91627919556863,61.16815948486328,2289200,0.0,0.0,0.0
1997-12-09 00:00:00-05:00,60.89686858600838,61.12937333403005,60.5287360683074,60.799991607666016,1703000,0.0,0.0,0.0
1997-12-10 00:00:00-05:00,60.49001544497474,60.664394092958325,59.81187625837188,60.276885986328125,3558400,0.0,0.0,0.0
1997-12-11 00:00:00-05:00,59.71499443178944,59.88937306575638,59.094981511018105,59.24998474121094,5072800,0.0,0.0,0.0
1997-12-12 00:00:00-05:00,59.7924888426579,59.83123964553713,58.84309417211667,59.36623001098633,4478400,0.0,0.0,0.0
1997-12-15 00:00:00-05:00,59.67623832345202,60.20906187991141,59.44373349881519,59.96686935424805,4674700,0.0,0.0,0.0
1997-12-16 00:00:00-05:00,60.27687669213796,60.64500933667368,60.06374726635413,60.33500289916992,2885800,0.0,0.0,0.0
1997-12-17 00:00:00-05:00,60.664389857174584,60.68376526115324,59.95718761195361,60.025001525878906,2236300,0.0,0.0,0.0
1997-12-18 00:00:00-05:00,60.102493025022504,60.102493025022504,59.03684598557175,59.443729400634766,4658300,0.0,0.0,0.0
1997-12-19 00:00:00-05:00,58.84378117537129,59.680238230095576,57.50155938988348,58.9994010925293,8556000,0.38,0.0,0.0
1997-12-22 00:00:00-05:00,59.40796675998397,59.69975441597603,58.86329646879879,59.378787994384766,5136800,0.0,0.0,0.0
1997-12-23 00:00:00-05:00,59.40789315730751,59.524608075101824,58.22129149306529,58.31855392456055,4436500,0.0,0.0,0.0
1997-12-24 00:00:00-05:00,58.78547597242542,58.78547597242542,58.04628070870862,58.1435432434082,2019200,0.0,0.0,0.0
1997-12-26 00:00:00-05:00,58.59091148389176,58.59091148389176,58.14350412528303,58.37693405151367,941800,0.0,0.0,0.0
1997-12-29 00:00:00-05:00,58.882714293984804,59.58300425585578,58.7854517992805,59.5246467590332,2080000,0.0,0.0,0.0
1997-12-30 00:00:00-05:00,59.71916767007443,60.53617256979531,59.660810177237224,60.4583625793457,3616000,0.0,0.0,0.0
1997-12-31 00:00:00-05:00,60.30274911304482,60.769609106178066,60.186034114761505,60.419464111328125,4359500,0.0,0.0,0.0
1998-01-02 00:00:00-05:00,60.57509667532785,60.78907421657018,60.088784081595286,60.730716705322266,2360900,0.0,0.0,0.0
1998-01-05 00:00:00-05:00,60.90577969622711,61.275377209554584,60.24439467237795,60.86687469482422,4191800,0.0,0.0,0.0
1998-01-06 00:00:00-05:00,60.53620846715211,60.55566097629965,59.87482315613566,59.8942756652832,3154900,0.0,0.0,0.0
1998-01-07 00:00:00-05:00,59.81642432995973,60.20547424430093,59.271754449882046,60.04985427856445,4424200,0.0,0.0,0.0
1998-01-08 00:00:00-05:00,59.95260173573213,59.95260173573213,59.36902676750632,59.5246467590332,3831000,0.0,0.0,0.0
1998-01-09 00:00:00-05:00,59.291199939188,59.446819886534946,57.209783143422534,57.46266555786133,10258800,0.0,0.0,0.0
1998-01-12 00:00:00-05:00,56.72350357441192,58.62984903061644,56.587336041825886,58.51313400268555,12097900,0.0,0.0,0.0
1998-01-13 00:00:00-05:00,58.902195419561664,59.36905562103772,58.6493128104288,59.33015060424805,5224900,0.0,0.0,0.0
1998-01-14 00:00:00-05:00,59.56357301557655,59.73864556852893,58.96054533318502,59.60247802734375,3770400,0.0,0.0,0.0
1998-01-15 00:00:00-05:00,59.446848854415215,59.60246887759431,59.0188937906727,59.10643005371094,2875400,0.0,0.0,0.0
1998-01-16 00:00:00-05:00,59.91371644927959,60.18605152404904,59.54411884780676,59.95262145996094,4374800,0.0,0.0,0.0
1998-01-20 00:00:00-05:00,60.186044446962235,61.0127758267282,60.06932942864234,60.92523956298828,5091700,0.0,0.0,0.0
1998-01-21 00:00:00-05:00,60.51671675602749,60.80850420422435,59.85533187344796,60.341644287109375,4699400,0.0,0.0,0.0
1998-01-22 00:00:00-05:00,59.855367262550715,60.30277494764615,59.68029469012206,59.80673599243164,4543400,0.0,0.0,0.0
1998-01-23 00:00:00-05:00,60.06928772569091,60.24436013162719,59.13556822736411,59.71914291381836,6350300,0.0,0.0,0.0
1998-01-26 00:00:00-05:00,59.991518823854925,60.2152226067584,59.38849123515859,59.68027877807617,4362900,0.0,0.0,0.0
1998-01-27 00:00:00-05:00,59.64137353001583,60.69180868025094,59.54411101610516,60.28330612182617,7044200,0.0,0.0,0.0
1998-01-28 00:00:00-05:00,60.63346640889089,61.07114783147673,60.49729885519752,60.8279914855957,4268600,0.0,0.0,0.0
1998-01-29 00:00:00-05:00,60.90575559145318,61.975642706601676,60.73068315442888,61.15863800048828,8007700,0.0,0.0,0.0
1998-01-30 00:00:00-05:00,61.489339164011206,61.60605413869772,61.003026769484066,61.19755172729492,3649100,0.0,0.0,0.0
1998-02-02 00:00:00-05:00,62.189669195751314,62.559266854406076,62.09240665400006,62.20912170410156,5756300,0.0,0.0,0.0
1998-02-03 00:00:00-05:00,62.24800550293879,62.75377054765016,62.07293298746177,62.675960540771484,2759600,0.0,0.0,0.0
1998-02-04 00:00:00-05:00,62.42306062047567,62.967730516821355,62.209083161197,62.5981330871582,3374000,0.0,0.0,0.0
1998-02-05 00:00:00-05:00,63.06503418547597,63.24010676649672,62.26748131638143,62.559268951416016,5076200,0.0,0.0,0.0
1998-02-06 00:00:00-05:00,62.870494284166476,63.259544372558594,62.675969239970414,63.259544372558594,5701200,0.0,0.0,0.0
1998-02-09 00:00:00-05:00,63.31790928191809,63.337361788609925,62.69542906777942,63.04557418823242,2322200,0.0,0.0,0.0
1998-02-10 00:00:00-05:00,63.1428477140394,63.78478054662205,62.9872276334133,63.64861297607422,3660400,0.0,0.0,0.0
1998-02-11 00:00:00-05:00,63.55132784278942,63.70694786811612,63.30817155321646,63.590232849121094,4073200,0.0,0.0,0.0
1998-02-12 00:00:00-05:00,63.31788646641062,64.0765339540266,62.792668974984174,63.86255645751953,5024700,0.0,0.0,0.0
1998-02-13 00:00:00-05:00,63.609669243588165,63.813920475104275,63.41514426119187,63.49295425415039,2101300,0.0,0.0,0.0
1998-02-17 00:00:00-05:00,63.99870891105839,64.17378136704608,63.590206513753756,63.80418395996094,3055500,0.0,0.0,0.0
1998-02-18 00:00:00-05:00,63.68751182901895,64.41698088631529,63.66805932082438,64.38780212402344,3007400,0.0,0.0,0.0
1998-02-19 00:00:00-05:00,64.27108236789341,64.36834490174313,63.959842259574316,64.04737854003906,3387800,0.0,0.0,0.0
1998-02-20 00:00:00-05:00,64.21268586189515,64.56283077116935,63.726373487903224,64.52392578125,3707000,0.0,0.0,0.0
1998-02-23 00:00:00-05:00,64.89357052364865,64.89357052364865,64.32944775830518,64.77685546875,3227800,0.0,0.0,0.0
1998-02-24 00:00:00-05:00,64.67955193277133,64.79626691370265,64.07652453129286,64.27104949951172,3386800,0.0,0.0,0.0
1998-02-25 00:00:00-05:00,64.58232894464102,65.28261925849857,64.50451890976795,65.06864166259766,3481800,0.0,0.0,0.0
1998-02-26 00:00:00-05:00,65.01023937774185,65.49655176087877,64.85461941513805,65.43819427490234,3187600,0.0,0.0,0.0
1998-02-27 00:00:00-05:00,65.34093179827495,65.69107671413353,65.06859686371828,65.43819427490234,3442900,0.0,0.0,0.0
1998-03-02 00:00:00-05:00,65.51597932026363,65.82721912701072,65.12692956182975,65.302001953125,4252300,0.0,0.0,0.0
1998-03-03 00:00:00-05:00,65.06861100264635,65.74944848697896,65.06861100264635,65.67163848876953,3349200,0.0,0.0,0.0
1998-03-04 00:00:00-05:00,65.41874770572232,65.6132726765987,65.01024526688195,65.2436752319336,4404100,0.0,0.0,0.0
1998-03-05 00:00:00-05:00,64.42667042000122,65.01024533322587,64.21269295181885,64.6406478881836,7268000,0.0,0.0,0.0
1998-03-06 00:00:00-05:00,65.088097446858,65.94400787353516,65.01028740806917,65.94400787353516,6896300,0.0,0.0,0.0
1998-03-09 00:00:00-05:00,65.69111115414408,66.11906627566945,65.51603860442916,65.71056365966797,3362800,0.0,0.0,0.0
1998-03-10 00:00:00-05:00,66.1190455775107,66.50809556619862,65.94397308260115,66.33302307128906,5481900,0.0,0.0,0.0
1998-03-11 00:00:00-05:00,66.58592196730098,66.79989951379245,66.46920694194199,66.64427947998047,3439600,0.0,0.0,0.0
1998-03-12 00:00:00-05:00,66.66375097895776,66.97499113526455,66.29415329334347,66.91663360595703,3191300,0.0,0.0,0.0
1998-03-13 00:00:00-05:00,67.13060223746655,67.22786477330756,66.52757451525227,66.66374206542969,2879400,0.0,0.0,0.0
1998-03-16 00:00:00-05:00,67.13058609555004,67.46127863789265,66.93606107064262,67.38346862792969,3223600,0.0,0.0,0.0
1998-03-17 00:00:00-05:00,67.42235244109703,67.57797241210938,67.01385001718964,67.57797241210938,4581900,0.0,0.0,0.0
1998-03-18 00:00:00-05:00,67.38350195046445,67.8309097290039,67.24733436569157,67.8309097290039,1944100,0.0,0.0,0.0
1998-03-19 00:00:00-05:00,67.83088600935598,68.08376857836133,67.63636095627496,68.0059585571289,2554800,0.0,0.0,0.0
1998-03-20 00:00:00-05:00,68.39640021297033,68.7865679266781,67.9672157278918,68.59148406982422,3123300,0.313,0.0,0.0
1998-03-23 00:00:00-05:00,68.49400341986522,68.86466307949993,68.29891938847854,68.43547821044922,4453100,0.0,0.0,0.0
1998-03-24 00:00:00-05:00,68.7085718356532,69.17677334731012,68.63053825037704,69.02070617675781,3333600,0.0,0.0,0.0
1998-03-25 00:00:00-05:00,69.54741789905738,69.62545146752757,68.1623220587115,68.76708221435547,4597600,0.0,0.0,0.0
1998-03-26 00:00:00-05:00,68.59150674577941,69.1377417255524,68.43543960870142,68.72806549072266,3333500,0.0,0.0,0.0
1998-03-27 00:00:00-05:00,69.1377807234413,69.15728912657995,68.04531014767585,68.43547821044922,2611300,0.0,0.0,0.0
1998-03-30 00:00:00-05:00,68.43547065939417,68.72809667418633,68.02579423868514,68.39645385742188,3108700,0.0,0.0,0.0
1998-03-31 00:00:00-05:00,68.76709007146074,69.4108670848957,68.51348094495607,68.63053131103516,5926500,0.0,0.0,0.0
1998-04-01 00:00:00-05:00,68.86465010514603,69.34260589199476,68.29890652071282,69.18653869628906,2929000,0.0,0.0,0.0
1998-04-02 00:00:00-05:00,69.25477510715628,70.07412737602968,69.13772478303152,69.93756866455078,3920900,0.0,0.0,0.0
1998-04-03 00:00:00-05:00,70.13267491679703,70.42530082048326,69.82054061953173,70.28874206542969,3787600,0.0,0.0,0.0
1998-04-06 00:00:00-04:00,70.69842700072354,70.77646058460955,69.72300720214844,69.72300720214844,4550500,0.0,0.0,0.0
1998-04-07 00:00:00-04:00,69.7619863934584,69.8790367061991,68.76705873516244,69.25476837158203,5583700,0.0,0.0,0.0
1998-04-08 00:00:00-04:00,69.43035970152944,69.4693764813561,68.51346537560309,68.86461639404297,4854800,0.0,0.0,0.0
1998-04-09 00:00:00-04:00,69.0206675580407,69.46936042232417,69.00115917263706,69.41083526611328,4481200,0.0,0.0,0.0
1998-04-13 00:00:00-04:00,69.52788581547097,69.52788581547097,68.66951685478615,69.21575164794922,4350200,0.0,0.0,0.0
1998-04-14 00:00:00-04:00,69.37181802646217,69.8010025024414,69.23525932955968,69.8010025024414,3279100,0.0,0.0,0.0
1998-04-15 00:00:00-04:00,69.89856705086154,69.99610900878906,69.39134886963843,69.99610900878906,3867200,0.0,0.0,0.0
1998-04-16 00:00:00-04:00,69.4888920835096,69.60594243513819,68.98167389311901,69.1767578125,7177900,0.0,0.0,0.0
1998-04-17 00:00:00-04:00,69.11826133356432,70.19122333563772,68.94268573322503,70.09368133544922,5688800,0.0,0.0,0.0
1998-04-20 00:00:00-04:00,69.91808293603842,70.26923402221273,69.84004936133302,70.07415008544922,3688300,0.0,0.0,0.0
1998-04-21 00:00:00-04:00,70.19120751367971,70.63990061340586,69.85956478779518,70.40579986572266,4573200,0.0,0.0,0.0
1998-04-22 00:00:00-04:00,70.46430948578411,70.8154605297332,70.4252927031231,70.60086822509766,2386100,0.0,0.0,0.0
1998-04-23 00:00:00-04:00,70.30824339389801,70.54234409332275,69.76200842857361,69.91807556152344,5062000,0.0,0.0,0.0
1998-04-24 00:00:00-04:00,69.76200957064299,70.21070258521927,68.88413193342852,69.1767578125,11039700,0.0,0.0,0.0
1998-04-27 00:00:00-04:00,68.27938148913009,68.47446543624189,67.18691138530401,67.86970520019531,14510200,0.0,0.0,0.0
1998-04-28 00:00:00-04:00,68.5330062167838,68.55251461593461,67.49906106179105,67.77217864990234,6511400,0.0,0.0,0.0
1998-04-29 00:00:00-04:00,68.06476569461985,68.65001733429844,67.69410632282342,68.24034118652344,7703100,0.0,0.0,0.0
1998-04-30 00:00:00-04:00,69.02068259265695,69.86929754256667,68.92314064439147,69.50839233398438,8684500,0.0,0.0,0.0
1998-05-01 00:00:00-04:00,69.76201543879449,70.28874206542969,69.48889792868735,70.28874206542969,4008800,0.0,0.0,0.0
1998-05-04 00:00:00-04:00,70.3667759266441,70.73743540615789,70.01562484078893,70.11316680908203,4537200,0.0,0.0,0.0
1998-05-05 00:00:00-04:00,69.91809133335668,70.01563331345345,69.37185624481484,69.6254653930664,5146400,0.0,0.0,0.0
1998-05-06 00:00:00-04:00,69.99610309476449,69.99610309476449,68.78658291865652,68.80609130859375,5526100,0.0,0.0,0.0
1998-05-07 00:00:00-04:00,68.98168303388022,69.02069982292653,68.25987243652344,68.25987243652344,6940400,0.0,0.0,0.0
1998-05-08 00:00:00-04:00,68.66953177178536,69.52790091893267,68.66953177178536,69.37183380126953,7951000,0.0,0.0,0.0
1998-05-11 00:00:00-04:00,69.64496696506612,70.05464324133122,68.90364798896738,69.13774871826172,6336300,0.0,0.0,0.0
1998-05-12 00:00:00-04:00,69.17677939716894,69.89859012409936,68.88415342679176,69.87908172607422,6045200,0.0,0.0,0.0
1998-05-13 00:00:00-04:00,69.9570997552067,70.26923405417025,69.66447384992837,70.05464172363281,4441500,0.0,0.0,0.0
1998-05-14 00:00:00-04:00,69.62547287726116,70.34728360756618,69.50842248856304,69.70350646972656,4187500,0.0,0.0,0.0
1998-05-15 00:00:00-04:00,69.91810727730088,70.05466608057685,69.176788059517,69.31334686279297,6716100,0.0,0.0,0.0
1998-05-18 00:00:00-04:00,69.11824812381137,69.66448322047147,68.56225882899663,69.04021453857422,4847200,0.0,0.0,0.0
1998-05-19 00:00:00-04:00,69.29380004780032,69.72298462016845,69.15724132022864,69.50839233398438,5918700,0.0,0.0,0.0
1998-05-20 00:00:00-04:00,69.97659274184244,70.23020180391211,69.21576555563338,70.17167663574219,5716600,0.0,0.0,0.0
1998-05-21 00:00:00-04:00,70.15219191352149,70.40580106115101,69.48890645049042,69.72300720214844,6301500,0.0,0.0,0.0
1998-05-22 00:00:00-04:00,69.76202447441187,69.95710843547008,69.25480617566055,69.44989013671875,4862200,0.0,0.0,0.0
1998-05-26 00:00:00-04:00,69.9766188329402,69.9766188329402,68.16233794320966,68.3379135131836,6899300,0.0,0.0,0.0
1998-05-27 00:00:00-04:00,67.75268410059583,68.61105383869725,67.15767780486644,68.43547821044922,10202600,0.0,0.0,0.0
1998-05-28 00:00:00-04:00,68.59148387930585,68.90361804940508,68.0842658528946,68.74755096435547,4907600,0.0,0.0,0.0
1998-05-29 00:00:00-04:00,69.059709202905,69.17675955748619,68.06478118896484,68.06478118896484,4772600,0.0,0.0,0.0
1998-06-01 00:00:00-04:00,68.02574873637201,68.80608425385262,67.77213969319081,68.37689971923828,6092200,0.0,0.0,0.0
1998-06-02 00:00:00-04:00,68.66957904811325,68.88417148263859,68.1428521633692,68.43547821044922,6701100,0.0,0.0,0.0
1998-06-03 00:00:00-04:00,68.59150116744766,68.78658507292958,67.34296417236328,67.34296417236328,6445100,0.0,0.0,0.0
1998-06-04 00:00:00-04:00,67.57704801418404,68.70853438393655,67.45999770007171,68.59148406982422,6566300,0.0,0.0,0.0
1998-06-05 00:00:00-04:00,68.90363919734955,69.91807556152344,68.59150493144989,69.91807556152344,8463200,0.0,0.0,0.0
1998-06-08 00:00:00-04:00,69.87907416487539,70.21071689541779,69.70349860164706,69.84005737304688,4159900,0.0,0.0,0.0
1998-06-09 00:00:00-04:00,69.74250742466926,70.18144628258675,69.54742348781703,70.05464172363281,2725300,0.0,0.0,0.0
1998-06-10 00:00:00-04:00,69.68399061536574,70.58137683269689,69.4498898630185,69.60595703125,6186900,0.0,0.0,0.0
1998-06-11 00:00:00-04:00,69.56690371877566,69.84002111980283,68.27935025679047,68.29885864257812,8056600,0.0,0.0,0.0
1998-06-12 00:00:00-04:00,68.59149882344114,68.9426498413086,67.57706254960185,68.9426498413086,9779000,0.0,0.0,0.0
1998-06-15 00:00:00-04:00,67.92820848832467,68.61100208312402,67.10885617456543,67.12836456298828,10234200,0.0,0.0,0.0
1998-06-16 00:00:00-04:00,67.6745904639713,68.18180849569896,67.26491436142203,68.16230010986328,7471500,0.0,0.0,0.0
1998-06-17 00:00:00-04:00,68.76708095669245,69.78151732825218,68.6305222143671,69.58643341064453,12057700,0.0,0.0,0.0
1998-06-18 00:00:00-04:00,69.41088129815435,69.56694848488432,69.1377637213769,69.27432250976562,3844600,0.0,0.0,0.0
1998-06-19 00:00:00-04:00,69.55344770389277,69.66108528475135,68.65320611853006,68.92719268798828,3549100,0.352,0.0,0.0
1998-06-22 00:00:00-04:00,69.04462014850704,69.55345238316156,68.92719732512522,69.25989532470703,5438300,0.0,0.0,0.0
1998-06-23 00:00:00-04:00,69.57301596029282,70.17970048765403,69.51430455441916,70.08184814453125,5004600,0.0,0.0,0.0
1998-06-24 00:00:00-04:00,70.23840629302231,71.19735917916276,69.8959231194007,71.02122497558594,8291900,0.0,0.0,0.0
1998-06-25 00:00:00-04:00,71.33436658387022,71.66706458988553,70.64940010089752,70.90381622314453,5854800,0.0,0.0,0.0
1998-06-26 00:00:00-04:00,70.96252678802475,71.29522479006457,70.84510396377539,71.19737243652344,4833100,0.0,0.0,0.0
1998-06-29 00:00:00-04:00,71.5496345714359,71.82362113708145,71.26586277130302,71.4517822265625,5953400,0.0,0.0,0.0
1998-06-30 00:00:00-04:00,71.33437101445143,71.51050526386983,70.80596826619625,70.96253204345703,4284800,0.0,0.0,0.0
1998-07-01 00:00:00-04:00,71.43223158275808,71.98020486613267,71.15824494107079,71.78450012207031,3489500,0.0,0.0,0.0
1998-07-02 00:00:00-04:00,71.84321925364384,71.941071636174,71.54966210605336,71.92150115966797,3503900,0.0,0.0,0.0
1998-07-06 00:00:00-04:00,71.8823508805242,72.64559936523438,71.74535756275571,72.64559936523438,3144400,0.0,0.0,0.0
1998-07-07 00:00:00-04:00,72.63579110931931,72.72385821426123,72.19545558460972,72.50858306884766,4920700,0.0,0.0,0.0
1998-07-08 00:00:00-04:00,72.5673112286632,73.23270728631546,72.48902933952765,73.03700256347656,6875000,0.0,0.0,0.0
1998-07-09 00:00:00-04:00,72.82173137803717,73.09571800509778,72.41075143744625,72.54774475097656,6942500,0.0,0.0,0.0
1998-07-10 00:00:00-04:00,72.66516134570679,73.23270502441014,72.0584767236446,72.93914794921875,7849700,0.0,0.0,0.0
1998-07-13 00:00:00-04:00,72.99788118943636,73.17401548721247,72.68475354894548,72.958740234375,6555100,0.0,0.0,0.0
1998-07-14 00:00:00-04:00,73.23273488254699,73.99598358923308,73.23273488254699,73.78070831298828,6983600,0.0,0.0,0.0
1998-07-15 00:00:00-04:00,73.93724912004271,74.07424243498191,73.60455106947609,73.64369201660156,4977500,0.0,0.0,0.0
1998-07-16 00:00:00-04:00,73.70239836510835,74.26994205936967,73.3109889207902,74.15251922607422,6315600,0.0,0.0,0.0
1998-07-17 00:00:00-04:00,74.28952241936796,74.52436811721633,74.09381767116099,74.25038146972656,3539500,0.0,0.0,0.0
1998-07-20 00:00:00-04:00,74.36780431865076,74.67114667837157,73.85897197331262,74.25038146972656,2338400,0.0,0.0,0.0
1998-07-21 00:00:00-04:00,74.5243784368294,74.5243784368294,72.82174689166024,72.958740234375,5518600,0.0,0.0,0.0
1998-07-22 00:00:00-04:00,72.8608878467216,73.26208263610054,72.35205543092393,72.958740234375,10417300,0.0,0.0,0.0
1998-07-23 00:00:00-04:00,72.84132110478778,73.01745541159677,71.33439425764412,71.51052856445312,15110900,0.0,0.0,0.0
1998-07-24 00:00:00-04:00,71.99975535785359,72.07803723375231,70.68853393654992,71.4517822265625,11540500,0.0,0.0,0.0
1998-07-27 00:00:00-04:00,71.15828816255927,72.01938955946594,70.66902600522594,71.96067810058594,9600000,0.0,0.0,0.0
1998-07-28 00:00:00-04:00,71.66706556475839,71.80405886321641,70.06228692567859,70.74725341796875,13693000,0.0,0.0,0.0
1998-07-29 00:00:00-04:00,71.21693679525667,71.47135289262911,70.29712475091013,70.47325897216797,7462400,0.0,0.0,0.0
1998-07-30 00:00:00-04:00,71.1582588748958,71.76494370028682,71.02126552722684,71.53009796142578,6821600,0.0,0.0,0.0
1998-07-31 00:00:00-04:00,71.60836469070652,71.70621706115023,69.71002870409856,70.00358581542969,7680500,0.0,0.0,0.0
1998-08-03 00:00:00-04:00,70.0036020402089,70.40479685201329,69.5339105532184,69.71004486083984,10486500,0.0,0.0,0.0
1998-08-04 00:00:00-04:00,70.2775532530847,70.2775532530847,67.00928497314453,67.00928497314453,15091600,0.0,0.0,0.0
1998-08-05 00:00:00-04:00,67.5964248292352,68.18353911553429,66.12863911348748,67.92912292480469,21718400,0.0,0.0,0.0
1998-08-06 00:00:00-04:00,67.71384676365899,68.57494770516217,67.36157819668043,68.2226791381836,13084400,0.0,0.0,0.0
1998-08-07 00:00:00-04:00,68.69234104746396,69.25988460597577,67.92909281360325,68.34007263183594,12083800,0.0,0.0,0.0
1998-08-10 00:00:00-04:00,68.1052484819966,68.67279221934658,67.75297995536557,67.94868469238281,6273000,0.0,0.0,0.0
1998-08-11 00:00:00-04:00,66.87229597526685,67.2832758451763,66.06990670544363,66.9310073852539,14287100,0.0,0.0,0.0
1998-08-12 00:00:00-04:00,67.47899448247803,68.18353154784033,67.32243069017531,68.06610870361328,11158400,0.0,0.0,0.0
1998-08-13 00:00:00-04:00,68.14437458984233,68.6727772647205,67.24413299560547,67.24413299560547,9073900,0.0,0.0,0.0
1998-08-14 00:00:00-04:00,67.85081461040376,68.08566023351447,66.24603618581388,66.46131134033203,8628500,0.0,0.0,0.0
1998-08-17 00:00:00-04:00,66.3829913111844,68.22261430152973,66.06986399367882,67.87034606933594,11290000,0.0,0.0,0.0
1998-08-18 00:00:00-04:00,68.26177107572286,69.2598646321626,68.12477784248603,69.12287139892578,7603900,0.0,0.0,0.0
1998-08-19 00:00:00-04:00,69.57301709112578,69.57301709112578,68.65320505082117,68.94676208496094,6258600,0.0,0.0,0.0
1998-08-20 00:00:00-04:00,68.69235325785516,69.14247409116875,68.35965525062339,68.5357894897461,7402800,0.0,0.0,0.0
1998-08-21 00:00:00-04:00,67.75299301542766,68.08569113248782,66.06993195265274,67.98783874511719,16685400,0.0,0.0,0.0
1998-08-24 00:00:00-04:00,68.41836547851562,68.84891583335755,67.83125135827665,68.41836547851562,7201700,0.0,0.0,0.0
1998-08-25 00:00:00-04:00,69.12288607418809,69.67085912347383,68.03672520863955,68.57491302490234,9688300,0.0,0.0,0.0
1998-08-26 00:00:00-04:00,67.8116861139729,68.65321641784038,67.47898808686249,68.18352508544922,9339700,0.0,0.0,0.0
1998-08-27 00:00:00-04:00,67.00925042945218,67.36151868521449,64.79778860161103,64.97392272949219,24887800,0.0,0.0,0.0
1998-08-28 00:00:00-04:00,65.73719904760063,66.20689025842005,63.97585700702783,64.73910522460938,23735900,0.0,0.0,0.0
1998-08-31 00:00:00-04:00,64.97398053606352,65.14032958261669,59.49424723784129,60.12050247192383,22563100,0.0,0.0,0.0
1998-09-01 00:00:00-04:00,60.159633264773944,62.977781342238956,58.6331363894804,62.66465377807617,24748500,0.0,0.0,0.0
1998-09-02 00:00:00-04:00,62.508091859676504,63.72146120698394,61.862266239335455,62.214534759521484,13843200,0.0,0.0,0.0
1998-09-03 00:00:00-04:00,61.13817026528967,62.23411697939218,60.59019690823842,61.725284576416016,17311300,0.0,0.0,0.0
1998-09-04 00:00:00-04:00,62.2732515749724,62.508097275443696,59.96393552033798,61.21644592285156,17783800,0.0,0.0,0.0
1998-09-08 00:00:00-04:00,63.173495375994335,64.50428771972656,62.50809920412822,64.50428771972656,14746500,0.0,0.0,0.0
1998-09-09 00:00:00-04:00,64.34773023804622,64.58257596884201,62.899514898138854,62.938655853271484,12109700,0.0,0.0,0.0
1998-09-10 00:00:00-04:00,61.64700863930175,62.214552528361985,60.629343734779944,61.68614959716797,19889300,0.0,0.0,0.0
1998-09-11 00:00:00-04:00,61.490426647934214,63.68231964111328,60.746748668105596,63.68231964111328,20379800,0.0,0.0,0.0
1998-09-14 00:00:00-04:00,64.42602114951143,65.41433040469074,63.93675914199691,64.77828979492188,10686800,0.0,0.0,0.0
1998-09-15 00:00:00-04:00,64.42599218786658,65.32623387700446,64.05415322930963,65.16967010498047,8337900,0.0,0.0,0.0
1998-09-16 00:00:00-04:00,65.60018831888834,65.91331570943196,64.60209476153055,65.75675201416016,11024900,0.0,0.0,0.0
1998-09-17 00:00:00-04:00,64.03456972159591,64.52383140956654,63.741012708813535,63.87800598144531,12945200,0.0,0.0,0.0
1998-09-18 00:00:00-04:00,64.33927761950112,64.35891720363406,63.534054670050715,64.16252136230469,7019200,0.359,0.0,0.0
1998-09-21 00:00:00-04:00,62.61101208813887,64.98740244656572,62.178941113879446,64.12326049804688,8834600,0.0,0.0,0.0
1998-09-22 00:00:00-04:00,65.04631808200989,65.14451602597427,64.20181576391616,64.65352630615234,7270100,0.0,0.0,0.0
1998-09-23 00:00:00-04:00,65.2819900067053,67.2459487915039,65.22307124316134,67.2459487915039,13688500,0.0,0.0,0.0
1998-09-24 00:00:00-04:00,66.81391519786355,67.12814877904104,64.88923451315144,65.59626007080078,11129500,0.0,0.0,0.0
1998-09-25 00:00:00-04:00,64.81067465363647,66.25418513455837,64.49644107955824,65.5177001953125,10247400,0.0,0.0,0.0
1998-09-28 00:00:00-04:00,66.1854309335891,66.81389793355197,65.51768474612857,66.10687255859375,8847800,0.0,0.0,0.0
1998-09-29 00:00:00-04:00,66.22473775239982,66.57825058737704,64.96780322803636,65.94978332519531,10618100,0.0,0.0,0.0
1998-09-30 00:00:00-04:00,65.04634296689045,65.55697247085759,63.71085041805333,63.94652557373047,7908400,0.0,0.0,0.0
1998-10-01 00:00:00-04:00,62.86632777074709,63.818847888485685,61.64867318724621,62.10038375854492,13335600,0.0,0.0,0.0
1998-10-02 00:00:00-04:00,62.13965379204248,63.396587370642585,61.098755672264275,63.29838943481445,14351800,0.0,0.0,0.0
1998-10-05 00:00:00-04:00,62.591383529962656,62.82705864836854,60.54886583711166,62.02183532714844,12807200,0.0,0.0,0.0
1998-10-06 00:00:00-04:00,63.318057072030385,63.651930201752634,61.295178697830906,61.96292495727539,12621000,0.0,0.0,0.0
1998-10-07 00:00:00-04:00,61.982564182355134,62.866345991038905,60.17572137349053,61.03986358642578,14348500,0.0,0.0,0.0
1998-10-08 00:00:00-04:00,59.42943853392488,60.80421074059201,57.956468312495815,60.70601272583008,20625000,0.0,0.0,0.0
1998-10-09 00:00:00-04:00,60.961293567448166,62.08075031143804,59.11517191946488,61.92363357543945,12708500,0.0,0.0,0.0
1998-10-12 00:00:00-04:00,63.239519048310996,63.75014870522282,62.6503309826435,62.82708740234375,9508500,0.0,0.0,0.0
1998-10-13 00:00:00-04:00,62.571728513710475,63.101997399419886,62.061099216360674,62.61100769042969,6256800,0.0,0.0,0.0
1998-10-14 00:00:00-04:00,62.17899301409203,63.98583677824126,62.12007419569586,63.200252532958984,8176900,0.0,0.0,0.0
1998-10-15 00:00:00-04:00,62.925265430033086,67.40309330707663,62.80742785432141,66.59786987304688,20541100,0.0,0.0,0.0
1998-10-16 00:00:00-04:00,66.69606631656863,67.0888582265602,65.98904087858381,66.61750793457031,16573900,0.0,0.0,0.0
1998-10-19 00:00:00-04:00,66.42110885100135,67.12813425568379,66.30327128355427,66.85317993164062,7915900,0.0,0.0,0.0
1998-10-20 00:00:00-04:00,67.59946137276765,68.37522509276309,66.67640074391231,67.2459487915039,14611600,0.0,0.0,0.0
1998-10-21 00:00:00-04:00,67.16741644623411,67.63876673708488,66.53894939176642,67.01029968261719,9178400,0.0,0.0,0.0
1998-10-22 00:00:00-04:00,67.10850327723362,68.1690415204208,66.71571133531245,68.01192474365234,8277500,0.0,0.0,0.0
1998-10-23 00:00:00-04:00,67.8548068559529,67.87444645272741,67.10850217852129,67.14778137207031,6237200,0.0,0.0,0.0
1998-10-26 00:00:00-05:00,67.69768984724836,68.16904016820396,67.10850194605385,67.6387710571289,5838600,0.0,0.0,0.0
1998-10-27 00:00:00-05:00,68.14936983251125,68.48324282592702,66.79423827100022,67.2459487915039,10089700,0.0,0.0,0.0
1998-10-28 00:00:00-05:00,66.9709808635321,67.57980796229148,66.63710793840599,67.12809753417969,5650600,0.0,0.0,0.0
1998-10-29 00:00:00-05:00,67.30489440673897,68.777864082988,67.01030047148917,68.75822448730469,9625600,0.0,0.0,0.0
1998-10-30 00:00:00-05:00,69.20993655811657,69.70092645991933,68.81714463667437,69.13137817382812,9872800,0.0,0.0,0.0
1998-11-02 00:00:00-05:00,69.64200715645731,70.30975341796875,69.24921523792118,70.30975341796875,6501400,0.0,0.0,0.0
1998-11-03 00:00:00-05:00,70.13297581283578,70.27045294268453,69.60270688341922,69.79910278320312,6866000,0.0,0.0,0.0
1998-11-04 00:00:00-05:00,70.68291022464268,71.07570216809721,69.81876794904271,70.5454330444336,8233600,0.0,0.0,0.0
1998-11-05 00:00:00-05:00,70.09371585735938,71.60596470045736,69.83840111761558,71.50776672363281,6841500,0.0,0.0,0.0
1998-11-06 00:00:00-05:00,71.31133123817736,71.99871669489347,71.21313331578935,71.72376251220703,5224800,0.0,0.0,0.0
1998-11-09 00:00:00-05:00,71.60594947760235,71.80234538949924,70.70252828287671,71.2131576538086,6188700,0.0,0.0,0.0
1998-11-10 00:00:00-05:00,71.01676940917969,71.60595720848151,70.54541916973824,71.01676940917969,14015200,0.0,0.0,0.0
1998-11-11 00:00:00-05:00,71.52741290306992,71.64525048610628,70.31957767694723,70.5454330444336,10922400,0.0,0.0,0.0
1998-11-12 00:00:00-05:00,70.58471074949539,71.09534026521239,70.19191881432846,70.46687316894531,5457400,0.0,0.0,0.0
1998-11-13 00:00:00-05:00,70.52579919666076,71.15426635742188,70.4668804003394,71.15426635742188,5524600,0.0,0.0,0.0
1998-11-16 00:00:00-05:00,71.78275307433246,71.87113129289183,70.94806989904953,71.68455505371094,6023700,0.0,0.0,0.0
1998-11-17 00:00:00-05:00,71.42924020009498,72.66653525992616,71.01680851348459,71.68455505371094,9058900,0.0,0.0,0.0
1998-11-18 00:00:00-05:00,71.84163807887657,72.27370916628371,71.33100861194087,72.11659240722656,4567700,0.0,0.0,0.0
1998-11-19 00:00:00-05:00,72.45044704544364,72.84323884292503,72.03801565808817,72.74504089355469,5249300,0.0,0.0,0.0
1998-11-20 00:00:00-05:00,73.12803870790897,73.37353366798655,72.80398536060657,73.29497528076172,5562000,0.0,0.0,0.0
1998-11-23 00:00:00-05:00,73.82527661348512,75.18040938452276,73.62888055971155,75.0232925415039,7151300,0.0,0.0,0.0
1998-11-24 00:00:00-05:00,74.78759321849891,75.20002479874798,74.44390023495801,74.55191802978516,5323700,0.0,0.0,0.0
1998-11-25 00:00:00-05:00,74.74831402037995,74.90543081285578,74.29660324201191,74.55191802978516,4393500,0.0,0.0,0.0
1998-11-27 00:00:00-05:00,75.08216704683822,75.23928379713242,74.79739293693,75.101806640625,4557900,0.0,0.0,0.0
1998-11-30 00:00:00-05:00,74.79741397381342,75.0232693658835,72.98075103759766,72.98075103759766,8705400,0.0,0.0,0.0
1998-12-01 00:00:00-05:00,72.98076101824024,74.17877674001437,72.41121256034762,73.9234619140625,8950600,0.0,0.0,0.0
1998-12-02 00:00:00-05:00,73.668125897638,74.10019701727225,72.90218164010459,73.70740509033203,7495500,0.0,0.0,0.0
1998-12-03 00:00:00-05:00,73.68777691539599,74.35552329469328,72.33264455741029,72.48976135253906,12145300,0.0,0.0,0.0
1998-12-04 00:00:00-05:00,73.29494319218894,74.47331848466786,73.216384839357,74.39476013183594,10339500,0.0,0.0,0.0
1998-12-07 00:00:00-05:00,74.19838998446764,75.08217176035463,74.15911079442822,74.74829864501953,4290000,0.0,0.0,0.0
1998-12-08 00:00:00-05:00,74.49297181947718,75.25891590093238,73.84486528901508,74.41441345214844,10102600,0.0,0.0,0.0
1998-12-09 00:00:00-05:00,74.5911972279041,74.76795361943942,74.08056765235763,74.55191802978516,5327900,0.0,0.0,0.0
1998-12-10 00:00:00-05:00,74.68934235855183,74.68934235855183,73.35385056775993,73.46186828613281,5966600,0.0,0.0,0.0
1998-12-11 00:00:00-05:00,73.17712844881203,73.74667668418925,72.62721980775815,73.60919952392578,8198200,0.0,0.0,0.0
1998-12-14 00:00:00-05:00,73.00036974686842,73.15748649639087,71.48812103271484,71.48812103271484,9521400,0.0,0.0,0.0
1998-12-15 00:00:00-05:00,72.07732475946852,73.37353822925733,71.979126769333,73.33425903320312,9631500,0.0,0.0,0.0
1998-12-16 00:00:00-05:00,73.60921345897705,73.60921345897705,72.74507114515768,73.2360610961914,7260000,0.0,0.0,0.0
1998-12-17 00:00:00-05:00,73.66809461235418,74.53223648463985,73.55025708431522,74.40457916259766,6914700,0.0,0.0,0.0
1998-12-18 00:00:00-05:00,74.60254272026351,75.11486868717499,74.32667489192657,74.72077178955078,4802400,0.392,0.0,0.0
1998-12-21 00:00:00-05:00,75.19369615572172,76.51392090478707,75.03605737971392,75.76513671875,8580700,0.0,0.0,0.0
1998-12-22 00:00:00-05:00,75.92275408325511,76.4350799607959,75.15426526694395,76.10009765625,5461100,0.0,0.0,0.0
1998-12-23 00:00:00-05:00,76.41533766728865,77.69615173339844,76.17887968585299,77.69615173339844,7791000,0.0,0.0,0.0
1998-12-24 00:00:00-05:00,77.65680930496659,77.71592385150679,77.24300747918524,77.36123657226562,1507100,0.0,0.0,0.0
1998-12-28 00:00:00-05:00,77.71588189316965,77.75529156958606,76.92768836484136,77.16414642333984,4203600,0.0,0.0,0.0
1998-12-29 00:00:00-05:00,77.38090974856645,78.49423325271569,77.00651777371982,78.38585662841797,3935800,0.0,0.0,0.0
1998-12-30 00:00:00-05:00,78.14939924840448,78.66172511337133,77.57795886055685,77.75530242919922,6810700,0.0,0.0,0.0
1998-12-31 00:00:00-05:00,77.75530242919922,78.14939924840448,77.2232717232721,77.75530242919922,6790500,0.0,0.0,0.0
1999-01-04 00:00:00-05:00,77.79470274840207,78.95728822513858,76.7503463031981,77.57794952392578,9450400,0.0,0.0,0.0
1999-01-05 00:00:00-05:00,77.51884354687647,78.74054367394976,77.51884354687647,78.46467590332031,8031000,0.0,0.0,0.0
1999-01-06 00:00:00-05:00,79.33164161581102,80.5533410147629,79.29223195778032,80.35629272460938,7737700,0.0,0.0,0.0
1999-01-07 00:00:00-05:00,79.68635915546596,80.2183897432992,79.31196726032407,79.96222686767578,5504900,0.0,0.0,0.0
1999-01-08 00:00:00-05:00,80.82925827862465,81.02630668983534,79.43021455902876,80.55339050292969,6224400,0.0,0.0,0.0
1999-01-11 00:00:00-05:00,80.5139759277585,80.5139759277585,78.95729357379547,79.78489685058594,7578300,0.0,0.0,0.0
1999-01-12 00:00:00-05:00,79.58786358631833,79.58786358631833,78.03118093632597,78.3464584350586,7768800,0.0,0.0,0.0
1999-01-13 00:00:00-05:00,75.92277079101996,78.8982025038266,75.90306594523977,77.79473114013672,10810600,0.0,0.0,0.0
1999-01-14 00:00:00-05:00,77.95236208414903,78.12970567837485,76.23804067329944,76.43508911132812,11400700,0.0,0.0,0.0
1999-01-15 00:00:00-05:00,77.16416020992413,78.68143302304061,76.96711179263627,78.4252700805664,7817700,0.0,0.0,0.0
1999-01-19 00:00:00-05:00,79.00655085886947,79.21345166545835,77.87352263231129,78.93758392333984,6535100,0.0,0.0,0.0
1999-01-20 00:00:00-05:00,79.50902360686575,80.67160908215821,78.83905909568027,79.5681381225586,6534400,0.0,0.0,0.0
1999-01-21 00:00:00-05:00,79.18389789034956,79.35138902686019,77.30208570955365,77.45972442626953,6937500,0.0,0.0,0.0
1999-01-22 00:00:00-05:00,77.00651140227603,78.0902775555834,76.78975817161455,77.28237915039062,7522300,0.0,0.0,0.0
1999-01-25 00:00:00-05:00,77.73557444403473,78.18878565118627,76.86856169991876,78.070556640625,5700300,0.0,0.0,0.0
1999-01-26 00:00:00-05:00,78.26762636758693,79.48932647705078,77.95234891998336,79.48932647705078,6047000,0.0,0.0,0.0
1999-01-27 00:00:00-05:00,79.68637785326726,79.84401658294732,78.28733412735679,78.56320190429688,7399400,0.0,0.0,0.0
1999-01-28 00:00:00-05:00,78.97697002333729,80.06073582954576,78.93756035765698,79.88339233398438,5961700,0.0,0.0,0.0
1999-01-29 00:00:00-05:00,80.29718387374972,80.89818120090293,79.0754843890448,80.49423217773438,6456800,0.0,0.0,0.0
1999-02-01 00:00:00-05:00,81.14453054736677,81.14453054736677,80.02135467529297,80.02135467529297,9426800,0.0,0.0,0.0
1999-02-02 00:00:00-05:00,80.12972990514265,80.2184016829794,78.6715717807161,79.52873229980469,9194500,0.0,0.0,0.0
1999-02-03 00:00:00-05:00,79.25288064005564,80.67162937354246,79.23317579653498,80.3366470336914,10290700,0.0,0.0,0.0
1999-02-04 00:00:00-05:00,80.31695727618091,80.39577666506824,78.68145495676899,79.1346664428711,7761100,0.0,0.0,0.0
1999-02-05 00:00:00-05:00,79.23318814294464,79.23318814294464,77.6962101088363,78.22824096679688,7516100,0.0,0.0,0.0
1999-02-08 00:00:00-05:00,78.87847764795302,78.87847764795302,77.7750065641945,78.38585662841797,8528400,0.0,0.0,0.0
1999-02-09 00:00:00-05:00,78.42523513523219,78.50405446702638,76.62224292043979,76.63209533691406,8985700,0.0,0.0,0.0
1999-02-10 00:00:00-05:00,77.00649633003121,77.55823171827095,76.50402303002717,77.12472534179688,6936700,0.0,0.0,0.0
1999-02-11 00:00:00-05:00,77.59765868134551,79.50902813083523,77.24297156700722,78.89817810058594,9181800,0.0,0.0,0.0
1999-02-12 00:00:00-05:00,78.70112301678942,79.13462945303614,77.32178435600443,77.95233917236328,10676600,0.0,0.0,0.0
1999-02-16 00:00:00-05:00,78.6616905732412,79.21342587786313,77.47940063476562,77.47940063476562,6915500,0.0,0.0,0.0
1999-02-17 00:00:00-05:00,77.67647198212852,79.04595823346234,77.08532683766786,77.40060424804688,7858100,0.0,0.0,0.0
1999-02-18 00:00:00-05:00,77.67646948343939,78.42525330900273,77.06561952047981,78.0114517211914,9048900,0.0,0.0,0.0
1999-02-19 00:00:00-05:00,78.18881968569228,79.29229093125649,77.79472281227649,78.3464584350586,5312200,0.0,0.0,0.0
1999-02-22 00:00:00-05:00,78.4646960814054,80.53370489319535,78.36617185227256,80.4351806640625,10695800,0.0,0.0,0.0
1999-02-23 00:00:00-05:00,80.45485120661118,81.02629149193857,79.82429640900854,80.39573669433594,7770700,0.0,0.0,0.0
1999-02-24 00:00:00-05:00,80.61249906764535,81.24305393691073,78.81935865817194,78.97699737548828,7271000,0.0,0.0,0.0
1999-02-25 00:00:00-05:00,78.52381366566387,78.99672998385105,77.36122771678703,78.22824096679688,11633000,0.0,0.0,0.0
1999-02-26 00:00:00-05:00,78.66172493378441,78.72083945653024,77.44002479703727,77.9129409790039,9621300,0.0,0.0,0.0
1999-03-01 00:00:00-05:00,77.97206858265746,78.3858703112993,77.1641699695948,78.12970733642578,7607200,0.0,0.0,0.0
1999-03-02 00:00:00-05:00,78.50404807520276,79.01637369015138,77.12470988111035,77.43998718261719,9651500,0.0,0.0,0.0
1999-03-03 00:00:00-05:00,77.61737033319727,77.91294295442042,76.78976699377247,77.85382843017578,7881400,0.0,0.0,0.0
1999-03-04 00:00:00-05:00,78.22820793596156,79.12477807729312,77.72573456005047,78.83905792236328,8256400,0.0,0.0,0.0
1999-03-05 00:00:00-05:00,80.39575096615445,80.78984778461599,79.80460573846214,80.42530822753906,10703100,0.0,0.0,0.0
1999-03-08 00:00:00-05:00,80.88836473058238,81.2134945766371,80.23810503847295,80.94747924804688,4802200,0.0,0.0,0.0
1999-03-09 00:00:00-05:00,80.78984455575937,81.93272528362134,80.55338647413276,80.75043487548828,7893400,0.0,0.0,0.0
1999-03-10 00:00:00-05:00,81.0065970307799,81.49921802950759,80.57309055189954,81.45980834960938,3950000,0.0,0.0,0.0
1999-03-11 00:00:00-05:00,81.77505073364843,82.72088264574845,81.26272511459423,82.36619567871094,6583700,0.0,0.0,0.0
1999-03-12 00:00:00-05:00,82.60266962466032,82.62237445997155,81.47949401192042,81.57801818847656,5286500,0.0,0.0,0.0
1999-03-15 00:00:00-05:00,81.93273258595332,82.76033594540739,81.65686479946862,82.74063110351562,5394400,0.0,0.0,0.0
1999-03-16 00:00:00-05:00,82.68151694965111,83.01649926331748,82.26771526806326,82.42535400390625,4547500,0.0,0.0,0.0
1999-03-17 00:00:00-05:00,82.4056380914182,82.56327680608375,81.7356735540896,82.0706558227539,4524100,0.0,0.0,0.0
1999-03-18 00:00:00-05:00,81.8341496022302,83.46965030461043,81.81444477449068,83.39083099365234,3506300,0.0,0.0,0.0
1999-03-19 00:00:00-05:00,83.632647988193,83.83017431787697,81.97342681884766,81.97342681884766,5526700,0.32,0.0,0.0
1999-03-22 00:00:00-05:00,82.21044973251395,82.5462444575146,81.80552079942491,82.13143920898438,4603800,0.0,0.0,0.0
1999-03-23 00:00:00-05:00,81.73639456761715,81.87466299728688,79.4549654780667,79.7611312866211,9713800,0.0,0.0,0.0
1999-03-24 00:00:00-05:00,80.17592595299311,80.38332857001859,79.40557337546988,80.2154312133789,6280900,0.0,0.0,0.0
1999-03-25 00:00:00-05:00,80.94629067895956,81.85491180419922,80.74876434738572,81.85491180419922,6639600,0.0,0.0,0.0
1999-03-26 00:00:00-05:00,81.30186489848877,81.61790713327396,80.72903834794063,81.26235961914062,6159700,0.0,0.0,0.0
1999-03-29 00:00:00-05:00,81.6375884518954,83.07952988837938,81.6375884518954,82.9017562866211,5863900,0.0,0.0,0.0
1999-03-30 00:00:00-05:00,82.13146742769344,82.94132557212235,81.89443577566546,82.4672622680664,5401400,0.0,0.0,0.0
1999-03-31 00:00:00-05:00,82.90179057989519,83.1882037234283,81.10430119634255,81.14380645751953,7413600,0.0,0.0,0.0
1999-04-01 00:00:00-05:00,81.9734053094481,81.9734053094481,80.98577392017764,81.7561264038086,7683600,0.0,0.0,0.0
1999-04-05 00:00:00-04:00,82.7635510867571,83.81044087377337,82.3289930619579,83.69192504882812,5791100,0.0,0.0,0.0
1999-04-06 00:00:00-04:00,83.55365030303587,84.05734252117473,82.90181331485616,83.49439239501953,5381300,0.0,0.0,0.0
1999-04-07 00:00:00-04:00,83.86970315900551,84.3042612064615,83.040092341135,84.1659927368164,6248600,0.0,0.0,0.0
1999-04-08 00:00:00-04:00,84.18572304594144,85.29187050970792,83.61289668077666,85.23261260986328,5909100,0.0,0.0,0.0
1999-04-09 00:00:00-04:00,84.97582824678747,85.64741777732927,84.4425071490043,85.25236511230469,4365800,0.0,0.0,0.0
1999-04-12 00:00:00-04:00,84.3634832540492,86.22023048558295,84.2054622130676,86.16097259521484,8213200,0.0,0.0,0.0
1999-04-13 00:00:00-04:00,86.12146325632895,86.25973166063957,85.015316021844,85.60789489746094,10071400,0.0,0.0,0.0
1999-04-14 00:00:00-04:00,86.002988119244,86.002988119244,83.86970315900551,84.1659927368164,11551700,0.0,0.0,0.0
1999-04-15 00:00:00-04:00,84.34376867359462,84.42277922972913,82.80306282897158,83.8499526977539,11150000,0.0,0.0,0.0
1999-04-16 00:00:00-04:00,84.00791710554265,84.00791710554265,82.92152269199812,83.13880157470703,6476200,0.0,0.0,0.0
1999-04-19 00:00:00-04:00,83.8696803862524,85.03508574253804,81.1438170105334,81.85491180419922,12487200,0.0,0.0,0.0
1999-04-20 00:00:00-04:00,82.05243895960719,82.92155482725829,81.5388704923588,82.88204956054688,9049600,0.0,0.0,0.0
1999-04-21 00:00:00-04:00,82.84254385565474,85.72642831033419,82.42773855737893,85.25236511230469,5772200,0.0,0.0,0.0
1999-04-22 00:00:00-04:00,85.41038842734214,86.20049377819636,84.94620153371528,86.06222534179688,6897400,0.0,0.0,0.0
1999-04-23 00:00:00-04:00,85.88448361477104,86.4375575662921,85.33140966324997,85.84497833251953,4593100,0.0,0.0,0.0
1999-04-26 00:00:00-04:00,86.27947197929177,86.47699824298063,85.62763530911856,86.33872985839844,3606500,0.0,0.0,0.0
1999-04-27 00:00:00-04:00,86.67454477390089,86.91157634575293,85.86468690340637,86.75355529785156,5147200,0.0,0.0,0.0
1999-04-28 00:00:00-04:00,86.23996390838481,86.75353217719334,85.3313431251082,85.56837463378906,5544300,0.0,0.0,0.0
1999-04-29 00:00:00-04:00,85.68693298637992,86.00297515507103,84.58078539596099,84.91658020019531,9824300,0.0,0.0,0.0
1999-04-30 00:00:00-04:00,85.39061723641115,85.72641193754902,83.11906484636089,84.22521209716797,10991900,0.0,0.0,0.0
1999-05-03 00:00:00-04:00,84.34375564385427,85.86470861448115,84.12647664805043,85.76594543457031,10709700,0.0,0.0,0.0
1999-05-04 00:00:00-04:00,85.41042176719024,85.84497987978926,84.14625271235671,84.54130554199219,10509300,0.0,0.0,0.0
1999-05-05 00:00:00-04:00,84.6597636350615,85.3708582432888,83.33633755863846,85.21283721923828,10032300,0.0,0.0,0.0
1999-05-06 00:00:00-04:00,84.9758358150738,85.4103937853043,83.67216190438229,84.68942260742188,13507200,0.0,0.0,0.0
1999-05-07 00:00:00-04:00,85.01535579540112,85.41040856396711,84.34376608883893,85.3313980102539,8680700,0.0,0.0,0.0
1999-05-10 00:00:00-04:00,85.23260328899195,85.78567696039214,84.40299278189168,84.90668487548828,5580100,0.0,0.0,0.0
1999-05-11 00:00:00-04:00,85.5289138027843,86.51654560189267,85.15361371912313,85.76594543457031,7000600,0.0,0.0,0.0
1999-05-12 00:00:00-04:00,85.80544619935085,86.73382004174715,83.119087846885,86.43753051757812,13865800,0.0,0.0,0.0
1999-05-13 00:00:00-04:00,86.75358540922302,87.22764871747013,86.4770484794122,86.8128433227539,4485700,0.0,0.0,0.0
1999-05-14 00:00:00-04:00,85.05485873276929,85.88446952393889,84.38326904467961,84.56104278564453,8370100,0.0,0.0,0.0
1999-05-17 00:00:00-04:00,84.46228544024684,85.00548301966845,83.67217987017905,84.81783294677734,6268100,0.0,0.0,0.0
1999-05-18 00:00:00-04:00,85.03509775144832,85.32151097267852,83.83018695868681,84.65979766845703,8218600,0.0,0.0,0.0
1999-05-19 00:00:00-04:00,84.99558835430555,85.33138314910528,84.22523558976502,85.27212524414062,5052400,0.0,0.0,0.0
1999-05-20 00:00:00-04:00,85.41038947370996,85.70667898391015,84.73879991725619,84.75855255126953,4670400,0.0,0.0,0.0
1999-05-21 00:00:00-04:00,84.77827766513221,85.13382496195709,83.81039891266448,84.28446197509766,6418200,0.0,0.0,0.0
1999-05-24 00:00:00-04:00,84.60052866249339,84.60052866249339,82.41786267668776,82.88204956054688,7952000,0.0,0.0,0.0
1999-05-25 00:00:00-04:00,83.04004861402882,83.65238008573074,81.18330157080362,81.53884887695312,15406400,0.0,0.0,0.0
1999-05-26 00:00:00-04:00,81.73642237196714,82.80306490654573,80.96606943032704,82.44751739501953,12575900,0.0,0.0,0.0
1999-05-27 00:00:00-04:00,82.07221784577766,82.3487548012147,80.90681210500729,81.26235961914062,14515400,0.0,0.0,0.0
1999-05-28 00:00:00-04:00,81.5388932158849,82.64504099206938,81.28210891069921,82.29936981201172,8748000,0.0,0.0,0.0
1999-06-01 00:00:00-04:00,82.24997872148636,82.26973135806692,81.14383107297454,82.01294708251953,6705300,0.0,0.0,0.0
1999-06-02 00:00:00-04:00,82.01293130237627,82.28946816129564,80.91666018308872,82.0919418334961,6981900,0.0,0.0,0.0
1999-06-03 00:00:00-04:00,82.60551492070776,82.72403072403732,82.03268853794819,82.54625701904297,6076600,0.0,0.0,0.0
1999-06-04 00:00:00-04:00,83.09934998811369,84.2943846147552,82.76355513434665,84.20549774169922,9787200,0.0,0.0,0.0
1999-06-07 00:00:00-04:00,84.34373422711042,84.81779737030729,84.0079395006793,84.42274475097656,5299100,0.0,0.0,0.0
1999-06-08 00:00:00-04:00,84.30425749203658,84.57091810031739,83.17835714596205,83.5931625366211,4895700,0.0,0.0,0.0
1999-06-09 00:00:00-04:00,83.69188039305081,84.12643818598144,83.31658048097435,83.51410675048828,7409700,0.0,0.0,0.0
1999-06-10 00:00:00-04:00,83.07956149351001,83.0993141234419,81.91415632752879,82.74376678466797,7040700,0.0,0.0,0.0
1999-06-11 00:00:00-04:00,82.9413592908379,83.57344395321152,81.59817938329397,82.052490234375,12824800,0.0,0.0,0.0
1999-06-14 00:00:00-04:00,82.60550235016177,82.64500761192656,81.88453132295449,82.13143920898438,6823500,0.0,0.0,0.0
1999-06-15 00:00:00-04:00,82.4672379564339,83.2178379665763,82.22033005836076,82.68451690673828,5700900,0.0,0.0,0.0
1999-06-16 00:00:00-04:00,83.67211549225067,84.62024144683708,83.67211549225067,84.26469421386719,7865800,0.0,0.0,0.0
1999-06-17 00:00:00-04:00,83.98820540963689,85.68693204774338,83.83018432702234,85.05484771728516,8162800,0.0,0.0,0.0
1999-06-18 00:00:00-04:00,84.99462381525338,85.39086914772543,84.55875394953412,85.15312194824219,2875100,0.405,0.0,0.0
1999-06-21 00:00:00-04:00,85.25216549419095,85.74747205643932,84.73704666945262,85.35122680664062,4646400,0.0,0.0,0.0
1999-06-22 00:00:00-04:00,84.954973803106,85.7078397090104,84.6379776321989,84.75685119628906,5862400,0.0,0.0,0.0
1999-06-23 00:00:00-04:00,84.32097753516267,84.7172227303467,83.76623426190503,84.34078979492188,9629200,0.0,0.0,0.0
1999-06-24 00:00:00-04:00,84.24177948178624,84.2814040252866,82.8351081875231,83.70684814453125,9176900,0.0,0.0,0.0
1999-06-25 00:00:00-04:00,84.06343645228654,84.33090201724195,83.21150909724332,83.49878692626953,4087000,0.0,0.0,0.0
1999-06-28 00:00:00-04:00,84.12285879057335,84.7172266105727,84.00398522657348,84.51910400390625,5028900,0.0,0.0,0.0
1999-06-29 00:00:00-04:00,84.32100171816941,85.70786029906036,84.18231586008032,85.31161499023438,6956200,0.0,0.0,0.0
1999-06-30 00:00:00-04:00,85.35120208071966,87.17392970175638,84.85589566195968,86.85693359375,16856100,0.0,0.0,0.0
1999-07-01 00:00:00-04:00,86.85699069070849,87.80797963987683,86.26262259747827,87.51079559326172,9939500,0.0,0.0,0.0
1999-07-02 00:00:00-04:00,87.57021964063989,88.44195938366889,87.43153377243073,88.38252258300781,3772800,0.0,0.0,0.0
1999-07-06 00:00:00-04:00,88.28345997900172,89.234448775903,87.86740238035742,88.36270904541016,11221100,0.0,0.0,0.0
1999-07-07 00:00:00-04:00,88.16455596773496,88.58061342286359,87.81784142179441,88.48155212402344,3230700,0.0,0.0,0.0
1999-07-08 00:00:00-04:00,88.16460979532937,89.15522338853532,87.96648707668818,88.55094909667969,7101500,0.0,0.0,0.0
1999-07-09 00:00:00-04:00,88.75894675475423,89.13537978786592,88.48157504614562,89.07594299316406,2976800,0.0,0.0,0.0
1999-07-12 00:00:00-04:00,89.35328136713404,89.35328136713404,88.4419175217043,88.6796646118164,4436300,0.0,0.0,0.0
1999-07-13 00:00:00-04:00,88.36270904541017,88.70942371094709,87.90702691356164,88.36270904541016,6477600,0.0,0.0,0.0
1999-07-14 00:00:00-04:00,88.75895563336121,88.89764150153833,87.96646495806334,88.85801696777344,4382500,0.0,0.0,0.0
1999-07-15 00:00:00-04:00,89.25427180001067,89.63070491082092,88.95708776516047,89.42267608642578,3348600,0.0,0.0,0.0
1999-07-16 00:00:00-04:00,89.55141460070688,90.12597013686185,89.23441844282827,89.90803527832031,2281500,0.0,0.0,0.0
1999-07-19 00:00:00-04:00,90.14580531149917,90.18542984130642,89.11556753651061,89.31369018554688,4287000,0.0,0.0,0.0
1999-07-20 00:00:00-04:00,88.83815762875453,89.01646793621634,87.19374034882888,87.48101806640625,7060100,0.0,0.0,0.0
1999-07-21 00:00:00-04:00,87.55040040992985,88.0655193080195,87.05509377715133,87.38199615478516,4793700,0.0,0.0,0.0
1999-07-22 00:00:00-04:00,87.13434536587158,87.49096615181648,85.88617261506441,86.2328872680664,7804100,0.0,0.0,0.0
1999-07-23 00:00:00-04:00,86.63903935750326,86.85697428385417,85.66823832194011,86.06448364257812,4603000,0.0,0.0,0.0
1999-07-26 00:00:00-04:00,85.50975292113804,86.3022436803701,85.35125476929164,85.43050384521484,4333400,0.0,0.0,0.0
1999-07-27 00:00:00-04:00,86.22297158894895,86.98574374110302,85.82672631510268,86.14372253417969,5908500,0.0,0.0,0.0
1999-07-28 00:00:00-04:00,86.38144939550288,87.05506620271552,85.9653919557539,86.42107391357422,3955500,0.0,0.0,0.0
1999-07-29 00:00:00-04:00,85.54934813005652,85.74747075194178,84.51911049625315,85.21253967285156,7760600,0.0,0.0,0.0
1999-07-30 00:00:00-04:00,85.4701156616211,85.80692418416342,84.04363250732422,84.16250610351562,5994300,0.0,0.0,0.0
1999-08-02 00:00:00-04:00,84.16251117783345,85.43049628032435,84.00401304002209,84.36063385009766,6065500,0.0,0.0,0.0
1999-08-03 00:00:00-04:00,84.77668121503513,84.85593027436211,83.29076135265429,83.9643783569336,5445400,0.0,0.0,0.0
1999-08-04 00:00:00-04:00,84.14269125358909,84.87574507425846,82.69639587767387,82.81526947021484,6497900,0.0,0.0,0.0
1999-08-05 00:00:00-04:00,82.97376256647016,83.64737955005658,81.68596539196668,83.56813049316406,10322000,0.0,0.0,0.0
1999-08-06 00:00:00-04:00,83.19169227000279,83.6869988446039,82.10201780588035,82.6567611694336,7537700,0.0,0.0,0.0
1999-08-09 00:00:00-04:00,82.79542783599274,83.55819978423052,82.2604968593065,82.47843170166016,5565900,0.0,0.0,0.0
1999-08-10 00:00:00-04:00,82.33980201719338,82.5181124642951,80.51707300237582,81.56712341308594,9793300,0.0,0.0,0.0
1999-08-11 00:00:00-04:00,82.2208774384475,82.75580844828801,81.54726061124096,82.55768585205078,8003400,0.0,0.0,0.0
1999-08-12 00:00:00-04:00,82.8549086760467,83.56815035761956,82.35960195273222,82.50819396972656,7036800,0.0,0.0,0.0
1999-08-13 00:00:00-04:00,83.44931103326546,84.47954944108356,83.13231460009067,84.42011260986328,5857700,0.0,0.0,0.0
1999-08-16 00:00:00-04:00,84.40025582714615,84.9351870260506,83.84551236161562,84.79650115966797,3927000,0.0,0.0,0.0
1999-08-17 00:00:00-04:00,85.23235323170101,85.48991264407016,84.40023820712373,85.35122680664062,4808000,0.0,0.0,0.0
1999-08-18 00:00:00-04:00,85.08378285784183,85.19275032919312,84.47950869853011,84.73706817626953,4355500,0.0,0.0,0.0
1999-08-19 00:00:00-04:00,83.92473605532288,84.46957322282086,83.48886632132452,84.04360961914062,6448100,0.0,0.0,0.0
1999-08-20 00:00:00-04:00,84.36065277135219,85.03427000813612,84.1229055113108,84.89558410644531,3663700,0.0,0.0,0.0
1999-08-23 00:00:00-04:00,85.47009933188657,86.56967988657357,85.37103802065351,86.52014923095703,5637800,0.0,0.0,0.0
1999-08-24 00:00:00-04:00,86.26255703995061,87.47110457771748,85.82668743616584,86.83711242675781,9279500,0.0,0.0,0.0
1999-08-25 00:00:00-04:00,86.97583275220367,87.98625814408577,86.3220280868682,87.72869873046875,6005300,0.0,0.0,0.0
1999-08-26 00:00:00-04:00,87.66926304408481,87.75841822684151,86.53996406249999,86.67864990234375,4322300,0.0,0.0,0.0
1999-08-27 00:00:00-04:00,86.77769686987091,86.89657042722689,85.62858581542969,85.62858581542969,6247400,0.0,0.0,0.0
1999-08-30 00:00:00-04:00,85.8069008157704,85.90596211895185,83.68698892768741,84.04360961914062,4652000,0.0,0.0,0.0
1999-08-31 00:00:00-04:00,84.28137457974421,84.79649346528096,82.973765101074,83.72663116455078,11453700,0.0,0.0,0.0
1999-09-01 00:00:00-04:00,84.28135693992839,84.7865695873116,83.8851117262945,84.75685119628906,6863900,0.0,0.0,0.0
1999-09-02 00:00:00-04:00,83.76626141873568,84.1129760769258,82.8350849081679,83.75635528564453,10896300,0.0,0.0,0.0
1999-09-03 00:00:00-04:00,85.5097263189766,86.5399639854703,85.39085274207349,86.20315551757812,9160800,0.0,0.0,0.0
1999-09-07 00:00:00-04:00,86.26261013431395,86.61923093872774,85.72767892769326,85.88617706298828,4560800,0.0,0.0,0.0
1999-09-08 00:00:00-04:00,85.4898821406747,86.26256010208519,84.97476349973435,85.4700698852539,6159600,0.0,0.0,0.0
1999-09-09 00:00:00-04:00,85.43050384521484,85.74750014890766,84.7568866998676,85.43050384521484,6177800,0.0,0.0,0.0
1999-09-10 00:00:00-04:00,86.38146969848746,86.45081262141055,85.54935462341028,86.14372253417969,2934500,0.0,0.0,0.0
1999-09-13 00:00:00-04:00,85.66824023171792,85.88617516292719,85.2719949022465,85.55927276611328,2320500,0.0,0.0,0.0
1999-09-14 00:00:00-04:00,84.99461364746094,85.31160987551674,84.55874383388421,84.99461364746094,3736000,0.0,0.0,0.0
1999-09-15 00:00:00-04:00,85.8663348763094,85.8663348763094,83.60773723535434,83.6473617553711,6984500,0.0,0.0,0.0
1999-09-16 00:00:00-04:00,84.00399970715797,84.20212234797674,82.61714122142659,83.97428131103516,15377600,0.0,0.0,0.0
1999-09-17 00:00:00-04:00,84.32008883752556,85.15454777512595,84.02206778838256,85.03533935546875,8542300,0.372,0.0,0.0
1999-09-20 00:00:00-04:00,85.15452395034383,85.19426007911207,84.61808621197255,84.91610717773438,2803900,0.0,0.0,0.0
1999-09-21 00:00:00-04:00,84.08164248639721,84.22071892718284,82.75048226744906,83.12797546386719,9335200,0.0,0.0,0.0
1999-09-22 00:00:00-04:00,83.44586953433426,83.82336275365624,82.49220245394187,83.03857421875,13009100,0.0,0.0,0.0
1999-09-23 00:00:00-04:00,83.80350927313752,83.80350927313752,81.14118821040627,81.30013275146484,12204100,0.0,0.0,0.0
1999-09-24 00:00:00-04:00,81.22064208984375,81.61800335251422,80.30671118570167,81.22064208984375,13792900,0.0,0.0,0.0
1999-09-27 00:00:00-04:00,81.85645094879632,82.4922292085928,81.55842988951672,81.75711059570312,6970300,0.0,0.0,0.0
1999-09-28 00:00:00-04:00,81.33989010224066,81.89619614104444,79.82991656834464,81.59817504882812,11063400,0.0,0.0,0.0
1999-09-29 00:00:00-04:00,81.65774259383952,82.09483999945131,80.58486714370149,80.62460327148438,7580300,0.0,0.0,0.0
1999-09-30 00:00:00-04:00,81.02196374911706,82.2935198256113,80.72394279368874,81.8564224243164,7498900,0.0,0.0,0.0
1999-10-01 00:00:00-04:00,81.33984001603216,81.73720122763955,80.50538147165665,81.67759704589844,11127100,0.0,0.0,0.0
1999-10-04 00:00:00-04:00,82.13457231539842,83.20744771574469,81.85641943382716,83.12797546386719,6341600,0.0,0.0,0.0
1999-10-05 00:00:00-04:00,83.10815005690287,83.90287298357657,81.8167253010581,83.04854583740234,11976000,0.0,0.0,0.0
1999-10-06 00:00:00-04:00,83.12799949538135,84.43929203044233,83.08826335795526,84.32008361816406,10308200,0.0,0.0,0.0
1999-10-07 00:00:00-04:00,84.46906753919701,84.55847382025696,83.60480682228413,83.84322357177734,6535600,0.0,0.0,0.0
1999-10-08 00:00:00-04:00,83.76378595261346,85.11481475830078,83.43596278652757,85.11481475830078,9674300,0.0,0.0,0.0
1999-10-11 00:00:00-04:00,84.9359566289631,85.27371364947594,84.75714408869159,84.97569274902344,4282000,0.0,0.0,0.0
1999-10-12 00:00:00-04:00,84.63796397734356,84.75717237731165,83.40614384433997,83.6644287109375,8686100,0.0,0.0,0.0
1999-10-13 00:00:00-04:00,83.08820848544012,83.48556959727867,81.49876403808594,81.49876403808594,10469300,0.0,0.0,0.0
1999-10-14 00:00:00-04:00,81.68752697914643,82.13455831978386,80.58484967224076,81.47891235351562,10562200,0.0,0.0,0.0
1999-10-15 00:00:00-04:00,80.10805752041104,80.58489119612777,79.15439016897757,79.39280700683594,14238700,0.0,0.0,0.0
1999-10-18 00:00:00-04:00,79.43249554177989,80.06827339504076,78.47882876188858,79.96893310546875,9758800,0.0,0.0,0.0
1999-10-19 00:00:00-04:00,80.86301330506332,81.53852742112527,80.06829081557866,80.74380493164062,14392900,0.0,0.0,0.0
1999-10-20 00:00:00-04:00,81.22066224155836,82.31340598502355,80.82330088029829,81.5385513305664,9759400,0.0,0.0,0.0
1999-10-21 00:00:00-04:00,80.88289351241534,82.01537322998047,80.50540027322695,82.01537322998047,9105400,0.0,0.0,0.0
1999-10-22 00:00:00-04:00,82.49219807082576,83.42599703742712,82.3729896921107,82.71074676513672,8309600,0.0,0.0,0.0
1999-10-25 00:00:00-04:00,82.21403056927088,82.94914877397436,81.85640549671241,82.29350280761719,8114300,0.0,0.0,0.0
1999-10-26 00:00:00-04:00,82.7703487330952,83.08823773447051,81.2603759765625,81.2603759765625,6256300,0.0,0.0,0.0
1999-10-27 00:00:00-04:00,81.61800971567115,82.84982972598557,81.5385374569412,82.73062133789062,5433300,0.0,0.0,0.0
1999-10-28 00:00:00-04:00,84.20086660708486,85.74064177510022,84.04192207361231,85.55189514160156,10509700,0.0,0.0,0.0
1999-10-29 00:00:00-04:00,86.36643682083074,87.53865208939044,86.28696459923347,87.10155487060547,10988600,0.0,0.0,0.0
1999-11-01 00:00:00-05:00,86.78369444534492,87.10158343598721,86.18765258789062,86.18765258789062,4006500,0.0,0.0,0.0
1999-11-02 00:00:00-05:00,86.44595700758417,87.26054773093765,85.57176208496094,85.57176208496094,6516900,0.0,0.0,0.0
1999-11-03 00:00:00-05:00,86.46578472742735,86.70420141325665,85.90947912715897,86.14789581298828,7222300,0.0,0.0,0.0
1999-11-04 00:00:00-05:00,86.94265770120897,87.33008499215357,86.31681361583692,86.80358123779297,7907500,0.0,0.0,0.0
1999-11-05 00:00:00-05:00,88.13472381204448,88.44267877577006,86.96250814366968,87.65789031982422,7431500,0.0,0.0,0.0
1999-11-08 00:00:00-05:00,87.10160285839136,87.97579777759054,86.94265832762787,87.73738098144531,4649200,0.0,0.0,0.0
1999-11-09 00:00:00-05:00,88.05524769237019,88.17445606018477,86.64461533989765,86.91283416748047,4533700,0.0,0.0,0.0
1999-11-10 00:00:00-05:00,86.62477926518713,87.98574196694523,86.5155048876737,87.55857849121094,6405600,0.0,0.0,0.0
1999-11-11 00:00:00-05:00,87.85660951318293,88.05529022216797,87.39964388251735,88.05529022216797,4794100,0.0,0.0,0.0
1999-11-12 00:00:00-05:00,88.53210178982593,88.99900133921123,87.18107330649823,88.84999084472656,11802900,0.0,0.0,0.0
1999-11-15 00:00:00-05:00,88.90956804197856,89.167852820648,88.63141520341148,89.05857849121094,2187500,0.0,0.0,0.0
1999-11-16 00:00:00-05:00,89.36655249131464,90.9162614940542,89.06853152924934,89.80364990234375,7544800,0.0,0.0,0.0
1999-11-17 00:00:00-05:00,90.43942977218425,90.8765271919971,89.84338783607583,90.04206848144531,9459000,0.0,0.0,0.0
1999-11-18 00:00:00-05:00,90.55867852253625,90.91630384359937,90.042108614334,90.67788696289062,4491000,0.0,0.0,0.0
1999-11-19 00:00:00-05:00,90.53875397130064,90.89637906927813,90.28046917831689,90.59835815429688,4832100,0.0,0.0,0.0
1999-11-22 00:00:00-05:00,90.55860026653045,90.91622527855273,89.96255857982666,90.5784683227539,4155400,0.0,0.0,0.0
1999-11-23 00:00:00-05:00,90.81692230704084,90.81692230704084,89.24734522057044,89.78378295898438,5918000,0.0,0.0,0.0
1999-11-24 00:00:00-05:00,89.48574288343245,90.55861813114677,89.00890944000385,90.2605972290039,4459700,0.0,0.0,0.0
1999-11-26 00:00:00-05:00,90.5784976300127,90.83678244448741,89.8036431865886,89.9228515625,1693900,0.0,0.0,0.0
1999-11-29 00:00:00-05:00,89.56522908348201,90.2308092020039,89.28707619812958,89.60496520996094,7348600,0.0,0.0,0.0
1999-11-30 00:00:00-05:00,89.4857397115843,90.47914268351575,88.37312838302108,88.55194091796875,7682000,0.0,0.0,0.0
1999-12-01 00:00:00-05:00,88.57182210127974,89.32680847181554,88.37314147745452,89.26720428466797,6980200,0.0,0.0,0.0
1999-12-02 00:00:00-05:00,89.40628861959001,89.8831221588945,89.24734410648851,89.80364990234375,6698300,0.0,0.0,0.0
1999-12-03 00:00:00-05:00,90.93614326724015,92.40638023507405,90.93614326724015,91.45271301269531,10045400,0.0,0.0,0.0
1999-12-06 00:00:00-05:00,91.25403240301542,91.37324080589329,90.43944165001659,90.7771987915039,3138900,0.0,0.0,0.0
1999-12-07 00:00:00-05:00,91.09507590190351,91.11494396644046,89.88312396514972,90.04206848144531,10714200,0.0,0.0,0.0
1999-12-08 00:00:00-05:00,89.86325024277164,90.32021569835062,89.32681253404849,89.46588897705078,4611400,0.0,0.0,0.0
1999-12-09 00:00:00-05:00,90.1612541342045,90.41953890805745,88.61154549108684,89.90296936035156,6474700,0.0,0.0,0.0
1999-12-10 00:00:00-05:00,90.45927353913562,90.79703054554136,89.56521087512046,90.20098876953125,5127300,0.0,0.0,0.0
1999-12-13 00:00:00-05:00,89.92284224215787,90.73743272645493,89.82350193919481,90.35993957519531,4210800,0.0,0.0,0.0
1999-12-14 00:00:00-05:00,90.04210774640208,90.58847975942636,89.40632940397381,89.48580169677734,5739000,0.0,0.0,0.0
1999-12-15 00:00:00-05:00,89.24735791775868,90.40963984967962,89.02880917842312,89.96260833740234,6879100,0.0,0.0,0.0
1999-12-16 00:00:00-05:00,90.39967569638053,90.6976966052697,89.74402969682437,90.35993957519531,5854900,0.0,0.0,0.0
1999-12-17 00:00:00-05:00,91.13938429937309,91.33855253429304,90.54187959461322,90.94021606445312,4775400,0.348,0.0,0.0
1999-12-20 00:00:00-05:00,90.86056220986421,91.25889873862293,89.92447136728123,90.28297424316406,4608700,0.0,0.0,0.0
1999-12-21 00:00:00-05:00,90.24318460151974,91.81661465747209,90.08384991230938,91.65727996826172,7981300,0.0,0.0,0.0
1999-12-22 00:00:00-05:00,91.53778294438038,91.89628601074219,91.11952936695829,91.89628601074219,5377500,0.0,0.0,0.0
1999-12-23 00:00:00-05:00,92.42404695638021,93.36013793945312,92.41408854166667,93.36013793945312,5721700,0.0,0.0,0.0
1999-12-27 00:00:00-05:00,93.37009254395261,93.54934400148153,92.4539184276937,93.23067474365234,2691000,0.0,0.0,0.0
1999-12-28 00:00:00-05:00,92.97176827197912,93.37010489696618,92.72280788136221,93.17093658447266,4084500,0.0,0.0,0.0
1999-12-29 00:00:00-05:00,93.25056757953331,93.5692367553711,92.61322922785773,93.5692367553711,3001000,0.0,0.0,0.0
1999-12-30 00:00:00-05:00,93.76844294471314,94.04727858643489,93.17093799816655,93.45973205566406,3641300,0.0,0.0,0.0
1999-12-31 00:00:00-05:00,93.58920639525068,94.00745992457614,93.21078653538481,93.60912322998047,3172700,0.0,0.0,0.0
2000-01-03 00:00:00-05:00,94.48540026997107,94.48540026997107,91.69704528729906,92.69288635253906,8164300,0.0,0.0,0.0
2000-01-04 00:00:00-05:00,91.47802171383006,91.81660790349588,88.99837579539509,89.06808471679688,8089800,0.0,0.0,0.0
2000-01-05 00:00:00-05:00,89.18756807191032,90.20332643985749,87.47472062792097,89.22740173339844,12177900,0.0,0.0,0.0
2000-01-06 00:00:00-05:00,88.98843685641695,90.18344719916203,87.79342651367188,87.79342651367188,6227200,0.0,0.0,0.0
2000-01-07 00:00:00-05:00,89.42653958629785,92.8920669555664,89.26720499460734,92.8920669555664,8066500,0.0,0.0,0.0
2000-01-10 00:00:00-05:00,93.2107925415039,93.62904609777988,92.43403593699136,93.2107925415039,5741700,0.0,0.0,0.0
2000-01-11 00:00:00-05:00,92.93198157841772,93.11123315025779,91.45813532106605,92.09547424316406,7503700,0.0,0.0,0.0
2000-01-12 00:00:00-05:00,92.15517734679243,92.15517734679243,91.05975163811,91.17925262451172,6907700,0.0,0.0,0.0
2000-01-13 00:00:00-05:00,92.07554490812895,92.89213529126398,91.31870504083305,92.41413116455078,5158300,0.0,0.0,0.0
2000-01-14 00:00:00-05:00,93.3900257396921,93.98753070283793,93.03152276180461,93.66886138916016,7437300,0.0,0.0,0.0
2000-01-18 00:00:00-05:00,92.63320850579973,93.44979881943932,92.53362432120953,92.93196105957031,6488500,0.0,0.0,0.0
2000-01-19 00:00:00-05:00,92.61324259699607,93.68875122070312,92.41407433334662,93.68875122070312,6157900,0.0,0.0,0.0
2000-01-20 00:00:00-05:00,93.66885573629271,93.66885573629271,91.6572558151008,92.2547607421875,5800100,0.0,0.0,0.0
2000-01-21 00:00:00-05:00,92.73279072700873,92.73279072700873,91.8166162481766,92.05561828613281,6244800,0.0,0.0,0.0
2000-01-24 00:00:00-05:00,92.83234075606998,92.95184173108315,88.8489749222974,89.44647979736328,7896900,0.0,0.0,0.0
2000-01-25 00:00:00-05:00,89.5560263587955,90.46224212646484,88.59006010095015,90.46224212646484,9942500,0.0,0.0,0.0
2000-01-26 00:00:00-05:00,89.86477080039114,90.21331545664266,89.28718251288863,89.74526977539062,5158100,0.0,0.0,0.0
2000-01-27 00:00:00-05:00,90.40248463370584,90.64148657589674,88.0323820403128,89.38672637939453,10922700,0.0,0.0,0.0
2000-01-28 00:00:00-05:00,88.86886845494807,89.26720493390347,86.37926546147688,86.59835052490234,11916200,0.0,0.0,0.0
2000-01-31 00:00:00-05:00,86.55854302631383,89.01827152694653,86.04070544723326,88.94856262207031,10768700,0.0,0.0,0.0
2000-02-01 00:00:00-05:00,89.06805070762888,90.30289398667024,88.2912944514577,89.82489013671875,8419900,0.0,0.0,0.0
2000-02-02 00:00:00-05:00,90.04399698584493,90.66141877451142,89.46640886096338,89.90457916259766,6205900,0.0,0.0,0.0
2000-02-03 00:00:00-05:00,89.78508829477312,91.2987676892724,89.22741693890495,91.2589340209961,7997500,0.0,0.0,0.0
2000-02-04 00:00:00-05:00,91.25893590869858,91.77677360700197,90.58176353399413,90.8805160522461,4925400,0.0,0.0,0.0
2000-02-07 00:00:00-05:00,90.86055166497368,90.999969433859,90.14354599642063,90.74105072021484,5845800,0.0,0.0,0.0
2000-02-08 00:00:00-05:00,91.75682127677088,92.13524098683354,91.53773618147146,91.97590637207031,4936400,0.0,0.0,0.0
2000-02-09 00:00:00-05:00,92.0755000073307,92.0755000073307,90.03402504502237,90.04398345947266,8511500,0.0,0.0,0.0
2000-02-10 00:00:00-05:00,90.26304684401084,90.86055156716183,89.78504306549004,90.22321319580078,6690600,0.0,0.0,0.0
2000-02-11 00:00:00-05:00,90.40250747598147,90.46225797662653,87.97265378308221,88.39090728759766,9849800,0.0,0.0,0.0
2000-02-14 00:00:00-05:00,89.08795808976696,89.08795808976696,88.15186731618792,88.90870666503906,8528800,0.0,0.0,0.0
2000-02-15 00:00:00-05:00,88.74940841392579,90.00416890092698,87.82327567352014,89.91454315185547,11078300,0.0,0.0,0.0
2000-02-16 00:00:00-05:00,89.46637475404809,89.82487759144186,88.46057512691553,88.59003448486328,8845400,0.0,0.0,0.0
2000-02-17 00:00:00-05:00,89.5062422930184,89.5062422930184,88.09214723231429,88.1319808959961,7584200,0.0,0.0,0.0
2000-02-18 00:00:00-05:00,88.51039446330786,88.51039446330786,85.80170552383669,86.23987579345703,9409200,0.0,0.0,0.0
2000-02-22 00:00:00-05:00,86.16019262873374,86.89711521940946,85.10460080965771,86.0207748413086,16415400,0.0,0.0,0.0
2000-02-23 00:00:00-05:00,86.43904749261434,87.61414053456461,85.72204156871246,87.03655242919922,12119000,0.0,0.0,0.0
2000-02-24 00:00:00-05:00,87.11623084662062,87.33531601793128,84.82579496473645,85.28388214111328,17375000,0.0,0.0,0.0
2000-02-25 00:00:00-05:00,86.16023333254557,87.13615830556793,84.845722144393,84.97518157958984,10559900,0.0,0.0,0.0
2000-02-28 00:00:00-05:00,85.00503971600773,87.11622392638655,84.58678624036664,86.75772094726562,13397800,0.0,0.0,0.0
2000-02-29 00:00:00-05:00,86.71787490254916,87.5942153930664,86.51870660924978,87.5942153930664,8242500,0.0,0.0,0.0
2000-03-01 00:00:00-05:00,87.71371457205399,88.59005504461766,87.45479579606928,88.23155212402344,6868000,0.0,0.0,0.0
2000-03-02 00:00:00-05:00,88.39089732790757,88.66973296616595,87.53447358182825,88.29131317138672,7600200,0.0,0.0,0.0
2000-03-03 00:00:00-05:00,89.50623434048188,90.32282437340574,89.04814724884169,89.94440460205078,12770300,0.0,0.0,0.0
2000-03-06 00:00:00-05:00,89.74525709612851,90.08384328579433,88.43074600683768,89.06808471679688,11967100,0.0,0.0,0.0
2000-03-07 00:00:00-05:00,89.22739331853552,89.32697746286425,86.18011850207661,87.34525299072266,20062000,0.0,0.0,0.0
2000-03-08 00:00:00-05:00,86.97682179664368,87.85316257041339,86.06064735133899,87.2357406616211,11808500,0.0,0.0,0.0
2000-03-09 00:00:00-05:00,87.47472741060163,89.78507995605469,86.75772144821966,89.78507995605469,5500900,0.0,0.0,0.0
2000-03-10 00:00:00-05:00,89.34689389925573,90.50206996839457,88.92864049491236,89.30706024169922,7924600,0.0,0.0,0.0
2000-03-13 00:00:00-05:00,87.11624211222102,89.52617930828383,86.4789033496259,88.33116912841797,10540500,0.0,0.0,0.0
2000-03-14 00:00:00-05:00,88.769323917888,89.28716157143639,86.77764063500966,87.0763931274414,8263900,0.0,0.0,0.0
2000-03-15 00:00:00-05:00,87.2357129304602,89.50623148618449,86.71787536511955,89.10789489746094,10300800,0.0,0.0,0.0
2000-03-16 00:00:00-05:00,90.26304456053853,93.58915410193526,89.78504079411027,93.2704849243164,25601400,0.0,0.0,0.0
2000-03-17 00:00:00-05:00,93.16815730410907,94.56587933824702,92.92854781254258,93.8869857788086,10272900,0.371,0.0,0.0
2000-03-20 00:00:00-05:00,93.84701399784815,94.1465257446498,92.50919486213414,93.40773010253906,12502300,0.0,0.0,0.0
2000-03-21 00:00:00-05:00,92.98840127632515,95.68400663864078,92.32947552109245,95.32459259033203,13612600,0.0,0.0,0.0
2000-03-22 00:00:00-05:00,95.56422458309544,96.38289010919384,95.0051359311258,95.90367126464844,8260000,0.0,0.0,0.0
2000-03-23 00:00:00-05:00,95.30463089410944,98.06013876408369,95.30463089410944,97.54098510742188,11654500,0.0,0.0,0.0
2000-03-24 00:00:00-05:00,97.68074184071499,99.51774679765403,96.94194636890255,98.12002563476562,11462900,0.0,0.0,0.0
2000-03-27 00:00:00-05:00,98.00023632606623,98.25981315415075,97.0018639103565,97.08173370361328,8798600,0.0,0.0,0.0
2000-03-28 00:00:00-05:00,96.64245637034306,97.75064982665587,96.22313992741388,96.52265167236328,6334400,0.0,0.0,0.0
2000-03-29 00:00:00-05:00,96.84211658431272,97.43115626250597,95.62410233448941,96.62247467041016,6747500,0.0,0.0,0.0
2000-03-30 00:00:00-05:00,95.94359710167416,97.07175802493005,94.00675445466845,95.005126953125,9491900,0.0,0.0,0.0
2000-03-31 00:00:00-05:00,95.60414760903528,97.32134825531286,94.8453845327731,96.08336639404297,9249100,0.0,0.0,0.0
2000-04-03 00:00:00-04:00,95.92362786915677,96.6424560546875,95.00512518764528,96.6424560546875,8508200,0.0,0.0,0.0
2000-04-04 00:00:00-04:00,96.96186775251986,97.76056518046484,90.3426628184259,95.9235610961914,19585500,0.0,0.0,0.0
2000-04-05 00:00:00-04:00,94.48595981094495,96.36289984100176,94.32622023391883,95.32459259033203,8387200,0.0,0.0,0.0
2000-04-06 00:00:00-04:00,96.00351863144566,96.92202151352687,95.20482047311415,96.15327453613281,6378500,0.0,0.0,0.0
2000-04-07 00:00:00-04:00,96.84216077791183,97.20157498286078,96.16326727967493,96.76229095458984,6023600,0.0,0.0,0.0
2000-04-10 00:00:00-04:00,96.96192186417629,97.83050580179813,96.04341930944975,96.38286590576172,9624200,0.0,0.0,0.0
2000-04-11 00:00:00-04:00,95.84374807244053,96.8820553432253,94.80544080165576,96.10332489013672,9006400,0.0,0.0,0.0
2000-04-12 00:00:00-04:00,96.08337997570172,96.58256628064613,93.38777392900185,93.46764373779297,10779200,0.0,0.0,0.0
2000-04-13 00:00:00-04:00,94.2264326845959,94.66571675305556,91.87027268103958,92.16978454589844,12225800,0.0,0.0,0.0
2000-04-14 00:00:00-04:00,91.13146952320547,91.25127425965141,85.30097234950345,86.89836883544922,29604000,0.0,0.0,0.0
2000-04-17 00:00:00-04:00,86.37920391834862,89.93341064453125,86.05972466206254,89.93341064453125,23918200,0.0,0.0,0.0
2000-04-18 00:00:00-04:00,89.81361546930027,92.3095474243164,89.31442907829705,92.3095474243164,11069200,0.0,0.0,0.0
2000-04-19 00:00:00-04:00,92.3295110044521,92.72886010049213,91.07156135192605,91.45094299316406,6553700,0.0,0.0,0.0
2000-04-20 00:00:00-04:00,91.73048101472419,91.97009045577268,90.97171778473736,91.89022064208984,8537600,0.0,0.0,0.0
2000-04-24 00:00:00-04:00,90.41262683298551,91.5707391024893,89.77366833946617,90.891845703125,12893100,0.0,0.0,0.0
2000-04-25 00:00:00-04:00,92.40933575134342,94.66565704345703,92.2895310809657,94.66565704345703,14102000,0.0,0.0,0.0
2000-04-26 00:00:00-04:00,94.54585047200521,95.04503658854166,93.28790145833334,93.59739685058594,7711100,0.0,0.0,0.0
2000-04-27 00:00:00-04:00,91.37100569842613,94.14647986627605,91.37100569842613,93.28787994384766,15595300,0.0,0.0,0.0
2000-04-28 00:00:00-04:00,93.92689210824763,94.47599702597229,92.68891011192294,92.70887756347656,8743400,0.0,0.0,0.0
2000-05-01 00:00:00-04:00,93.64735576987925,94.87535414511328,93.18810434499498,93.96683502197266,7328300,0.0,0.0,0.0
2000-05-02 00:00:00-04:00,92.96846512515754,94.00677272535259,92.08989715576172,92.08989715576172,9411900,0.0,0.0,0.0
2000-05-03 00:00:00-04:00,92.01002581039076,92.01002581039076,89.31441958547697,89.93341064453125,12630700,0.0,0.0,0.0
2000-05-04 00:00:00-04:00,90.73211704891334,90.96174278528272,89.9334188354546,90.61231231689453,5963600,0.0,0.0,0.0
2000-05-05 00:00:00-04:00,90.13305899605314,92.00999908148269,90.05318920518378,91.71048736572266,7862400,0.0,0.0,0.0
2000-05-08 00:00:00-04:00,91.21132777152229,91.6106768423258,90.6322716188572,91.02163696289062,5064100,0.0,0.0,0.0
2000-05-09 00:00:00-04:00,91.41097028041403,91.6306121924028,89.62388381468728,90.29279327392578,5620300,0.0,0.0,0.0
2000-05-10 00:00:00-04:00,89.77362927743212,90.07314094094669,88.01649418481335,88.256103515625,10293900,0.0,0.0,0.0
2000-05-11 00:00:00-04:00,89.53406945025861,90.41263748233072,88.89511088147889,90.27286529541016,7091100,0.0,0.0,0.0
2000-05-12 00:00:00-04:00,90.61227005973166,91.67054469903658,90.49246538358392,91.25122833251953,5960800,0.0,0.0,0.0
2000-05-15 00:00:00-04:00,91.21132587212135,93.0383478330012,90.73210699713647,92.82868957519531,4441300,0.0,0.0,0.0
2000-05-16 00:00:00-04:00,93.6473411979399,94.38613685344603,92.8486431919873,93.72721099853516,8192200,0.0,0.0,0.0
2000-05-17 00:00:00-04:00,93.08825648115833,93.40773569688088,92.30952589283461,92.74880981445312,5907200,0.0,0.0,0.0
2000-05-18 00:00:00-04:00,93.04832857592582,93.48761253057611,91.61067199707031,91.61067199707031,4325600,0.0,0.0,0.0
2000-05-19 00:00:00-04:00,91.09152226410048,91.5208225115091,89.7137679817193,90.17301940917969,6518400,0.0,0.0,0.0
2000-05-22 00:00:00-04:00,90.25285781254358,90.39262993747451,87.53728509959979,89.49409484863281,10839400,0.0,0.0,0.0
2000-05-23 00:00:00-04:00,89.7336997571199,89.97330910226573,87.89669477766839,88.17623901367188,7979200,0.0,0.0,0.0
2000-05-24 00:00:00-04:00,88.17625060055983,89.89345113308885,87.21781309403201,89.61390686035156,11081500,0.0,0.0,0.0
2000-05-25 00:00:00-04:00,89.8934538431974,90.61228199476452,87.99654622100644,88.076416015625,8278900,0.0,0.0,0.0
2000-05-26 00:00:00-04:00,88.69539259482121,89.25448106682819,87.74693893695223,88.17623901367188,4814000,0.0,0.0,0.0
2000-05-30 00:00:00-04:00,89.45417865953948,91.33111901534232,89.11473199944747,91.05157470703125,5362700,0.0,0.0,0.0
2000-05-31 00:00:00-04:00,91.09148876432256,92.00999128145514,90.79197707395325,91.25122833251953,6056500,0.0,0.0,0.0
2000-06-01 00:00:00-04:00,91.81034060898646,92.92851787608156,91.37105668262768,92.84864807128906,8961600,0.0,0.0,0.0
2000-06-02 00:00:00-04:00,95.16487183507364,95.26470909046084,94.23638535997274,94.46601104736328,8962200,0.0,0.0,0.0
2000-06-05 00:00:00-04:00,94.22639395811848,94.70561274493663,93.84701241855412,94.00675201416016,6998100,0.0,0.0,0.0
2000-06-06 00:00:00-04:00,93.68730065581997,94.42609650498137,93.22804918201692,93.58746337890625,4858900,0.0,0.0,0.0
2000-06-07 00:00:00-04:00,93.68727664844454,94.56584446015204,93.28792764312296,94.23638153076172,4919500,0.0,0.0,0.0
2000-06-08 00:00:00-04:00,94.2463400718431,94.4060796312869,93.32783760504124,93.86695861816406,5723100,0.0,0.0,0.0
2000-06-09 00:00:00-04:00,94.24636870095328,94.54588046589276,93.04832164119541,93.66731262207031,3085300,0.0,0.0,0.0
2000-06-12 00:00:00-04:00,93.90689537502548,93.90689537502548,92.56907653808594,92.56907653808594,3678900,0.0,0.0,0.0
2000-06-13 00:00:00-04:00,92.5291637264771,94.40610403512812,92.4093590259249,94.30626678466797,6558700,0.0,0.0,0.0
2000-06-14 00:00:00-04:00,94.72558791137,95.12493693291877,94.04669457473707,94.46601104736328,6420500,0.0,0.0,0.0
2000-06-15 00:00:00-04:00,94.64568959839409,95.04503849965313,93.82702435081303,94.66565704345703,5881200,0.0,0.0,0.0
2000-06-16 00:00:00-04:00,94.98863566961147,94.98863566961147,93.42750764975692,93.8878402709961,5567900,0.348,0.0,0.0
2000-06-19 00:00:00-04:00,93.80778142904587,95.52902512499168,93.66768019798052,95.08870697021484,5106900,0.0,0.0,0.0
2000-06-20 00:00:00-04:00,94.90857455112987,95.34889269539914,94.14802502921023,94.74845886230469,6480000,0.0,0.0,0.0
2000-06-21 00:00:00-04:00,94.10804667920252,95.06874132841598,94.07802497141459,94.70848083496094,3115000,0.0,0.0,0.0
2000-06-22 00:00:00-04:00,94.50827622966193,94.58833406636643,92.86709057721968,93.26737976074219,7490500,0.0,0.0,0.0
2000-06-23 00:00:00-04:00,93.38748506818499,93.58762969970704,92.14658835274832,92.4668197631836,4863300,0.0,0.0,0.0
2000-06-26 00:00:00-04:00,93.10727898138865,93.66768392796622,92.78704758334432,93.65767669677734,5201300,0.0,0.0,0.0
2000-06-27 00:00:00-04:00,93.49758461992245,93.96792460463146,92.87713612945524,92.96720123291016,4159500,0.0,0.0,0.0
2000-06-28 00:00:00-04:00,93.26738487757956,94.13801389950547,93.06724027483797,93.22735595703125,5347700,0.0,0.0,0.0
2000-06-29 00:00:00-04:00,92.70702406705898,93.34748710033746,91.91645251035587,92.34676361083984,6345700,0.0,0.0,0.0
2000-06-30 00:00:00-04:00,92.18664195322688,93.24740878421278,92.15662025046313,93.0472640991211,7420200,0.0,0.0,0.0
2000-07-03 00:00:00-04:00,93.14730984214104,94.42823546094144,92.987194139791,94.32816314697266,1436600,0.0,0.0,0.0
2000-07-05 00:00:00-04:00,93.74778644030941,93.92791668752606,92.4668602378799,92.6269760131836,2748200,0.0,0.0,0.0
2000-07-06 00:00:00-04:00,92.82705148660912,93.80775987877037,92.36671897600282,93.34742736816406,5963200,0.0,0.0,0.0
2000-07-07 00:00:00-04:00,93.94788285734585,95.28885178607234,93.66768039462687,94.8485336303711,3034800,0.0,0.0,0.0
2000-07-10 00:00:00-04:00,94.70846814349296,95.36894562631952,94.48830898255078,94.6884536743164,2816100,0.0,0.0,0.0
2000-07-11 00:00:00-04:00,94.44826967810256,95.50903642803675,94.24812500830366,94.88858795166016,5431600,0.0,0.0,0.0
2000-07-12 00:00:00-04:00,95.60907498509165,96.14946540263352,95.22880024682146,95.50900268554688,5883000,0.0,0.0,0.0
2000-07-13 00:00:00-04:00,96.05942293847997,96.3096037462164,95.54905409069765,95.92932891845703,5356000,0.0,0.0,0.0
2000-07-14 00:00:00-04:00,96.34961152194944,96.86998748779295,95.85925724644305,96.86998748779297,5341900,0.0,0.0,0.0
2000-07-17 00:00:00-04:00,96.69984689769366,97.34030950779947,96.5097095603185,96.70985412597656,4208300,0.0,0.0,0.0
2000-07-18 00:00:00-04:00,96.46968622262365,96.46968622262365,95.64909345599968,95.9192886352539,4262100,0.0,0.0,0.0
2000-07-19 00:00:00-04:00,95.7291543388447,96.00935675589336,94.94859046278052,95.14873504638672,8506800,0.0,0.0,0.0
2000-07-20 00:00:00-04:00,95.42895168446901,96.4697036743164,95.3088649164097,96.4697036743164,4538900,0.0,0.0,0.0
2000-07-21 00:00:00-04:00,95.909318366194,95.909318366194,94.58836364746094,94.58836364746094,5656900,0.0,0.0,0.0
2000-07-24 00:00:00-04:00,94.86858211240506,95.33892212920708,93.86785867240079,94.04798889160156,5628500,0.0,0.0,0.0
2000-07-25 00:00:00-04:00,94.62840812854661,94.68845153471955,94.00795959809294,94.34820556640625,4757100,0.0,0.0,0.0
2000-07-26 00:00:00-04:00,94.12802701294677,94.2481138005457,93.2774122674545,93.42752075195312,12062500,0.0,0.0,0.0
2000-07-27 00:00:00-04:00,93.4675065956542,93.90782461387785,92.66692838070213,93.10724639892578,7652600,0.0,0.0,0.0
2000-07-28 00:00:00-04:00,93.32741435050754,93.44750109425686,90.63546984479379,91.0057373046875,6229500,0.0,0.0,0.0
2000-07-31 00:00:00-04:00,91.54612983690275,92.30667923213718,90.98572501936158,91.5861587524414,5265500,0.0,0.0,0.0
2000-08-01 00:00:00-04:00,91.98648309251934,92.68698938238839,91.66625164572206,92.14659881591797,3946600,0.0,0.0,0.0
2000-08-02 00:00:00-04:00,92.1465629213233,93.1272713451167,91.98644726029579,92.60689544677734,7439800,0.0,0.0,0.0
2000-08-03 00:00:00-04:00,91.5061173497364,93.38747671781935,91.34600165883573,93.24737548828125,4607100,0.0,0.0,0.0
2000-08-04 00:00:00-04:00,93.70768989608597,93.96787784325578,93.12727062932251,93.74771881103516,3686600,0.0,0.0,0.0
2000-08-07 00:00:00-04:00,93.96792501135718,95.06872072501525,93.74776586862556,94.86857604980469,4159800,0.0,0.0,0.0
2000-08-08 00:00:00-04:00,94.46826359162364,95.3088710218881,94.46826359162364,95.22881317138672,3658700,0.0,0.0,0.0
2000-08-09 00:00:00-04:00,95.51899529554521,95.56903143765916,94.38817848376976,94.42820739746094,5383800,0.0,0.0,0.0
2000-08-10 00:00:00-04:00,94.48827917161968,94.69843103167095,93.68770065713869,93.96790313720703,4193400,0.0,0.0,0.0
2000-08-11 00:00:00-04:00,93.90787959467792,94.78851614671667,93.22738771355706,94.40824127197266,5089400,0.0,0.0,0.0
2000-08-14 00:00:00-04:00,94.64838335317924,95.78920759744467,94.18805076338793,95.60907745361328,2966700,0.0,0.0,0.0
2000-08-15 00:00:00-04:00,95.6491242605961,95.94934122312151,95.14876265638708,95.52903747558594,5564600,0.0,0.0,0.0
2000-08-16 00:00:00-04:00,95.62909223975204,96.02938144962962,94.68841259653975,95.18877410888672,5191600,0.0,0.0,0.0
2000-08-17 00:00:00-04:00,95.22877456722188,96.3495840198836,95.0086155675919,96.18946838378906,5652200,0.0,0.0,0.0
2000-08-18 00:00:00-04:00,96.30958847651152,96.30958847651152,95.56905340302214,95.86927032470703,4626400,0.0,0.0,0.0
2000-08-21 00:00:00-04:00,96.08943150922705,96.52974967069404,95.6891422715298,96.3896484375,2380600,0.0,0.0,0.0
2000-08-22 00:00:00-04:00,96.42969788410105,96.91004507156855,96.12948089193385,96.22955322265625,3075300,0.0,0.0,0.0
2000-08-23 00:00:00-04:00,95.94934019440817,96.8900200002357,95.60909430719394,96.60981750488281,5483200,0.0,0.0,0.0
2000-08-24 00:00:00-04:00,96.80990850959913,97.03006749111776,96.3896049994272,96.90998077392578,4529000,0.0,0.0,0.0
2000-08-25 00:00:00-04:00,96.80994410711871,97.11016101048997,96.66984288554545,96.86998748779297,2822200,0.0,0.0,0.0
2000-08-28 00:00:00-04:00,96.86997203027676,97.93073825292235,96.86997203027676,97.20021057128906,5518700,0.0,0.0,0.0
2000-08-29 00:00:00-04:00,96.99006383466893,97.27026624772823,96.64981804738264,97.22023010253906,3561900,0.0,0.0,0.0
2000-08-30 00:00:00-04:00,96.91002197202192,97.03010874026482,96.2895736694336,96.2895736694336,3964800,0.0,0.0,0.0
2000-08-31 00:00:00-04:00,96.7498951541216,98.0508349938026,96.64982285876152,97.57048797607422,4863100,0.0,0.0,0.0
2000-09-01 00:00:00-04:00,98.1509021071137,98.37106114528218,97.35032378650102,97.6705551147461,3191200,0.0,0.0,0.0
2000-09-05 00:00:00-04:00,97.27034305792361,97.48049503366603,96.58985094599575,96.89006805419922,3470800,0.0,0.0,0.0
2000-09-06 00:00:00-04:00,96.8299902482756,97.32034468421665,95.76922350930111,95.78923797607422,4322200,0.0,0.0,0.0
2000-09-07 00:00:00-04:00,96.22954268976105,96.75992598453614,95.95934742638505,96.60981750488281,4265500,0.0,0.0,0.0
2000-09-08 00:00:00-04:00,96.24951186198018,96.38961304372978,95.63907099864261,95.94929504394531,3518200,0.0,0.0,0.0
2000-09-11 00:00:00-04:00,95.90928402229916,96.82994910264678,95.22879244117267,95.80921173095703,3937500,0.0,0.0,0.0
2000-09-12 00:00:00-04:00,95.90928962013939,96.22952097112483,95.0686823238026,95.10871124267578,4769100,0.0,0.0,0.0
2000-09-13 00:00:00-04:00,94.78846707255482,95.64908871193825,94.56830804852652,95.35887908935547,7691600,0.0,0.0,0.0
2000-09-14 00:00:00-04:00,95.98938004213994,96.02940897460122,94.88858439945486,95.83927154541016,3397100,0.0,0.0,0.0
2000-09-15 00:00:00-04:00,95.14701714254406,95.18714663100569,93.74248504638672,93.74248504638672,4085700,0.375,0.0,0.0
2000-09-18 00:00:00-04:00,93.9832992240558,94.36452951552828,92.58879894735387,92.8797378540039,5109300,0.0,0.0,0.0
2000-09-19 00:00:00-04:00,93.18068681838194,93.94314721870462,92.90981272879363,93.7224349975586,6588200,0.0,0.0,0.0
2000-09-20 00:00:00-04:00,93.54183283657443,93.7625450118645,91.91658863671117,93.03018188476562,6508100,0.0,0.0,0.0
2000-09-21 00:00:00-04:00,92.75932936098197,93.46159553611378,91.57550923718833,91.61563873291016,5972300,0.0,0.0,0.0
2000-09-22 00:00:00-04:00,91.57550241819477,93.30107060574183,91.4450815668104,93.281005859375,7791300,0.0,0.0,0.0
2000-09-25 00:00:00-04:00,93.70238538837928,93.78264439085328,92.27778809446602,92.61888885498047,9726300,0.0,0.0,0.0
2000-09-26 00:00:00-04:00,92.69910680533553,93.10040163999066,91.43502807617188,91.43502807617188,5302400,0.0,0.0,0.0
2000-09-27 00:00:00-04:00,92.17747539527758,92.43831718459813,91.25449675614334,91.91663360595703,7186200,0.0,0.0,0.0
2000-09-28 00:00:00-04:00,91.93663272857665,93.95313896804021,91.74601771091592,93.10038757324219,7036400,0.0,0.0,0.0
2000-09-29 00:00:00-04:00,93.4013719367815,93.7224078016555,92.21755218505861,92.2175521850586,9333600,0.0,0.0,0.0
2000-10-02 00:00:00-04:00,92.63887746919893,93.04017215175989,91.90651467352517,92.35797119140625,5517800,0.0,0.0,0.0
2000-10-03 00:00:00-04:00,92.79945545029223,93.58198058814334,91.35479365733633,91.49524688720703,9347200,0.0,0.0,0.0
2000-10-04 00:00:00-04:00,91.73599951347096,92.61884815270821,91.01366880864049,92.25768280029297,6148900,0.0,0.0,0.0
2000-10-05 00:00:00-04:00,92.0771318922634,93.00011033354562,92.01693764609281,92.57875061035156,4566900,0.0,0.0,0.0
2000-10-06 00:00:00-04:00,92.37807724546637,92.8696634514859,89.72953115589175,90.57225036621094,10014900,0.0,0.0,0.0
2000-10-09 00:00:00-04:00,90.73279514312745,90.73279514312745,89.48878070286342,89.89007568359375,4508000,0.0,0.0,0.0
2000-10-10 00:00:00-04:00,89.95023563608386,90.6926310673877,88.4052505493164,88.4052505493164,6104700,0.0,0.0,0.0
2000-10-11 00:00:00-04:00,88.36511532920372,89.00718701188639,86.75993612249701,87.66284942626953,10346000,0.0,0.0,0.0
2000-10-12 00:00:00-04:00,88.14440233651462,88.34504973541404,85.25507979236298,85.47579193115234,12336900,0.0,0.0,0.0
2000-10-13 00:00:00-04:00,85.35541504266747,88.38519117605789,85.31528555745702,88.32499694824219,11778800,0.0,0.0,0.0
2000-10-16 00:00:00-04:00,88.22467688530725,88.75639258634446,87.76318778629381,88.7262954711914,5659000,0.0,0.0,0.0
2000-10-17 00:00:00-04:00,88.88682804213828,88.96708702908377,86.29847571314598,86.5191879272461,7831700,0.0,0.0,0.0
2000-10-18 00:00:00-04:00,85.15476874665842,87.40201994826674,83.56965405980968,86.19813537597656,10897300,0.0,0.0,0.0
2000-10-19 00:00:00-04:00,87.8635164657052,89.5389226371796,87.60267478631398,89.4486312866211,8767300,0.0,0.0,0.0
2000-10-20 00:00:00-04:00,88.84666934683302,90.65249595957354,88.84666934683302,89.82984161376953,7373500,0.0,0.0,0.0
2000-10-23 00:00:00-04:00,89.84992525263152,90.55219130529836,89.20785343305042,90.23115539550781,5290000,0.0,0.0,0.0
2000-10-24 00:00:00-04:00,90.51203704792994,91.13404395293678,89.24795849904508,89.62918853759766,5750700,0.0,0.0,0.0
2000-10-25 00:00:00-04:00,89.08746522591235,89.60914858083888,87.40202669461131,87.52241516113281,9137600,0.0,0.0,0.0
2000-10-26 00:00:00-04:00,88.0440976422401,88.38519829399901,86.05768796435001,87.76319122314453,9345800,0.0,0.0,0.0
2000-10-27 00:00:00-04:00,88.52564492673918,89.42855834960936,87.72305521752124,89.42855834960938,9762900,0.0,0.0,0.0
2000-10-30 00:00:00-05:00,88.88681752325986,90.59232079402219,88.70623482400268,90.23115539550781,10154100,0.0,0.0,0.0
2000-10-31 00:00:00-05:00,90.54217188980347,92.25770777824185,89.93019709919095,91.78618621826172,7752400,0.0,0.0,0.0
2000-11-01 00:00:00-05:00,91.33471311521939,91.97678491216293,90.67257657462136,91.47516632080078,6753600,0.0,0.0,0.0
2000-11-02 00:00:00-05:00,91.91664084607118,92.39819495659414,91.50531337666614,91.62570190429688,11395100,0.0,0.0,0.0
2000-11-03 00:00:00-05:00,92.117251450657,92.29783416968463,91.41498532110504,91.67582702636719,5187100,0.0,0.0,0.0
2000-11-06 00:00:00-05:00,91.91660666844038,92.64896993921053,91.83634767986283,92.31790161132812,4042500,0.0,0.0,0.0
2000-11-07 00:00:00-05:00,91.90653575150863,92.45831606657609,91.5353380850087,92.29779815673828,5231300,0.0,0.0,0.0
2000-11-08 00:00:00-05:00,92.49847208568391,92.49847208568391,90.251220703125,90.251220703125,6123300,0.0,0.0,0.0
2000-11-09 00:00:00-05:00,89.89003047589824,90.67255529477325,88.1243334486931,89.91009521484375,10635300,0.0,0.0,0.0
2000-11-10 00:00:00-05:00,89.24799667316518,89.54896788496767,87.66288162433872,87.72307586669922,8569500,0.0,0.0,0.0
2000-11-13 00:00:00-05:00,87.08096199510503,87.95377808883477,85.40555638989966,87.04083251953125,17285300,0.0,0.0,0.0
2000-11-14 00:00:00-05:00,88.26480801900227,89.64927534187365,87.96383686185632,89.32823944091797,7668900,0.0,0.0,0.0
2000-11-15 00:00:00-05:00,89.28807980801778,89.96024849870736,88.44536085252638,89.60911560058594,8837700,0.0,0.0,0.0
2000-11-16 00:00:00-05:00,88.97711305557543,89.80979998573811,88.16449087071788,88.20462036132812,6684100,0.0,0.0,0.0
2000-11-17 00:00:00-05:00,88.16446225759027,89.24795815242638,87.1612253179272,87.73307037353516,6551100,0.0,0.0,0.0
2000-11-20 00:00:00-05:00,87.1612740713593,87.56256907168785,86.23829557060365,86.47907257080078,5458500,0.0,0.0,0.0
2000-11-21 00:00:00-05:00,86.59939728064991,87.44211616058209,85.726581297863,86.9204330444336,7684300,0.0,0.0,0.0
2000-11-22 00:00:00-05:00,86.25836841465522,86.59946919694161,84.83377102981213,84.84380340576172,5736900,0.0,0.0,0.0
2000-11-24 00:00:00-05:00,85.79685115173268,86.65963520213599,85.79685115173268,86.57937622070312,3411600,0.0,0.0,0.0
2000-11-27 00:00:00-05:00,87.62274145209156,87.76319466715103,86.8803458867773,87.34183502197266,5992000,0.0,0.0,0.0
2000-11-28 00:00:00-05:00,86.7599610359438,87.70300409068233,85.80688560828254,85.83698272705078,5336100,0.0,0.0,0.0
2000-11-29 00:00:00-05:00,86.27842565889381,87.26159841640214,85.5661270284541,85.67648315429688,6914100,0.0,0.0,0.0
2000-11-30 00:00:00-05:00,85.07450470540249,85.71657643902817,83.30880743793188,84.93405151367188,11201600,0.0,0.0,0.0
2000-12-01 00:00:00-05:00,85.51595862327076,86.0777715846625,84.11142621979143,84.89395141601562,7587200,0.0,0.0,0.0
2000-12-04 00:00:00-05:00,84.67319872051317,85.95734201864418,84.4324218521136,85.61624145507812,6996600,0.0,0.0,0.0
2000-12-05 00:00:00-05:00,86.59943932277264,88.7664317803397,86.29846814811054,88.42533111572266,8883400,0.0,0.0,0.0
2000-12-06 00:00:00-05:00,88.46545906115277,88.82662446444166,86.6997615339626,87.0107650756836,12888000,0.0,0.0,0.0
2000-12-07 00:00:00-05:00,86.599465599176,87.24153763327554,85.81694030761719,85.81694030761719,6529100,0.0,0.0,0.0
2000-12-08 00:00:00-05:00,88.00398045106732,89.5489659719821,85.95737625453087,86.01757049560547,10276300,0.0,0.0,0.0
2000-12-11 00:00:00-05:00,88.20461996919514,89.6091521343097,87.78326031966076,89.00720977783203,6405600,0.0,0.0,0.0
2000-12-12 00:00:00-05:00,88.72630792315091,89.12760284817648,88.20462452061768,88.62598419189453,5022900,0.0,0.0,0.0
2000-12-13 00:00:00-05:00,89.40851357559734,89.50883731165614,87.34184461278619,87.41207122802734,6070500,0.0,0.0,0.0
2000-12-14 00:00:00-05:00,87.24155113647716,87.64284621990161,86.05773064037501,86.29850769042969,7678400,0.0,0.0,0.0
2000-12-15 00:00:00-05:00,85.73799531973509,85.73799531973509,84.0876395412801,84.34928131103516,9065300,0.411,0.0,0.0
2000-12-18 00:00:00-05:00,85.05368162711594,85.95936446507622,84.86248191687987,85.47633361816406,7235400,0.0,0.0,0.0
2000-12-19 00:00:00-05:00,85.31534936293117,86.92545267716436,83.73543548583984,83.73543548583984,9616600,0.0,0.0,0.0
2000-12-20 00:00:00-05:00,82.83980921377051,83.04107211273497,81.2095797321584,81.31021118164062,9994300,0.0,0.0,0.0
2000-12-21 00:00:00-05:00,81.1491720824115,82.99072695481742,80.84727784103349,81.87371826171875,14331500,0.0,0.0,0.0
2000-12-22 00:00:00-05:00,83.08134002321376,84.4398648419073,82.98070855516238,84.32917022705078,10182900,0.0,0.0,0.0
2000-12-26 00:00:00-05:00,84.26877090472118,85.23483276367188,83.90649770761466,85.23483276367188,4665300,0.0,0.0,0.0
2000-12-27 00:00:00-05:00,84.85242739363115,86.13044663924205,84.53040679631187,85.8587417602539,4854100,0.0,0.0,0.0
2000-12-28 00:00:00-05:00,85.53675976722255,86.22105384536033,85.39587569231183,86.12042236328125,8358700,0.0,0.0,0.0
2000-12-29 00:00:00-05:00,86.3417921934087,86.48267623661472,84.49017333984375,84.49017333984375,8774600,0.0,0.0,0.0
2001-01-02 00:00:00-05:00,85.01346860216522,85.11410007541589,82.15553476184621,82.96058654785156,8737500,0.0,0.0,0.0
2001-01-03 00:00:00-05:00,82.63853138111256,87.58959780092593,82.21587936966507,86.945556640625,19431600,0.0,0.0,0.0
2001-01-04 00:00:00-05:00,86.90533224819724,87.24747922555235,85.65750209549039,86.00971221923828,9219000,0.0,0.0,0.0
2001-01-05 00:00:00-05:00,85.95935775395114,86.05998917253454,83.20205688476562,83.20205688476562,12911400,0.0,0.0,0.0
2001-01-08 00:00:00-05:00,83.64486745613674,83.84613037109375,82.23602705143762,83.84613037109375,6625300,0.0,0.0,0.0
2001-01-09 00:00:00-05:00,84.39958741776779,84.69141858923736,83.35302045801487,83.62472534179688,5702400,0.0,0.0,0.0
2001-01-10 00:00:00-05:00,83.08134929617283,85.09397888183594,82.96059152103304,85.09397888183594,8746100,0.0,0.0,0.0
2001-01-11 00:00:00-05:00,84.42976592844511,85.96942673739053,84.42976592844511,85.1744384765625,7245100,0.0,0.0,0.0
2001-01-12 00:00:00-05:00,85.45622901121776,86.1203965942065,84.55054594350584,85.0134506225586,7244000,0.0,0.0,0.0
2001-01-16 00:00:00-05:00,85.01345960876853,85.77825872456711,84.7015020746928,85.55686950683594,8542200,0.0,0.0,0.0
2001-01-17 00:00:00-05:00,86.84493009162834,86.97575095966904,85.42602683057162,85.94931030273438,7851400,0.0,0.0,0.0
2001-01-18 00:00:00-05:00,85.93926459599227,87.39842072789143,85.61724393240074,86.80469512939453,8107000,0.0,0.0,0.0
2001-01-19 00:00:00-05:00,87.71035370944027,87.71035370944027,86.22100855696239,86.31157684326172,7782500,0.0,0.0,0.0
2001-01-22 00:00:00-05:00,86.46254837852622,87.44873666310438,86.01976996504214,86.88520050048828,7050900,0.0,0.0,0.0
2001-01-23 00:00:00-05:00,86.60338132591309,88.01222090128235,86.40211852943176,87.56944274902344,8463100,0.0,0.0,0.0
2001-01-24 00:00:00-05:00,87.75063344254393,88.43492737305918,87.48899164558222,87.83113861083984,6199900,0.0,0.0,0.0
2001-01-25 00:00:00-05:00,87.75060995896328,88.39465113297402,87.3682105118944,87.60972595214844,10818300,0.0,0.0,0.0
2001-01-26 00:00:00-05:00,87.04622000209103,87.67013510499619,86.59337839514373,87.50912475585938,7136800,0.0,0.0,0.0
2001-01-29 00:00:00-05:00,87.26757165095844,88.16922528691678,87.18384316073103,87.97602081298828,6705900,0.0,0.0,0.0
2001-01-30 00:00:00-05:00,87.78286196629368,88.82620609376328,87.45439449853933,88.7489242553711,7069100,0.0,0.0,0.0
2001-01-31 00:00:00-05:00,88.49126525128676,89.32852085529538,87.97604010477967,88.24653625488281,9706900,0.0,0.0,0.0
2001-02-01 00:00:00-05:00,88.29803512331954,88.84546413951884,87.75059627983335,88.83258056640625,8239100,0.0,0.0,0.0
2001-02-02 00:00:00-05:00,88.49127400735422,88.87126585734391,86.78456842927184,86.8167724609375,8276600,0.0,0.0,0.0
2001-02-05 00:00:00-05:00,86.81675123754967,87.55095777450403,86.78454721375667,87.454345703125,4352900,0.0,0.0,0.0
2001-02-06 00:00:00-05:00,87.13877784631505,88.04043161113633,87.08725337014111,87.19673919677734,7106700,0.0,0.0,0.0
2001-02-07 00:00:00-05:00,86.76523109431344,87.20317439242805,86.09542274423497,86.74591064453125,5748700,0.0,0.0,0.0
2001-02-08 00:00:00-05:00,86.81680481346059,87.20322385557657,85.72193611985713,85.73480987548828,5943300,0.0,0.0,0.0
2001-02-09 00:00:00-05:00,85.88293216773295,85.88293216773295,84.53687805470892,84.9104232788086,9913000,0.0,0.0,0.0
2001-02-12 00:00:00-05:00,84.82021503087599,85.9794910327299,84.82021503087599,85.88288879394531,5804400,0.0,0.0,0.0
2001-02-13 00:00:00-05:00,86.10831392494599,86.41101410131981,85.01344575567178,85.18089294433594,6587600,0.0,0.0,0.0
2001-02-14 00:00:00-05:00,85.43206019181852,85.43206019181852,84.15042450914427,85.05207824707031,8400100,0.0,0.0,0.0
2001-02-15 00:00:00-05:00,85.55445179355965,85.99240502798652,85.00702253464011,85.87647247314453,5929800,0.0,0.0,0.0
2001-02-16 00:00:00-05:00,84.36939985447982,84.55616748434893,83.27453174549021,83.98297119140625,6434900,0.0,0.0,0.0
2001-02-20 00:00:00-05:00,84.39515901420549,84.45956706854783,82.50168604038659,82.6884536743164,5760000,0.0,0.0,0.0
2001-02-21 00:00:00-05:00,82.37288577383325,82.97828127308325,80.82718562379651,80.90447235107422,10910800,0.0,0.0,0.0
2001-02-22 00:00:00-05:00,81.3746154644776,81.49698488112553,79.22995680384783,81.0268325805664,21281600,0.0,0.0,0.0
2001-02-23 00:00:00-05:00,80.5566797233181,80.85293810498118,78.44422523588068,80.4793930053711,20173000,0.0,0.0,0.0
2001-02-26 00:00:00-05:00,81.02037315384655,82.1925277709961,80.18311775003528,82.1925277709961,11503700,0.0,0.0,0.0
2001-02-27 00:00:00-05:00,81.6644342887956,82.33423287974291,80.83362046810848,81.43257904052734,11415000,0.0,0.0,0.0
2001-02-28 00:00:00-05:00,81.63221268635081,81.69017402911751,79.39094740680511,79.82889556884766,14825800,0.0,0.0,0.0
2001-03-01 00:00:00-05:00,79.89329319261479,80.24751281738281,78.4119968311683,80.24751281738281,14672000,0.0,0.0,0.0
2001-03-02 00:00:00-05:00,78.89504583129909,80.92377656397565,78.7662395586649,79.60993194580078,12564300,0.0,0.0,0.0
2001-03-05 00:00:00-05:00,79.95772552463963,80.36346976024942,79.73874893535778,80.33770751953125,5293200,0.0,0.0,0.0
2001-03-06 00:00:00-05:00,81.37460306997544,82.27626171533815,80.82072725555167,81.20071411132812,6917000,0.0,0.0,0.0
2001-03-07 00:00:00-05:00,81.72882525869493,81.81899062918602,80.9946187197565,81.78034973144531,6371700,0.0,0.0,0.0
2001-03-08 00:00:00-05:00,81.53561735981877,81.9478033469739,81.23935898865382,81.87052154541016,6055000,0.0,0.0,0.0
2001-03-09 00:00:00-05:00,81.21357708206948,81.21357708206948,79.28789567903358,79.44890594482422,10020300,0.0,0.0,0.0
2001-03-12 00:00:00-05:00,78.79202129179733,78.89507027274439,75.83587367033185,76.04840850830078,13972900,0.0,0.0,0.0
2001-03-13 00:00:00-05:00,76.89853383397346,77.56833738981939,75.6941748085132,77.29783630371094,12888000,0.0,0.0,0.0
2001-03-14 00:00:00-05:00,75.38501491013724,76.82766564022114,74.54775949036035,75.77143859863281,19883400,0.0,0.0,0.0
2001-03-15 00:00:00-05:00,76.28665034790335,76.55070950213334,75.58464805451797,75.79074096679688,10370300,0.0,0.0,0.0
2001-03-16 00:00:00-05:00,75.63966280296269,75.81402490151305,74.14146423099645,74.27062225341797,58514600,0.316,0.0,0.0
2001-03-19 00:00:00-05:00,74.75496533933115,76.00131211935732,74.14793485704493,75.78174591064453,10067800,0.0,0.0,0.0
2001-03-20 00:00:00-05:00,76.13693085012646,76.49856354599656,73.68944116486057,73.74755859375,15083900,0.0,0.0,0.0
2001-03-21 00:00:00-05:00,73.73461533708006,74.43205376205218,72.2622486133882,72.4947280883789,19004600,0.0,0.0,0.0
2001-03-22 00:00:00-05:00,72.3397463752472,72.71429722878244,69.7695634602974,71.75855255126953,28624800,0.0,0.0,0.0
2001-03-23 00:00:00-05:00,73.1340466352725,74.04459209735296,72.00393995437425,73.92835235595703,12861700,0.0,0.0,0.0
2001-03-26 00:00:00-05:00,74.71622614721991,75.08431799878137,74.11565471289583,74.8712158203125,9943800,0.0,0.0,0.0
2001-03-27 00:00:00-05:00,74.66454019755315,76.62123852207414,74.44497403876026,76.40167236328125,12880700,0.0,0.0,0.0
2001-03-28 00:00:00-05:00,75.49115127907433,75.52343709552962,74.19960037584595,74.29000854492188,10953300,0.0,0.0,0.0
2001-03-29 00:00:00-05:00,74.07039563578286,75.23279268666927,72.41721309840892,74.57410430908203,12060300,0.0,0.0,0.0
2001-03-30 00:00:00-05:00,74.61932359016082,75.35550689697266,73.94125768431503,75.35550689697266,9183600,0.0,0.0,0.0
2001-04-02 00:00:00-04:00,75.10369105701479,75.8011248380677,73.48925234062905,73.74755859375,10561000,0.0,0.0,0.0
2001-04-03 00:00:00-04:00,73.60544443150457,73.71522501063455,71.07400242007277,71.287109375,12836000,0.0,0.0,0.0
2001-04-04 00:00:00-04:00,71.40337407459658,72.39140948631166,70.58324161887951,71.58419036865234,14884300,0.0,0.0,0.0
2001-04-05 00:00:00-04:00,73.16636355669354,74.58060850185673,72.64974120404773,74.29647064208984,21522800,0.0,0.0,0.0
2001-04-06 00:00:00-04:00,73.61190994536518,73.87668012887318,72.36556367532738,73.16632843017578,14937800,0.0,0.0,0.0
2001-04-09 00:00:00-04:00,73.6184011996051,74.25771751470806,72.8305543633794,73.98003387451172,9034300,0.0,0.0,0.0
2001-04-10 00:00:00-04:00,74.55473306427375,76.04001775984366,74.37391682520395,75.32966613769531,17873600,0.0,0.0,0.0
2001-04-11 00:00:00-04:00,76.70516068224602,76.84077285334504,75.00031492146874,75.3813247680664,12722300,0.0,0.0,0.0
2001-04-12 00:00:00-04:00,75.1036725986462,76.80851906999618,74.88410642520542,76.75039672851562,9233200,0.0,0.0,0.0
2001-04-16 00:00:00-04:00,76.38873979224161,76.77620388016658,75.49757189732688,75.94315338134766,7350000,0.0,0.0,0.0
2001-04-17 00:00:00-04:00,75.75589488203956,77.2734706987227,75.5686194636643,77.0151596069336,10924700,0.0,0.0,0.0
2001-04-18 00:00:00-04:00,78.17754540324302,81.3676765195785,77.93861172856732,80.07612609863281,32481600,0.0,0.0,0.0
2001-04-19 00:00:00-04:00,80.2375837905151,81.26436418800493,79.8049155070524,81.14167022705078,13809900,0.0,0.0,0.0
2001-04-20 00:00:00-04:00,80.65734372302482,80.9802314041203,79.85658365343305,80.39903259277344,7626700,0.0,0.0,0.0
2001-04-23 00:00:00-04:00,79.85015164782013,80.005136407874,78.72650351539531,78.93960571289062,8451800,0.0,0.0,0.0
2001-04-24 00:00:00-04:00,79.12035372416076,79.85008265403185,78.20335437309221,78.5133285522461,10044700,0.0,0.0,0.0
2001-04-25 00:00:00-04:00,78.41003905134886,79.86303353764475,78.10652385924487,79.54014587402344,8249000,0.0,0.0,0.0
2001-04-26 00:00:00-04:00,79.90179909988622,80.86400314692507,79.75326857762484,79.89533996582031,10590400,0.0,0.0,0.0
2001-04-27 00:00:00-04:00,80.67026445732357,81.2643766625503,80.20530536562423,81.22563171386719,7938700,0.0,0.0,0.0
2001-04-30 00:00:00-04:00,81.65832047506473,82.18785625589055,80.50884072597036,81.79393768310547,10766900,0.0,0.0,0.0
2001-05-01 00:00:00-04:00,80.76713124372814,82.11034529414715,80.46361600930048,82.04576873779297,10578000,0.0,0.0,0.0
2001-05-02 00:00:00-04:00,82.27824975003386,82.45906608180157,81.36770403050652,81.8972396850586,9572900,0.0,0.0,0.0
2001-05-03 00:00:00-04:00,81.45162543829993,81.46454370154527,80.21819734955784,80.85751342773438,9926200,0.0,0.0,0.0
2001-05-04 00:00:00-04:00,79.85011708290655,82.23948372971327,79.7145048607026,82.23302459716797,12145300,0.0,0.0,0.0
2001-05-07 00:00:00-04:00,81.92308003097301,82.2588811219458,81.51624324110433,81.52269744873047,7185200,0.0,0.0,0.0
2001-05-08 00:00:00-04:00,81.92303691130529,82.07802156965016,81.08352723542976,81.4839096069336,6952600,0.0,0.0,0.0
2001-05-09 00:00:00-04:00,80.88335911277278,81.72286900245763,80.7606602249439,81.14167022705078,9507400,0.0,0.0,0.0
2001-05-10 00:00:00-04:00,82.18138029242778,82.33636501174831,81.21917138141079,81.380615234375,6872400,0.0,0.0,0.0
2001-05-11 00:00:00-04:00,81.36767932475561,81.68410780927161,80.33443993775258,80.81877136230469,7734400,0.0,0.0,0.0
2001-05-14 00:00:00-04:00,80.65732935639751,81.006048581092,80.37318667104478,80.98021697998047,7914000,0.0,0.0,0.0
2001-05-15 00:00:00-04:00,81.07711370903804,81.69059844598479,80.62506791566199,81.35479736328125,9782200,0.0,0.0,0.0
2001-05-16 00:00:00-04:00,80.61858354350471,83.43416415682034,80.47651712056167,83.27272033691406,14909000,0.0,0.0,0.0
2001-05-17 00:00:00-04:00,83.30503886235945,84.00247757947132,83.02089606793402,83.40190124511719,11824600,0.0,0.0,0.0
2001-05-18 00:00:00-04:00,83.36312287465837,83.78288269042969,82.72381169723067,83.78288269042969,6683100,0.0,0.0,0.0
2001-05-21 00:00:00-04:00,83.84749006365666,85.13904108689384,83.40190338403947,85.01634216308594,11531500,0.0,0.0,0.0
2001-05-22 00:00:00-04:00,85.13256523008182,85.30046327305567,84.6417795134084,84.90653991699219,8342700,0.0,0.0,0.0
2001-05-23 00:00:00-04:00,84.6288664789602,84.6288664789602,83.46646881103516,83.46646881103516,12330800,0.0,0.0,0.0
2001-05-24 00:00:00-04:00,83.608534237217,83.95079437985025,83.01442210559418,83.71186065673828,7902800,0.0,0.0,0.0
2001-05-25 00:00:00-04:00,83.72472881529694,83.75701953759118,82.59462743808619,82.72378540039062,7425000,0.0,0.0,0.0
2001-05-29 00:00:00-04:00,82.80135413048302,82.88530811767664,81.94893047471392,82.06517028808594,9003900,0.0,0.0,0.0
2001-05-30 00:00:00-04:00,81.74868753169984,82.07157516064605,80.72190723655055,80.91564178466797,10041800,0.0,0.0,0.0
2001-05-31 00:00:00-04:00,80.99961762366657,81.85850018359717,80.88983697591252,81.33541870117188,9874200,0.0,0.0,0.0
2001-06-01 00:00:00-04:00,81.49685385549016,82.07805270333445,80.79942016495234,81.83911895751953,8848300,0.0,0.0,0.0
2001-06-04 00:00:00-04:00,81.88431026971473,82.29114693632656,81.41935126394435,82.23302459716797,5623500,0.0,0.0,0.0
2001-06-05 00:00:00-04:00,82.32991878905112,83.45356680236698,82.18784738786296,83.17588806152344,9115400,0.0,0.0,0.0
2001-06-06 00:00:00-04:00,83.19519958104713,83.19519958104713,82.24590948400004,82.48484802246094,12064900,0.0,0.0,0.0
2001-06-07 00:00:00-04:00,82.04573808024038,82.88524777977644,82.01344735069146,82.78192138671875,7355300,0.0,0.0,0.0
2001-06-08 00:00:00-04:00,82.46549896448191,82.57528450341682,81.45809113263248,82.01345825195312,8170600,0.0,0.0,0.0
2001-06-11 00:00:00-04:00,81.82620490425028,82.00702123802999,80.98669979357649,81.43228149414062,7012200,0.0,0.0,0.0
2001-06-12 00:00:00-04:00,80.631518158221,81.84557415642199,80.10198251862664,81.29020690917969,9364400,0.0,0.0,0.0
2001-06-13 00:00:00-04:00,81.4774748861329,81.74224514504982,80.49589852004137,80.59276580810547,7629400,0.0,0.0,0.0
2001-06-14 00:00:00-04:00,80.19238211656062,80.26987693122719,78.6231478394055,78.78459167480469,12603000,0.0,0.0,0.0
2001-06-15 00:00:00-04:00,78.30275484494881,79.26769516347106,77.97247140243685,78.91150665283203,16821100,0.346,0.0,0.0
2001-06-18 00:00:00-04:00,78.78199484036787,79.29360887464901,78.30276337999693,78.52942657470703,11368300,0.0,0.0,0.0
2001-06-19 00:00:00-04:00,79.2547541104132,79.58503761106593,78.28981362202961,78.87266540527344,7732300,0.0,0.0,0.0
2001-06-20 00:00:00-04:00,78.48408726610745,79.56559794673569,78.42579962619986,79.28712463378906,8787200,0.0,0.0,0.0
2001-06-21 00:00:00-04:00,79.15112363075679,80.50463006895005,79.10579099744137,80.18730163574219,12259100,0.0,0.0,0.0
2001-06-22 00:00:00-04:00,79.97361440247369,80.03837462231772,79.11229409086081,79.55914306640625,12212000,0.0,0.0,0.0
2001-06-25 00:00:00-04:00,79.8376046576931,79.94122494683782,78.68485611583843,78.82733154296875,8406800,0.0,0.0,0.0
2001-06-26 00:00:00-04:00,78.29632095248573,79.26126180846451,78.08260772706748,78.71726989746094,8005800,0.0,0.0,0.0
2001-06-27 00:00:00-04:00,78.74963106688462,79.16410241927179,78.30278207374461,78.67192077636719,10105100,0.0,0.0,0.0
2001-06-28 00:00:00-04:00,79.00866165806136,80.26503048190463,78.96332901704058,79.10580444335938,10269300,0.0,0.0,0.0
2001-06-29 00:00:00-04:00,79.52674978136369,80.31035965135675,79.1770387339401,79.39722442626953,9824200,0.0,0.0,0.0
2001-07-02 00:00:00-04:00,79.52673392362883,80.51110172162474,79.4101635977319,80.38805389404297,8522200,0.0,0.0,0.0
2001-07-03 00:00:00-04:00,80.29090395183523,80.36861419677734,79.68862484910709,80.36861419677734,3303100,0.0,0.0,0.0
2001-07-05 00:00:00-04:00,79.70158689950847,80.07720294285217,78.78845679787486,78.80140686035156,5517900,0.0,0.0,0.0
2001-07-06 00:00:00-04:00,78.56178948540514,78.67835981239487,77.09819030761719,77.09819030761719,11665900,0.0,0.0,0.0
2001-07-09 00:00:00-04:00,77.38312901329711,78.0631233481465,77.19532100709216,77.51912689208984,8339300,0.0,0.0,0.0
2001-07-10 00:00:00-04:00,77.90126842909982,78.12793170015117,76.55423393129648,76.58661651611328,8630700,0.0,0.0,0.0
2001-07-11 00:00:00-04:00,76.48296084880153,76.99457481894086,75.82887147673902,76.66429138183594,15328600,0.0,0.0,0.0
2001-07-12 00:00:00-04:00,77.38962695100719,78.66542326534395,77.26657910113094,78.48409271240234,12002800,0.0,0.0,0.0
2001-07-13 00:00:00-04:00,78.25745027310649,79.21591843447091,78.11497974965418,79.16410827636719,10433800,0.0,0.0,0.0
2001-07-16 00:00:00-04:00,78.85970007547085,79.18998353288832,77.90123721594713,78.17323303222656,6915300,0.0,0.0,0.0
2001-07-17 00:00:00-04:00,77.84297631293192,78.97629754426515,77.60336298619009,78.90505981445312,7469800,0.0,0.0,0.0
2001-07-18 00:00:00-04:00,78.0761176553609,78.77553994913168,77.75231158686204,78.36754608154297,7709300,0.0,0.0,0.0
2001-07-19 00:00:00-04:00,79.12524620982843,79.6433378637885,78.20563821789308,79.05400848388672,10082900,0.0,0.0,0.0
2001-07-20 00:00:00-04:00,78.45816440284622,78.96977827761455,78.30921152654231,78.58120727539062,6705800,0.0,0.0,0.0
2001-07-23 00:00:00-04:00,78.87912202589067,78.93092721666257,77.0334243774414,77.0334243774414,8065200,0.0,0.0,0.0
2001-07-24 00:00:00-04:00,77.06582871996768,77.19534914482271,75.60870170635485,76.2886962890625,12269000,0.0,0.0,0.0
2001-07-25 00:00:00-04:00,76.36640239378885,77.37668042781348,76.06850148019416,77.13058471679688,12088500,0.0,0.0,0.0
2001-07-26 00:00:00-04:00,77.10467402003611,78.26389995584532,76.78086805833142,77.94009399414062,12898200,0.0,0.0,0.0
2001-07-27 00:00:00-04:00,78.25096159910001,78.58771767566734,77.65515972623369,78.23800659179688,8478800,0.0,0.0,0.0
2001-07-30 00:00:00-04:00,78.48409903316919,78.5877143828147,77.90772475452026,78.26390838623047,8547700,0.0,0.0,0.0
2001-07-31 00:00:00-04:00,78.36103672250512,79.4490248680233,78.23151632411178,78.58769989013672,11918100,0.0,0.0,0.0
2001-08-01 00:00:00-04:00,78.9892145011841,79.46196836303896,78.71721872250983,79.07987976074219,11940800,0.0,0.0,0.0
2001-08-02 00:00:00-04:00,79.80522297094438,79.81817303598628,78.9374203865251,79.40370178222656,11070100,0.0,0.0,0.0
2001-08-03 00:00:00-04:00,79.24181400129548,79.24181400129548,78.29630096340115,78.96981811523438,10816300,0.0,0.0,0.0
2001-08-06 00:00:00-04:00,78.5877351694817,78.69135548742246,77.77821996390219,77.90774536132812,8550100,0.0,0.0,0.0
2001-08-07 00:00:00-04:00,77.88831396925103,78.49059348852302,77.65517813229975,78.21212005615234,8865100,0.0,0.0,0.0
2001-08-08 00:00:00-04:00,77.79117286279293,78.4646900884621,76.69670675346947,76.76146697998047,15183800,0.0,0.0,0.0
2001-08-09 00:00:00-04:00,76.87155828042816,77.04641632339421,76.3275664598415,76.98812866210938,14118500,0.0,0.0,0.0
2001-08-10 00:00:00-04:00,76.93628791754028,77.60979987746308,75.99077029115865,77.25361633300781,11173300,0.0,0.0,0.0
2001-08-13 00:00:00-04:00,77.45441717106006,77.61632021905177,76.94280294649955,77.27308654785156,7431600,0.0,0.0,0.0
2001-08-14 00:00:00-04:00,77.80408569797429,77.94008359083107,76.93628820806356,77.24066162109375,13178100,0.0,0.0,0.0
2001-08-15 00:00:00-04:00,77.21477833184817,77.46086910483541,76.47002356876895,76.57363891601562,8520600,0.0,0.0,0.0
2001-08-16 00:00:00-04:00,76.28872582140595,76.90395548896188,75.77063403965086,76.83919525146484,10734700,0.0,0.0,0.0
2001-08-17 00:00:00-04:00,76.19152466877219,76.33400004673192,75.12944177601774,75.60867309570312,11604600,0.0,0.0,0.0
2001-08-20 00:00:00-04:00,75.64109630462607,76.35346863632084,75.47919327738235,76.30813598632812,10417400,0.0,0.0,0.0
2001-08-21 00:00:00-04:00,76.28868240399333,76.76791381779852,74.99345862763275,75.00640869140625,14480800,0.0,0.0,0.0
2001-08-22 00:00:00-04:00,75.60870101111321,76.04907736881344,74.98051658047889,75.78355407714844,11752300,0.0,0.0,0.0
2001-08-23 00:00:00-04:00,75.74469159602643,76.10735269984173,75.44031319494417,75.51155090332031,8744100,0.0,0.0,0.0
2001-08-24 00:00:00-04:00,75.90661245581995,77.15002648247633,75.60223398305874,77.07878875732422,11687700,0.0,0.0,0.0
2001-08-27 00:00:00-04:00,77.04640673431192,77.19535473960154,76.58660276959824,76.61898040771484,7425100,0.0,0.0,0.0
2001-08-28 00:00:00-04:00,76.59956540332192,76.73556336385383,75.49862670898438,75.49862670898438,12046600,0.0,0.0,0.0
2001-08-29 00:00:00-04:00,75.85478143957118,75.88716401151126,74.58546268553104,74.82508087158203,16180000,0.0,0.0,0.0
2001-08-30 00:00:00-04:00,74.37823568584815,74.95460995875203,72.55844758426767,73.38739013671875,17692600,0.0,0.0,0.0
2001-08-31 00:00:00-04:00,73.43914186021614,74.32636641405334,73.26428399600704,73.92485046386719,15985400,0.0,0.0,0.0
2001-09-04 00:00:00-04:00,73.73064475713984,75.23310479779272,73.41979368163305,73.4521713256836,24473400,0.0,0.0,0.0
2001-09-05 00:00:00-04:00,73.63347625732422,73.95080966818858,72.50015535223241,73.63347625732422,21477100,0.0,0.0,0.0
2001-09-06 00:00:00-04:00,72.95350638065207,73.37445524725948,71.73599243164062,71.73599243164062,21653000,0.0,0.0,0.0
2001-09-07 00:00:00-04:00,71.25027897115947,72.04684400470789,70.35009857392225,70.40838623046875,33133900,0.0,0.0,0.0
2001-09-10 00:00:00-04:00,69.74776968589188,71.46394147170065,69.74776968589188,71.26966094970703,23408700,0.0,0.0,0.0
2001-09-17 00:00:00-04:00,65.40880752493817,68.90591307385486,64.76119556924571,67.54592895507812,32388700,0.0,0.0,0.0
2001-09-18 00:00:00-04:00,67.56537907950215,68.19356367678142,66.93719448222288,67.38404846191406,22029200,0.0,0.0,0.0
2001-09-19 00:00:00-04:00,67.41637582385101,67.67542148757856,63.828606474569824,66.02400970458984,42771800,0.0,0.0,0.0
2001-09-20 00:00:00-04:00,65.0202471337333,65.93337750336853,63.82863845981219,63.92578125,36210900,0.0,0.0,0.0
2001-09-21 00:00:00-04:00,61.28596171171884,64.34765907373247,60.97394431502146,63.236087799072266,49782100,0.369,0.0,0.0
2001-09-24 00:00:00-04:00,64.82220523249796,65.75826753343539,64.39317502475893,65.45924377441406,25549600,0.0,0.0,0.0
2001-09-25 00:00:00-04:00,65.49175766703537,66.30431049168841,64.93922273815707,66.14179992675781,25466200,0.0,0.0,0.0
2001-09-26 00:00:00-04:00,66.53177726505524,66.56428133883854,65.28369819881195,65.9077377319336,18587500,0.0,0.0,0.0
2001-09-27 00:00:00-04:00,65.8167642167882,66.49280861226976,65.0042115721365,66.47980499267578,20536800,0.0,0.0,0.0
2001-09-28 00:00:00-04:00,66.94132775800495,71.25760626806465,66.62930541391876,67.89038848876953,21687200,0.0,0.0,0.0
2001-10-01 00:00:00-04:00,67.53936434461036,67.81238079253987,66.84381960759363,67.77987670898438,20457400,0.0,0.0,0.0
2001-10-02 00:00:00-04:00,67.60437160396926,68.63143920898438,67.37685788372593,68.63143920898438,19833100,0.0,0.0,0.0
2001-10-03 00:00:00-04:00,67.99437500358742,70.12651143058744,67.83186454470723,69.78199005126953,32045800,0.0,0.0,0.0
2001-10-04 00:00:00-04:00,70.39303447378909,70.83506314236178,69.39196940203841,69.84049987792969,32674100,0.0,0.0,0.0
2001-10-05 00:00:00-04:00,69.717008668395,69.95752600816925,68.59243375900859,69.70401000976562,29796100,0.0,0.0,0.0
2001-10-08 00:00:00-04:00,69.07994250993403,69.74948975511039,68.81992974766519,69.24895477294922,12970300,0.0,0.0,0.0
2001-10-09 00:00:00-04:00,69.30098444681212,69.39198993850187,68.6444405772555,68.87845611572266,15976300,0.0,0.0,0.0
2001-10-10 00:00:00-04:00,68.7744481606532,70.56206372763265,68.59243222791473,70.41255187988281,19987400,0.0,0.0,0.0
2001-10-11 00:00:00-04:00,70.8220470704625,71.69960740535646,70.8220470704625,71.50459289550781,23006300,0.0,0.0,0.0
2001-10-12 00:00:00-04:00,70.95205943388322,71.43308894993571,69.74948316403945,71.17957305908203,31360500,0.0,0.0,0.0
2001-10-15 00:00:00-04:00,70.61406674722863,71.1471010346911,70.24354297374165,71.04959869384766,16873000,0.0,0.0,0.0
2001-10-16 00:00:00-04:00,71.3746033203261,71.90113567759579,70.82206373223806,71.49810791015625,15877100,0.0,0.0,0.0
2001-10-17 00:00:00-04:00,72.20016264897387,72.25216719772904,69.97702026367188,69.97702026367188,28542300,0.0,0.0,0.0
2001-10-18 00:00:00-04:00,70.08753245595764,70.30854932814928,69.3919876725119,69.8275146484375,16510000,0.0,0.0,0.0
2001-10-19 00:00:00-04:00,69.5544764007224,70.1460168515706,68.910936372196,69.78199005126953,21912500,0.0,0.0,0.0
2001-10-22 00:00:00-04:00,69.7495277653678,71.2251213290183,69.69102139037618,71.16011810302734,17540600,0.0,0.0,0.0
2001-10-23 00:00:00-04:00,71.47860730906424,71.68662052037566,70.45153990846522,70.79606628417969,22062500,0.0,0.0,0.0
2001-10-24 00:00:00-04:00,70.84157470553932,71.14709025962462,70.34754142923445,70.60755920410156,16065200,0.0,0.0,0.0
2001-10-25 00:00:00-04:00,69.84702692699041,71.89466068824687,69.38549759632707,71.87516021728516,27467900,0.0,0.0,0.0
2001-10-26 00:00:00-04:00,71.47209869934132,72.66817827012012,71.29008777669416,71.71261596679688,18623300,0.0,0.0,0.0
2001-10-29 00:00:00-05:00,71.60861021230922,71.86212612868513,69.84699249267578,69.84699249267578,18727500,0.0,0.0,0.0
2001-10-30 00:00:00-05:00,69.78201531989745,70.00952905282914,68.61843941784402,69.00846862792969,26178600,0.0,0.0,0.0
2001-10-31 00:00:00-05:00,69.48951290390853,70.11355282735094,68.77446746826172,68.77446746826172,28124200,0.0,0.0,0.0
2001-11-01 00:00:00-05:00,69.29443648283417,70.86103918525332,68.70939802634105,70.53601837158203,29806800,0.0,0.0,0.0
2001-11-02 00:00:00-05:00,70.49056497363276,71.10160115842805,70.12004118519344,71.01709747314453,17575900,0.0,0.0,0.0
2001-11-05 00:00:00-05:00,71.58260294431935,72.21313930804398,71.47209207202307,71.94662475585938,15929500,0.0,0.0,0.0
2001-11-06 00:00:00-05:00,71.73213959015995,73.11673233772996,71.40711856350818,73.06472778320312,23245800,0.0,0.0,0.0
2001-11-07 00:00:00-05:00,72.65518654426477,73.53274714400295,72.57068287618749,72.96720886230469,19716000,0.0,0.0,0.0
2001-11-08 00:00:00-05:00,73.37028503242985,74.1568357151304,72.73974313189863,73.19477081298828,22563500,0.0,0.0,0.0
2001-11-09 00:00:00-05:00,72.96723785259891,73.42876722517659,72.44070525110283,73.27275848388672,15895800,0.0,0.0,0.0
2001-11-12 00:00:00-05:00,72.15466859293615,73.22723898282472,71.50462653354033,72.82421112060547,26068800,0.0,0.0,0.0
2001-11-13 00:00:00-05:00,73.74075624101353,74.4623031616211,73.571743954895,74.4623031616211,15296200,0.0,0.0,0.0
2001-11-14 00:00:00-05:00,74.8653313052083,75.01484313808064,73.91627063921779,74.5338134765625,17571300,0.0,0.0,0.0
2001-11-15 00:00:00-05:00,74.34531282949843,74.87184531562781,74.05929273361215,74.67033386230469,19470200,0.0,0.0,0.0
2001-11-16 00:00:00-05:00,74.80683720244551,74.81983586075853,73.71476640535042,74.33880615234375,18134900,0.0,0.0,0.0
2001-11-19 00:00:00-05:00,74.70283630534259,75.3073756515696,74.39731572743689,75.25537109375,13625400,0.0,0.0,0.0
2001-11-20 00:00:00-05:00,74.99531760111412,75.2748357487046,74.5207849470466,74.62479400634766,16209700,0.0,0.0,0.0
2001-11-21 00:00:00-05:00,74.42981709724287,74.5403230590024,73.78627683587145,74.13079833984375,11470200,0.0,0.0,0.0
2001-11-23 00:00:00-05:00,74.13080026951022,75.24237164424201,74.10479799087335,75.19686889648438,6717100,0.0,0.0,0.0
2001-11-26 00:00:00-05:00,75.24230629231894,75.62582841039162,74.80027785827224,75.35931396484375,13726000,0.0,0.0,0.0
2001-11-27 00:00:00-05:00,75.15787238390988,75.9899255115751,74.16330376533759,75.03436279296875,19261400,0.0,0.0,0.0
2001-11-28 00:00:00-05:00,74.58583360668185,74.86535192470328,73.6172722086472,73.67577362060547,20195500,0.0,0.0,0.0
2001-11-29 00:00:00-05:00,73.88378355804483,74.7028329899289,73.4547534142154,74.67033386230469,16354700,0.0,0.0,0.0
2001-11-30 00:00:00-05:00,74.36482761766244,74.6963505236026,74.1178084111301,74.13731384277344,13680300,0.0,0.0,0.0
2001-12-03 00:00:00-05:00,73.87727005027996,74.15678829260872,73.46124359091995,73.69525909423828,15220400,0.0,0.0,0.0
2001-12-04 00:00:00-05:00,74.05278477488108,74.94984592496681,73.68226102662778,74.94334411621094,17239900,0.0,0.0,0.0
2001-12-05 00:00:00-05:00,75.15134294532145,76.70494265834226,75.11883886720427,76.3149185180664,25204000,0.0,0.0,0.0
2001-12-06 00:00:00-05:00,76.27592468261719,76.6659538439364,76.00941004577096,76.27592468261719,17972900,0.0,0.0,0.0
2001-12-07 00:00:00-05:00,75.98991488104922,76.11341949528496,75.20986146341691,75.7688980102539,18857800,0.0,0.0,0.0
2001-12-10 00:00:00-05:00,75.30736150408336,75.65838476427993,74.33229854556843,74.35179901123047,13862700,0.0,0.0,0.0
2001-12-11 00:00:00-05:00,74.68976344736386,75.22279723691987,74.03972199866517,74.20223236083984,20833300,0.0,0.0,0.0
2001-12-12 00:00:00-05:00,74.46231068144077,74.61181755933826,73.52624864462373,74.28679656982422,16171500,0.0,0.0,0.0
2001-12-13 00:00:00-05:00,73.74724675001978,73.9097572143957,72.83069030984103,72.84368896484375,19026700,0.0,0.0,0.0
2001-12-14 00:00:00-05:00,73.01923773623014,73.77328407029218,72.80472263107227,73.53926849365234,16721900,0.0,0.0,0.0
2001-12-17 00:00:00-05:00,73.44824627097864,74.33880562158767,73.38974486984714,74.2998046875,13925900,0.0,0.0,0.0
2001-12-18 00:00:00-05:00,74.51431786446358,74.85234250528575,74.3258050762026,74.74183654785156,13663700,0.0,0.0,0.0
2001-12-19 00:00:00-05:00,74.16329709175585,75.35287526540236,74.10479568621294,75.26837158203125,20143400,0.0,0.0,0.0
2001-12-20 00:00:00-05:00,75.07985560381184,75.27487019954067,74.46231764971586,74.5273208618164,14867900,0.0,0.0,0.0
2001-12-21 00:00:00-05:00,75.0315382932764,75.05763001071539,74.49014635351158,74.97935485839844,14037700,0.393,0.0,0.0
2001-12-24 00:00:00-05:00,74.90107274222183,75.03805050457551,74.7575708074269,74.83584594726562,5728800,0.0,0.0,0.0
2001-12-26 00:00:00-05:00,74.78367883961772,75.80123099713887,74.78367883961772,75.24679565429688,10304800,0.0,0.0,0.0
2001-12-27 00:00:00-05:00,75.20764911445845,75.7164251157629,75.17503322658578,75.70337677001953,9407300,0.0,0.0,0.0
2001-12-28 00:00:00-05:00,75.85337622278843,76.1534233750968,75.61203167623246,75.66421508789062,10593800,0.0,0.0,0.0
2001-12-31 00:00:00-05:00,75.76207964480753,75.91862494855805,74.50970726183249,74.55536651611328,14619500,0.0,0.0,0.0
2002-01-02 00:00:00-05:00,75.0836952849385,75.50115266396826,74.2357321845118,75.35765075683594,18651900,0.0,0.0,0.0
2002-01-03 00:00:00-05:00,75.43593567320781,76.2838939072154,75.36418471032833,76.21214294433594,15743000,0.0,0.0,0.0
2002-01-04 00:00:00-05:00,76.42737355128482,76.95572184904272,76.02296458003146,76.72090148925781,20140700,0.0,0.0,0.0
2002-01-07 00:00:00-05:00,76.77309751182635,76.96225867702239,76.02950119428874,76.17952728271484,13106500,0.0,0.0,0.0
2002-01-08 00:00:00-05:00,76.17952049269758,76.35563329894984,75.64465292641466,76.00340270996094,12683700,0.0,0.0,0.0
2002-01-09 00:00:00-05:00,76.10777972705094,76.82528436665957,75.23372482039365,75.38375091552734,16610300,0.0,0.0,0.0
2002-01-10 00:00:00-05:00,75.4620350410077,75.89253588547676,75.20764704734741,75.71642303466797,12823400,0.0,0.0,0.0
2002-01-11 00:00:00-05:00,75.80120713382638,75.84686638353361,74.81626620273038,74.97281646728516,13708400,0.0,0.0,0.0
2002-01-14 00:00:00-05:00,74.78366114952546,74.90759056472433,74.33358781255457,74.50318145751953,12301100,0.0,0.0,0.0
2002-01-15 00:00:00-05:00,74.71847444404216,75.26638577737849,74.29449259239587,75.1098403930664,20219900,0.0,0.0,0.0
2002-01-16 00:00:00-05:00,74.55535441120898,74.62058119580759,73.50518675677182,73.58998107910156,17067000,0.0,0.0,0.0
2002-01-17 00:00:00-05:00,74.20311676379661,74.51620729076454,73.96829638032857,74.1444091796875,17283400,0.0,0.0,0.0
2002-01-18 00:00:00-05:00,73.70742462458357,74.26186000920562,73.49217165919916,73.80526733398438,17028000,0.0,0.0,0.0
2002-01-22 00:00:00-05:00,74.19662009072033,74.3140303259673,73.0681769977087,73.29647827148438,11689300,0.0,0.0,0.0
2002-01-23 00:00:00-05:00,73.46604360157615,74.06614293339501,73.06815376290162,73.85741424560547,12438900,0.0,0.0,0.0
2002-01-24 00:00:00-05:00,74.12487422469357,74.52276421732073,73.91614545614216,74.08573913574219,12142800,0.0,0.0,0.0
2002-01-25 00:00:00-05:00,73.78566719498936,74.47708007676869,73.733483776161,74.06614685058594,12810700,0.0,0.0,0.0
2002-01-28 00:00:00-05:00,74.29443277024401,74.48359390486489,73.65519841957745,74.26834106445312,10589200,0.0,0.0,0.0
2002-01-29 00:00:00-05:00,74.26182075788655,74.44445773144169,71.78316829659138,71.93318939208984,27720800,0.0,0.0,0.0
2002-01-30 00:00:00-05:00,72.00497840400408,73.96181268615254,70.70694639026193,72.97035217285156,34711800,0.0,0.0,0.0
2002-01-31 00:00:00-05:00,73.15296083366007,73.90308134580162,72.80725437430843,73.8248062133789,19909200,0.0,0.0,0.0
2002-02-01 00:00:00-05:00,73.7660943081219,73.90307702597592,73.16599992407971,73.47909545898438,15838500,0.0,0.0,0.0
2002-02-04 00:00:00-05:00,73.20515757753785,73.20515757753785,71.38530147352361,71.6527328491211,24243400,0.0,0.0,0.0
2002-02-05 00:00:00-05:00,71.35917063034782,72.07015082757928,70.79168732526274,71.20914459228516,33614000,0.0,0.0,0.0
2002-02-06 00:00:00-05:00,71.52225472552341,71.5809573330328,70.48513053783316,70.902587890625,29486000,0.0,0.0,0.0
2002-02-07 00:00:00-05:00,70.91565821140979,71.65925466256702,70.44601729983981,70.45906066894531,23445400,0.0,0.0,0.0
2002-02-08 00:00:00-05:00,70.85695514233676,72.23978625081742,70.64170719116801,71.80928039550781,19277800,0.0,0.0,0.0
2002-02-11 00:00:00-05:00,71.78319151627935,72.82031108436611,71.63316539576769,72.68985748291016,18792400,0.0,0.0,0.0
2002-02-12 00:00:00-05:00,72.37673827711907,72.86594658782313,71.77011977278666,72.46153259277344,13942500,0.0,0.0,0.0
2002-02-13 00:00:00-05:00,72.71593656965517,73.40734949496613,72.63113726459889,73.23123168945312,16781100,0.0,0.0,0.0
2002-02-14 00:00:00-05:00,73.38775857536778,73.68780569220363,72.78765936521266,73.09423065185547,20453800,0.0,0.0,0.0
2002-02-15 00:00:00-05:00,73.15297206276703,73.21167468873129,72.21369023545293,72.33110046386719,18366800,0.0,0.0,0.0
2002-02-19 00:00:00-05:00,71.8484155038855,71.9397340166264,70.84390688724987,70.9417495727539,15988100,0.0,0.0,0.0
2002-02-20 00:00:00-05:00,71.13091048739034,72.13541412353516,70.32860644123907,72.13541412353516,29242800,0.0,0.0,0.0
2002-02-21 00:00:00-05:00,71.70491970718824,72.16151231002314,70.61561665722056,70.64170837402344,26288600,0.0,0.0,0.0
2002-02-22 00:00:00-05:00,70.67430799963665,71.71143242683631,70.36121740098098,71.5157470703125,26572900,0.0,0.0,0.0
2002-02-25 00:00:00-05:00,71.58097832765965,72.93119343771838,71.55488661339696,72.69637298583984,17458700,0.0,0.0,0.0
2002-02-26 00:00:00-05:00,72.79423534772984,73.08123930571581,72.12238969743264,72.54637145996094,22346500,0.0,0.0,0.0
2002-02-27 00:00:00-05:00,73.02904785914538,73.61609908319126,72.17456522977588,72.82684326171875,28597900,0.0,0.0,0.0
2002-02-28 00:00:00-05:00,72.94422812254248,73.54432250874532,72.42240388798412,72.50067901611328,23755400,0.0,0.0,0.0
2002-03-01 00:00:00-05:00,72.87247971294136,74.26182969452333,72.73550196629115,74.19007873535156,26273600,0.0,0.0,0.0
2002-03-04 00:00:00-05:00,74.29443915679671,75.65769731029255,74.13136971394881,75.50115203857422,27184600,0.0,0.0,0.0
2002-03-05 00:00:00-05:00,75.22719287089684,75.92512985291698,74.99237248662052,75.25980377197266,22718900,0.0,0.0,0.0
2002-03-06 00:00:00-05:00,75.07717536546029,76.41434687420845,75.05760782728585,76.15343475341797,20143200,0.0,0.0,0.0
2002-03-07 00:00:00-05:00,76.55136949787928,76.64268804722077,75.3837909295984,75.99040985107422,19330800,0.0,0.0,0.0
2002-03-08 00:00:00-05:00,76.5643549469351,76.90354213915036,75.97730899572642,76.30996704101562,19930100,0.0,0.0,0.0
2002-03-11 00:00:00-05:00,76.24476433520603,76.90356641628267,75.94471709443982,76.47306060791016,15621800,0.0,0.0,0.0
2002-03-12 00:00:00-05:00,75.72946154292316,76.47958210685893,75.62509966897188,76.42739868164062,17153600,0.0,0.0,0.0
2002-03-13 00:00:00-05:00,76.07514141707863,76.15341652752753,75.4293879294469,75.69029998779297,17175300,0.0,0.0,0.0
2002-03-14 00:00:00-05:00,75.69034251955013,75.94473055084974,75.42290614093514,75.58597564697266,11168100,0.0,0.0,0.0
2002-03-15 00:00:00-05:00,75.86134032985444,76.50240085090384,75.81555029263662,76.30615997314453,21220100,0.331,0.0,0.0
2002-03-18 00:00:00-05:00,76.60054279648656,76.90144954299075,75.94639639345809,76.31925964355469,17548900,0.0,0.0,0.0
2002-03-19 00:00:00-05:00,76.73138031644737,77.0192013597498,76.41738782560496,76.82949829101562,17912000,0.0,0.0,0.0
2002-03-20 00:00:00-05:00,76.20806075603964,76.2603936693582,75.35113051109909,75.38383483886719,17114500,0.0,0.0,0.0
2002-03-21 00:00:00-05:00,75.4231001750031,75.81558711186962,74.65120703651068,75.41655731201172,25846800,0.0,0.0,0.0
2002-03-22 00:00:00-05:00,75.55388210105194,75.84170801085439,75.0305631724546,75.25297546386719,15235400,0.0,0.0,0.0
2002-03-25 00:00:00-05:00,75.28567651780892,75.4622987696269,74.11475932433537,74.31754302978516,17499600,0.0,0.0,0.0
2002-03-26 00:00:00-05:00,74.2586731950603,75.23989247876783,74.22596888004699,74.74928283691406,19947600,0.0,0.0,0.0
2002-03-27 00:00:00-05:00,74.59230937442707,75.23337500953116,74.41569205139574,74.94554901123047,19020300,0.0,0.0,0.0
2002-03-28 00:00:00-05:00,75.20721066450115,75.73052477793509,74.89976106510402,74.912841796875,17532900,0.0,0.0,0.0
2002-04-01 00:00:00-05:00,74.72314164217318,75.29224578696137,74.24561259869617,74.94554901123047,17711000,0.0,0.0,0.0
2002-04-02 00:00:00-05:00,74.55958319392558,75.19410079121207,74.42220810537755,74.53341674804688,15669500,0.0,0.0,0.0
2002-04-03 00:00:00-05:00,74.5792180020825,74.7100452604215,73.36904839485686,74.0101089477539,25658500,0.0,0.0,0.0
2002-04-04 00:00:00-05:00,73.65688481662198,74.1802039412649,73.414853838836,73.70267486572266,23549000,0.0,0.0,0.0
2002-04-05 00:00:00-05:00,74.04281715025013,74.33063811243896,73.38212802681817,73.71574401855469,19404900,0.0,0.0,0.0
2002-04-08 00:00:00-04:00,72.81956575923219,73.93815533092955,72.76069498791453,73.87274169921875,16470100,0.0,0.0,0.0
2002-04-09 00:00:00-04:00,74.03627740205431,74.03627740205431,73.21859453844739,73.35596466064453,15122700,0.0,0.0,0.0
2002-04-10 00:00:00-04:00,73.3298019817086,74.27177428606929,73.323259121056,74.18673706054688,17199300,0.0,0.0,0.0
2002-04-11 00:00:00-04:00,73.84657179900269,73.95123759744318,72.28316261766267,72.34203338623047,25453700,0.0,0.0,0.0
2002-04-12 00:00:00-04:00,72.62331973097648,73.03543509235291,71.98225915443119,72.88497924804688,14950600,0.0,0.0,0.0
2002-04-15 00:00:00-04:00,73.01581221921847,73.17280593470686,72.08692067495663,72.3289566040039,17394900,0.0,0.0,0.0
2002-04-16 00:00:00-04:00,73.06817280580717,74.12789208841366,73.0485492064382,74.04939270019531,15040900,0.0,0.0,0.0
2002-04-17 00:00:00-04:00,74.17363229010314,74.35679241541433,73.6568562275528,73.89234924316406,12920100,0.0,0.0,0.0
2002-04-18 00:00:00-04:00,73.85314447553507,74.21946493649,72.70838804430898,73.57186126708984,25204800,0.0,0.0,0.0
2002-04-19 00:00:00-04:00,74.04941466388622,74.07558113438687,73.63076111736379,73.840087890625,10499200,0.0,0.0,0.0
2002-04-22 00:00:00-04:00,73.51293401909375,73.54564331909788,72.505548465976,72.61021423339844,13922900,0.0,0.0,0.0
2002-04-23 00:00:00-04:00,72.66912793144706,72.92424964262972,72.06731438531608,72.2962646484375,16967000,0.0,0.0,0.0
2002-04-24 00:00:00-04:00,72.32242427838725,73.14010727715969,71.56361705071173,71.57015991210938,18902700,0.0,0.0,0.0
2002-04-25 00:00:00-04:00,71.43928800381225,71.78598460442821,71.11875784352895,71.60936737060547,25451500,0.0,0.0,0.0
2002-04-26 00:00:00-04:00,71.81875500555891,71.96266805445995,70.18338852394241,70.2488021850586,19769800,0.0,0.0,0.0
2002-04-29 00:00:00-04:00,70.60201308963654,70.8178825747644,69.75162087044583,69.9020767211914,17724400,0.0,0.0,0.0
2002-04-30 00:00:00-04:00,70.0067355157341,71.06645432877967,69.758161715966,70.55622100830078,19473500,0.0,0.0,0.0
2002-05-01 00:00:00-04:00,70.62820675108165,71.46551357152445,69.86285645340276,71.41972351074219,24575600,0.0,0.0,0.0
2002-05-02 00:00:00-04:00,71.36736585976548,71.89722779751042,70.50389287651294,71.14495849609375,15666800,0.0,0.0,0.0
2002-05-03 00:00:00-04:00,71.04028918265539,71.14495498915853,70.12448333871427,70.37306213378906,18185500,0.0,0.0,0.0
2002-05-06 00:00:00-04:00,70.41234835759847,70.64129869784543,68.8881853927867,68.99285125732422,23630400,0.0,0.0,0.0
2002-05-07 00:00:00-04:00,69.40492452741812,69.5488375183553,68.61995092870318,68.75077819824219,21910000,0.0,0.0,0.0
2002-05-08 00:00:00-04:00,70.02636832872575,71.53744479080052,69.85628888137508,71.3084945678711,27917400,0.0,0.0,0.0
2002-05-09 00:00:00-04:00,71.07302397243267,71.36738792494785,70.37308736044261,70.48429107666016,18085600,0.0,0.0,0.0
2002-05-10 00:00:00-04:00,70.62820955713867,70.68054248318111,69.07788031064338,69.15637969970703,18958900,0.0,0.0,0.0
2002-05-13 00:00:00-04:00,69.48341706405894,70.61508730764963,69.20213397049052,70.56275939941406,14677700,0.0,0.0,0.0
2002-05-14 00:00:00-04:00,71.70749655742742,72.19810612749284,71.30192418284076,72.09998321533203,34201200,0.0,0.0,0.0
2002-05-15 00:00:00-04:00,71.62901494364819,72.55136355902563,71.4916448289464,71.81871795654297,29535300,0.0,0.0,0.0
2002-05-16 00:00:00-04:00,71.75985796601569,72.2700963494013,71.51782699248685,72.19159698486328,28092000,0.0,0.0,0.0
2002-05-17 00:00:00-04:00,72.38785182336858,72.77379585075144,72.02152640111221,72.54484558105469,27823700,0.0,0.0,0.0
2002-05-20 00:00:00-04:00,72.37474099346909,72.40745030239731,71.62247180477848,71.75984191894531,13833800,0.0,0.0,0.0
2002-05-21 00:00:00-04:00,72.02804626911758,72.27008218595333,70.8571238456257,71.10569763183594,16877200,0.0,0.0,0.0
2002-05-22 00:00:00-04:00,70.7917167847539,71.38044948117968,70.6478037933231,71.26270294189453,15844200,0.0,0.0,0.0
2002-05-23 00:00:00-04:00,71.47204947548282,72.19160964231598,70.96181599337824,72.02153015136719,13879800,0.0,0.0,0.0
2002-05-24 00:00:00-04:00,71.94301624260319,72.08692424432799,71.04683396544972,71.09916687011719,11877000,0.0,0.0,0.0
2002-05-28 00:00:00-04:00,71.33465301289343,71.38698092173138,70.2880149842945,70.71321105957031,24236900,0.0,0.0,0.0
2002-05-29 00:00:00-04:00,70.3992375375563,70.66089210560611,70.07870220743563,70.18991088867188,14773300,0.0,0.0,0.0
2002-05-30 00:00:00-04:00,69.69928851243212,70.32726834578631,69.27409242995292,69.99365234375,18217900,0.0,0.0,0.0
2002-05-31 00:00:00-04:00,70.25530450174914,71.01411151610067,69.89552208713879,70.13755798339844,19826300,0.0,0.0,0.0
2002-06-03 00:00:00-04:00,70.05252039522276,70.3861363843126,68.11624806983568,68.27324676513672,26056300,0.0,0.0,0.0
2002-06-04 00:00:00-04:00,68.12934900756015,68.81619973764634,67.73686216311933,68.4433364868164,25856200,0.0,0.0,0.0
2002-06-05 00:00:00-04:00,68.65267253955714,69.12365881369101,68.26018564135948,69.08441162109375,19695900,0.0,0.0,0.0
2002-06-06 00:00:00-04:00,69.03862742437435,69.07787462030191,67.47521757052675,67.6780014038086,22998500,0.0,0.0,0.0
2002-06-07 00:00:00-04:00,66.57900547834582,67.97887807410028,66.53975829982146,67.59947204589844,24011600,0.0,0.0,0.0
2002-06-10 00:00:00-04:00,67.53407941754766,68.3321389006289,67.39016639722264,67.86115264892578,18759900,0.0,0.0,0.0
2002-06-11 00:00:00-04:00,68.11625848451501,68.38446088693968,66.54631121738569,66.69676208496094,19990700,0.0,0.0,0.0
2002-06-12 00:00:00-04:00,66.53324664778313,67.25280687243813,65.92489014160142,67.10235595703125,31266000,0.0,0.0,0.0
2002-06-13 00:00:00-04:00,66.80802079204886,67.37713038909085,66.29124414454414,66.42861938476562,21043900,0.0,0.0,0.0
2002-06-14 00:00:00-04:00,65.61740708742622,66.43508987932711,64.43340400179042,66.33042907714844,39267500,0.0,0.0,0.0
2002-06-17 00:00:00-04:00,66.67059338864968,68.2536263244979,66.62480334474466,68.1097183227539,17647200,0.0,0.0,0.0
2002-06-18 00:00:00-04:00,67.86110862606365,68.70495761448643,67.78915216258076,68.66571044921875,21628500,0.0,0.0,0.0
2002-06-19 00:00:00-04:00,67.70415313829558,68.31250949655919,66.87992726790014,67.0630874633789,21540700,0.0,0.0,0.0
2002-06-20 00:00:00-04:00,66.89304039235121,67.40981686456334,66.04264771843394,66.20618438720703,25691000,0.0,0.0,0.0
2002-06-21 00:00:00-04:00,65.95211212484729,66.25407202161114,64.77709132610053,65.17095184326172,31190700,0.353,0.0,0.0
2002-06-24 00:00:00-04:00,64.73113079633166,66.09651838125453,63.83837776066728,65.51229095458984,37169700,0.0,0.0,0.0
2002-06-25 00:00:00-04:00,65.84053905136189,66.22783392417463,64.02877411713202,64.04190063476562,33355000,0.0,0.0,0.0
2002-06-26 00:00:00-04:00,62.4927127838441,64.42920222387534,62.48615202895821,64.14693450927734,37913600,0.0,0.0,0.0
2002-06-27 00:00:00-04:00,64.65892370981476,65.30879372348332,63.39200246623831,65.2694091796875,31616400,0.0,0.0,0.0
2002-06-28 00:00:00-04:00,65.14467766007905,65.97178804684492,64.90836040671739,64.96087646484375,28184200,0.0,0.0,0.0
2002-07-01 00:00:00-04:00,65.10528441041424,65.51227629413331,63.60204625305626,63.693946838378906,20270200,0.0,0.0,0.0
2002-07-02 00:00:00-04:00,63.582395750140385,63.80558160160785,62.210441811157175,62.341732025146484,34213900,0.0,0.0,0.0
2002-07-03 00:00:00-04:00,62.111985045287625,62.91283287343296,61.52119155877881,62.69621276855469,30565800,0.0,0.0,0.0
2002-07-05 00:00:00-04:00,63.52986882983906,65.3350676465953,63.45109972308873,65.1906509399414,19013500,0.0,0.0,0.0
2002-07-08 00:00:00-04:00,64.97402223172524,65.44665183388526,64.04187952429577,64.37666320800781,19118600,0.0,0.0,0.0
2002-07-09 00:00:00-04:00,64.15347190426057,64.5538931282597,62.36796575570734,62.7552604675293,28620400,0.0,0.0,0.0
2002-07-10 00:00:00-04:00,63.01785213667349,63.063802453528126,60.41836633702078,60.470882415771484,50522500,0.0,0.0,0.0
2002-07-11 00:00:00-04:00,60.23457803088531,61.27830902754883,59.28930844280514,60.96322250366211,59476500,0.0,0.0,0.0
2002-07-12 00:00:00-04:00,61.26512489451654,61.632727162755806,60.076973263462705,60.29359817504883,39018600,0.0,0.0,0.0
2002-07-15 00:00:00-04:00,60.15579980338864,60.65469260851443,57.69416459207076,60.61530303955078,77317200,0.0,0.0,0.0
2002-07-16 00:00:00-04:00,59.81444591864971,60.64155161460253,58.99390097632511,59.44683837890625,53282400,0.0,0.0,0.0
2002-07-17 00:00:00-04:00,60.694065411524505,61.24547419630901,58.91512464441631,59.56499481201172,48880600,0.0,0.0,0.0
2002-07-18 00:00:00-04:00,59.53875050125155,59.80132593510757,57.60226606695688,57.63508987426758,32656700,0.0,0.0,0.0
2002-07-19 00:00:00-04:00,56.95240470663473,57.47098989280241,55.33757229553303,55.60670852661133,77572600,0.0,0.0,0.0
2002-07-22 00:00:00-04:00,55.206239875802154,56.39439186625999,53.46668431619141,53.95901107788086,78134000,0.0,0.0,0.0
2002-07-23 00:00:00-04:00,54.18876174328571,54.641698909729705,52.35074002744101,52.482025146484375,74484100,0.0,0.0,0.0
2002-07-24 00:00:00-04:00,51.28732143770095,55.87581076551182,50.991927364466534,55.61323547363281,107022800,0.0,0.0,0.0
2002-07-25 00:00:00-04:00,55.31783373089171,56.355003329402415,53.565151629845786,55.14059829711914,87176600,0.0,0.0,0.0
2002-07-26 00:00:00-04:00,55.56729448413316,56.40753155237203,55.00932502552528,56.1909065246582,41206800,0.0,0.0,0.0
2002-07-29 00:00:00-04:00,57.43814204901391,59.30241762700752,57.30685687047101,58.92824935913086,53492900,0.0,0.0,0.0
2002-07-30 00:00:00-04:00,58.632883462398304,59.99827201343377,58.239022728733325,59.696311950683594,47532200,0.0,0.0,0.0
2002-07-31 00:00:00-04:00,59.40089753551152,60.09672316315265,58.586918225213424,59.84071350097656,44669900,0.0,0.0,0.0
2002-08-01 00:00:00-04:00,59.656903615581975,59.96542934588659,57.98299477172602,58.27838897705078,66571900,0.0,0.0,0.0
2002-08-02 00:00:00-04:00,58.09456961433451,58.363710702363264,56.204036270517754,56.97206497192383,51772900,0.0,0.0,0.0
2002-08-05 00:00:00-04:00,56.77510654539706,57.063939775921845,54.84518952819707,54.989601135253906,47191300,0.0,0.0,0.0
2002-08-06 00:00:00-04:00,55.94801517534442,57.70069723788879,55.869241090838784,56.840763092041016,64730000,0.0,0.0,0.0
2002-08-07 00:00:00-04:00,57.6810270875138,58.09457992128647,56.302507625187495,57.83200454711914,43289400,0.0,0.0,0.0
2002-08-08 00:00:00-04:00,58.04205328038136,59.801301456424454,57.635066282297345,59.70283508300781,48339800,0.0,0.0,0.0
2002-08-09 00:00:00-04:00,59.14486894304883,60.35271350845166,58.652542056716776,59.926029205322266,41879200,0.0,0.0,0.0
2002-08-12 00:00:00-04:00,59.072671079725644,59.91290831349379,58.78384266074845,59.486228942871094,25841700,0.0,0.0,0.0
2002-08-13 00:00:00-04:00,59.17767038071469,60.16888953966689,58.19301698006455,58.403076171875,49690500,0.0,0.0,0.0
2002-08-14 00:00:00-04:00,58.435949719289134,60.805684858675235,57.77951350357467,60.53654861450195,57423600,0.0,0.0,0.0
2002-08-15 00:00:00-04:00,60.94351982721751,61.6984222782975,60.523401160360905,61.37677001953125,45551500,0.0,0.0,0.0
2002-08-16 00:00:00-04:00,60.930372060431004,61.75748258844085,60.392094893232674,61.19294738769531,36517300,0.0,0.0,0.0
2002-08-19 00:00:00-04:00,61.35050926488548,62.85374833786765,61.11419189919863,62.62399673461914,33669900,0.0,0.0,0.0
2002-08-20 00:00:00-04:00,62.243212588732405,62.62394637262169,61.45549200873175,61.96094512939453,30508300,0.0,0.0,0.0
2002-08-21 00:00:00-04:00,62.400798294968006,62.87343296884892,61.422710155425335,62.85374069213867,39628900,0.0,0.0,0.0
2002-08-22 00:00:00-04:00,62.68302773405069,63.77271312433707,62.407326011763416,63.46418762207031,38399800,0.0,0.0,0.0
2002-08-23 00:00:00-04:00,63.024450727755095,63.11635140933506,61.80347880595092,62.098873138427734,33716400,0.0,0.0,0.0
2002-08-26 00:00:00-04:00,62.302314851265,62.78151010890225,61.37673810794384,62.532066345214844,33830100,0.0,0.0,0.0
2002-08-27 00:00:00-04:00,62.82088490164342,63.18192648483926,61.376728585272424,61.80997848510742,35335700,0.0,0.0,0.0
2002-08-28 00:00:00-04:00,61.23234301416759,61.370193959079316,60.26082063815864,60.45774841308594,38970600,0.0,0.0,0.0
2002-08-29 00:00:00-04:00,59.912922817175016,61.08138332446601,59.610962801204366,60.48402404785156,42965700,0.0,0.0,0.0
2002-08-30 00:00:00-04:00,60.18203427108666,61.30453888673564,59.998233048623575,60.247676849365234,30366700,0.0,0.0,0.0
2002-09-03 00:00:00-04:00,59.55845155767204,59.73568710701445,57.86484516079943,57.95018005371094,76586400,0.0,0.0,0.0
2002-09-04 00:00:00-04:00,58.16678568151493,59.2433401602241,57.80574393210275,58.77727127075195,51099500,0.0,0.0,0.0
2002-09-05 00:00:00-04:00,58.08802193051795,58.70507339112718,57.43815167387784,58.27838897705078,67250900,0.0,0.0,0.0
2002-09-06 00:00:00-04:00,58.91512609057957,59.45340336539634,58.64598494906677,59.0792350769043,38622200,0.0,0.0,0.0
2002-09-09 00:00:00-04:00,58.488460764035025,59.96544212175415,58.291532921265414,59.51250457763672,33998400,0.0,0.0,0.0
2002-09-10 00:00:00-04:00,59.82753472409538,60.24765306910319,59.446800908867765,60.19513702392578,41416600,0.0,0.0,0.0
2002-09-11 00:00:00-04:00,60.70064904201102,61.265184507953876,59.80132975133226,59.821022033691406,27711200,0.0,0.0,0.0
2002-09-12 00:00:00-04:00,59.57155017233306,59.630626991704716,58.41622173638962,58.71818161010742,43601700,0.0,0.0,0.0
2002-09-13 00:00:00-04:00,58.2192752590672,59.01356173807224,57.93044199099039,58.862579345703125,41131000,0.0,0.0,0.0
2002-09-16 00:00:00-04:00,58.62628125219126,59.00701522827148,58.06831180901595,59.007015228271484,28167600,0.0,0.0,0.0
2002-09-17 00:00:00-04:00,59.663466221807,59.86039902041179,57.60225763143571,57.6547737121582,47609700,0.0,0.0,0.0
2002-09-18 00:00:00-04:00,57.11646931891593,58.094557069540244,56.637269073940395,57.07707977294922,54719400,0.0,0.0,0.0
2002-09-19 00:00:00-04:00,56.44691573851086,56.97863216751423,55.60011291503906,55.60011291503906,48510500,0.0,0.0,0.0
2002-09-20 00:00:00-04:00,55.99442543797933,56.17905062766519,55.42076931726387,55.61857986450195,46325600,0.378,0.0,0.0
2002-09-23 00:00:00-04:00,55.1569942861362,55.42733676576897,54.52399173920172,55.16358947753906,46893800,0.0,0.0,0.0
2002-09-24 00:00:00-04:00,54.35917137853585,55.157018851277854,53.970135403015775,54.2734489440918,69507000,0.0,0.0,0.0
2002-09-25 00:00:00-04:00,54.97239170060145,55.89551764903074,54.09541701893451,55.61857986450195,59294400,0.0,0.0,0.0
2002-09-26 00:00:00-04:00,56.06032148623296,56.686733673230506,55.684476186296614,56.52848434448242,53638000,0.0,0.0,0.0
2002-09-27 00:00:00-04:00,56.04718925729619,56.46259602545964,54.563587188720696,54.5635871887207,64648300,0.0,0.0,0.0
2002-09-30 00:00:00-04:00,54.06906052481913,54.596565566593924,53.343744865374475,53.93059158325195,73096400,0.0,0.0,0.0
2002-10-01 00:00:00-04:00,54.35256730242671,56.554888970180734,53.719564577012534,56.52192306518555,67198100,0.0,0.0,0.0
2002-10-02 00:00:00-04:00,55.84279461640499,56.396670417835175,54.46469024837967,54.82735061645508,56749100,0.0,0.0,0.0
2002-10-03 00:00:00-04:00,54.820734369160384,55.78342648579105,54.03607225443938,54.2734489440918,55547000,0.0,0.0,0.0
2002-10-04 00:00:00-04:00,54.59655110883213,54.67567332268329,52.473351172393386,53.277793884277344,68483700,0.0,0.0,0.0
2002-10-07 00:00:00-04:00,52.78986200595864,53.541553391189744,51.79420369873367,52.176639556884766,53188000,0.0,0.0,0.0
2002-10-08 00:00:00-04:00,52.624995874587036,53.61406361329894,51.56339609925024,52.9942512512207,79531000,0.0,0.0,0.0
2002-10-09 00:00:00-04:00,52.15024657560995,52.5524678894813,51.286462293685766,51.49746322631836,79956400,0.0,0.0,0.0
2002-10-10 00:00:00-04:00,51.39194434913484,53.455796538279046,50.81828343900655,53.16566848754883,76749000,0.0,0.0,0.0
2002-10-11 00:00:00-04:00,54.13496326734452,55.869131603156,53.95033812832073,55.4932861328125,82308300,0.0,0.0,0.0
2002-10-14 00:00:00-04:00,54.86029207688015,55.94826766530867,54.75479412726678,55.80320358276367,40631900,0.0,0.0,0.0
2002-10-15 00:00:00-04:00,57.35935190817194,58.50007927671464,57.267039292296836,58.48688888549805,82320300,0.0,0.0,0.0
2002-10-16 00:00:00-04:00,57.63628365887101,57.89344090068345,56.65380595998828,57.069217681884766,62977800,0.0,0.0,0.0
2002-10-17 00:00:00-04:00,58.59898895507099,58.88252200733752,57.92641984008509,58.2033576965332,68534100,0.0,0.0,0.0
2002-10-18 00:00:00-04:00,57.79453562166947,58.75722777941285,57.31978222208982,58.44731903076172,47448700,0.0,0.0,0.0
2002-10-21 00:00:00-04:00,58.10443851599838,59.67375762368343,57.74177830823174,59.45616149902344,45859100,0.0,0.0,0.0
2002-10-22 00:00:00-04:00,58.717653723401455,59.3506564396853,58.36817891475223,59.027557373046875,40966800,0.0,0.0,0.0
2002-10-23 00:00:00-04:00,58.53302170770802,59.522089364369016,57.81430162525032,59.47593307495117,54905800,0.0,0.0,0.0
2002-10-24 00:00:00-04:00,59.838598059477846,59.937505839261604,58.091244052160256,58.2626838684082,54987400,0.0,0.0,0.0
2002-10-25 00:00:00-04:00,58.16377139236523,59.601216587938865,57.985741427655874,59.47593307495117,43672100,0.0,0.0,0.0
2002-10-28 00:00:00-05:00,60.10236930478474,60.194681920014986,58.58579628772743,59.0869255065918,39416100,0.0,0.0,0.0
2002-10-29 00:00:00-05:00,58.73743800815664,59.00778057730983,57.3659295203129,58.401153564453125,59508200,0.0,0.0,0.0
2002-10-30 00:00:00-05:00,58.47368966226249,59.317693396262385,58.1769713288172,58.968223571777344,41688600,0.0,0.0,0.0
2002-10-31 00:00:00-05:00,59.119890852486044,59.54189277660222,58.15060345374242,58.368194580078125,41620600,0.0,0.0,0.0
2002-11-01 00:00:00-05:00,58.256141489190796,59.884808643428535,58.058330780949255,59.52214813232422,51878900,0.0,0.0,0.0
2002-11-04 00:00:00-05:00,60.53097139413761,61.2826627683224,59.937529511712604,60.08918380737305,49080600,0.0,0.0,0.0
2002-11-05 00:00:00-05:00,59.89796041148324,60.70899844923874,59.89796041148324,60.563934326171875,37270800,0.0,0.0,0.0
2002-11-06 00:00:00-05:00,60.97933282924798,61.368363773779976,59.86498142769143,61.34858322143555,65013100,0.0,0.0,0.0
2002-11-07 00:00:00-05:00,60.67598200822418,60.80786067152516,59.48910422245511,59.84516906738281,51572000,0.0,0.0,0.0
2002-11-08 00:00:00-05:00,59.693547905139575,60.379302299368256,59.027574065348084,59.11329650878906,37905400,0.0,0.0,0.0
2002-11-11 00:00:00-05:00,59.020981543287675,59.05394745581286,57.89344470946999,58.19675827026367,33505100,0.0,0.0,0.0
2002-11-12 00:00:00-05:00,58.46051461501583,59.29792330265764,58.26929419926708,58.6583251953125,37724500,0.0,0.0,0.0
2002-11-13 00:00:00-05:00,58.2363028984582,59.17261906430621,57.66264185172462,58.7176513671875,63891500,0.0,0.0,0.0
2002-11-14 00:00:00-05:00,59.390224318064206,60.00344655551728,59.179223388545886,59.825416564941406,31896800,0.0,0.0,0.0
2002-11-15 00:00:00-05:00,59.34405446886769,60.36609297476132,59.31108353745519,60.26718521118164,39152100,0.0,0.0,0.0
2002-11-18 00:00:00-05:00,60.76171357241331,60.76171357241331,59.57483057676124,59.660552978515625,28934800,0.0,0.0,0.0
2002-11-19 00:00:00-05:00,59.3572524726858,60.0693824854324,59.18581767864817,59.581443786621094,32806600,0.0,0.0,0.0
2002-11-20 00:00:00-05:00,59.33089611056144,60.93977667625238,59.311110524316696,60.90681076049805,36688400,0.0,0.0,0.0
2002-11-21 00:00:00-05:00,61.05847398738904,62.106888862940664,60.946380802210946,62.04094696044922,55128200,0.0,0.0,0.0
2002-11-22 00:00:00-05:00,61.63871011645512,62.15961475283984,61.50023619161857,61.599143981933594,32513800,0.0,0.0,0.0
2002-11-25 00:00:00-05:00,61.60574289435522,62.15302834055859,61.170550602966664,61.63871383666992,33846400,0.0,0.0,0.0
2002-11-26 00:00:00-05:00,61.36835041472458,61.6189124076423,60.41225370137135,60.46500015258789,42284700,0.0,0.0,0.0
2002-11-27 00:00:00-05:00,61.00572495489023,62.41020503215114,60.946383277031295,62.16623306274414,37764000,0.0,0.0,0.0
2002-11-29 00:00:00-05:00,62.509100807724096,62.60800358508758,61.82993654231431,61.96841049194336,19385700,0.0,0.0,0.0
2002-12-02 00:00:00-05:00,62.95088807563378,63.333328945891864,61.46728593507508,62.067317962646484,49911900,0.0,0.0,0.0
2002-12-03 00:00:00-05:00,61.487050382673225,61.585958172262444,60.8936086757971,61.236488342285156,34407700,0.0,0.0,0.0
2002-12-04 00:00:00-05:00,60.511178878715405,61.41452947580863,60.28699254360822,60.959556579589844,64040800,0.0,0.0,0.0
2002-12-05 00:00:00-05:00,61.144169914390176,61.190326207707805,60.06937975038744,60.2869758605957,36724900,0.0,0.0,0.0
2002-12-06 00:00:00-05:00,59.4231916225497,60.774914515312965,59.330879035947675,60.68260192871094,49824100,0.0,0.0,0.0
2002-12-09 00:00:00-05:00,60.0496171965721,60.30677448364538,59.00120749245183,59.0143928527832,36789600,0.0,0.0,0.0
2002-12-10 00:00:00-05:00,59.35722941897431,60.06935915513736,59.185794691520094,59.805606842041016,33319900,0.0,0.0,0.0
2002-12-11 00:00:00-05:00,59.62105209620745,60.41230996933068,59.44961716642753,59.858428955078125,39201000,0.0,0.0,0.0
2002-12-12 00:00:00-05:00,60.13533587024052,60.326556298326835,59.47595716538849,59.851802825927734,34465600,0.0,0.0,0.0
2002-12-13 00:00:00-05:00,59.284748131444786,59.660593832326406,58.86274108683481,58.908897399902344,36862200,0.0,0.0,0.0
2002-12-16 00:00:00-05:00,59.225369816077794,60.5243461156846,59.11987188422701,60.43203353881836,37098400,0.0,0.0,0.0
2002-12-17 00:00:00-05:00,60.24738999085764,60.49135671352191,59.831978491131395,59.904510498046875,32353900,0.0,0.0,0.0
2002-12-18 00:00:00-05:00,59.555078659353306,59.607830157996496,58.902295213288205,59.21220397949219,35612600,0.0,0.0,0.0
2002-12-19 00:00:00-05:00,58.91550073178825,59.805661195674894,58.420966581777726,58.79022216796875,39264200,0.0,0.0,0.0
2002-12-20 00:00:00-05:00,59.105589428042656,59.648936591176785,59.03932856529553,59.629058837890625,31176900,0.436,0.0,0.0
2002-12-23 00:00:00-05:00,59.36402994503572,59.947137862777254,59.178497445893036,59.648956298828125,22599300,0.0,0.0,0.0
2002-12-24 00:00:00-05:00,59.36399453814032,59.5429043808776,59.13870665366041,59.2049674987793,10937000,0.0,0.0,0.0
2002-12-26 00:00:00-05:00,59.43691277238654,60.03989839253719,58.86706011908981,59.231502532958984,17485600,0.0,0.0,0.0
2002-12-27 00:00:00-05:00,58.94656658044333,59.165231993057176,57.899627685546875,57.899627685546875,22205700,0.0,0.0,0.0
2002-12-30 00:00:00-05:00,58.17130492960549,58.62188591482119,57.79361241665853,58.38334274291992,29968000,0.0,0.0,0.0
2002-12-31 00:00:00-05:00,58.3038279523952,58.59538184789708,57.7207252167718,58.462860107421875,34036600,0.0,0.0,0.0
2003-01-02 00:00:00-05:00,58.87368889152439,60.49710824733459,58.668278648021726,60.344703674316406,44516300,0.0,0.0,0.0
2003-01-03 00:00:00-05:00,60.23869020953774,60.5501168645463,59.967014017791236,60.53023910522461,32222600,0.0,0.0,0.0
2003-01-06 00:00:00-05:00,60.457299515443076,61.94819086895726,60.41091643110438,61.59700393676758,40984500,0.0,0.0,0.0
2003-01-07 00:00:00-05:00,61.55728891321644,61.86872056506982,61.09345270957381,61.444644927978516,38640400,0.0,0.0,0.0
2003-01-08 00:00:00-05:00,61.093459489017064,61.225986299927115,60.33145181165321,60.556739807128906,38702200,0.0,0.0,0.0
2003-01-09 00:00:00-05:00,60.841685358047464,61.74284773549002,60.570014156747185,61.497676849365234,34804900,0.0,0.0,0.0
2003-01-10 00:00:00-05:00,60.92776972482114,62.04759661989265,60.828380993027345,61.66327667236328,37768900,0.0,0.0,0.0
2003-01-13 00:00:00-05:00,61.98136965611973,62.19340749213233,61.2524899107877,61.6434326171875,31649900,0.0,0.0,0.0
2003-01-14 00:00:00-05:00,61.41812190309804,62.173506730357545,61.232589497157655,61.84219741821289,30733000,0.0,0.0,0.0
2003-01-15 00:00:00-05:00,61.9813754730591,62.00125323214756,60.90130843440908,61.225990295410156,33511800,0.0,0.0,0.0
2003-01-16 00:00:00-05:00,61.29224138967412,61.57716768699809,60.596489600395905,60.97418212890625,44812100,0.0,0.0,0.0
2003-01-17 00:00:00-05:00,60.29169660438518,61.15973086308043,59.73509911518948,60.073036193847656,35618300,0.0,0.0,0.0
2003-01-21 00:00:00-05:00,60.21216174127816,60.245289642309004,58.93993002366462,59.13871765136719,36826200,0.0,0.0,0.0
2003-01-22 00:00:00-05:00,58.820665953814334,59.503167533030705,58.31045172558269,58.423095703125,42286500,0.0,0.0,0.0
2003-01-23 00:00:00-05:00,58.80741203297694,59.224860011133494,58.27731502911936,58.780906677246094,55919800,0.0,0.0,0.0
2003-01-24 00:00:00-05:00,58.70139791844486,58.761036240109235,57.097861612434116,57.23701095581055,68633900,0.0,0.0,0.0
2003-01-27 00:00:00-05:00,56.80627391508448,57.51527535417431,55.991251112396206,56.455081939697266,57884400,0.0,0.0,0.0
2003-01-28 00:00:00-05:00,56.74005466851474,57.25027405326054,56.40874521803914,56.872581481933594,46929100,0.0,0.0,0.0
2003-01-29 00:00:00-05:00,56.60090800000485,57.767118736694016,56.170204682810095,57.303287506103516,53712200,0.0,0.0,0.0
2003-01-30 00:00:00-05:00,57.50868898875768,57.56832225700614,55.92503038600702,55.944908142089844,49845900,0.0,0.0,0.0
2003-01-31 00:00:00-05:00,55.75938667813327,57.12438012249245,55.75938667813327,57.024986267089844,55317000,0.0,0.0,0.0
2003-02-03 00:00:00-05:00,57.077999753766804,57.52195326657215,56.932222766187316,57.137638092041016,39696000,0.0,0.0,0.0
2003-02-04 00:00:00-05:00,56.52800729834044,56.81956118335863,55.858765961010754,56.57439041137695,43633400,0.0,0.0,0.0
2003-02-05 00:00:00-05:00,56.81957122262466,57.34304076531556,55.978047435881734,56.22321319580078,55270600,0.0,0.0,0.0
2003-02-06 00:00:00-05:00,55.90515473396835,56.249714314926166,55.428068348503174,55.958160400390625,53638000,0.0,0.0,0.0
2003-02-07 00:00:00-05:00,56.26297492866042,56.31598060017533,54.977492606027006,55.27566909790039,43165000,0.0,0.0,0.0
2003-02-10 00:00:00-05:00,55.3021645402722,55.74611792377503,54.76544492903386,55.66660690307617,45455900,0.0,0.0,0.0
2003-02-11 00:00:00-05:00,55.90514703996979,56.24307897034886,54.884713534914205,55.282283782958984,46861000,0.0,0.0,0.0
2003-02-12 00:00:00-05:00,55.10339577875051,55.40819989723696,54.394388630167946,54.40101623535156,35873600,0.0,0.0,0.0
2003-02-13 00:00:00-05:00,54.43414008553745,54.77207711793966,53.67212738930452,54.5666618347168,57934100,0.0,0.0,0.0
2003-02-14 00:00:00-05:00,54.57993820085224,55.79252733650908,54.21549566626137,55.7593994140625,59580900,0.0,0.0,0.0
2003-02-18 00:00:00-05:00,56.0111602361427,56.852688851221984,55.91839401870746,56.74003982543945,39492700,0.0,0.0,0.0
2003-02-19 00:00:00-05:00,56.53464169498356,56.634035536399374,55.845517464649554,56.44187545776367,31432000,0.0,0.0,0.0
2003-02-20 00:00:00-05:00,56.46173032543258,56.60087962485141,55.693095377874506,55.87862777709961,29280100,0.0,0.0,0.0
2003-02-21 00:00:00-05:00,55.911778340466505,56.81294040664322,55.30217019434131,56.44187545776367,60955800,0.0,0.0,0.0
2003-02-24 00:00:00-05:00,56.27622722321721,56.32261034717022,55.3883152077694,55.527469635009766,30628600,0.0,0.0,0.0
2003-02-25 00:00:00-05:00,54.9642329650926,55.98466662635381,54.4805240234634,55.97141647338867,56770600,0.0,0.0,0.0
2003-02-26 00:00:00-05:00,55.67324843488624,56.01118555422823,55.05038998704612,55.15640640258789,37787200,0.0,0.0,0.0
2003-02-27 00:00:00-05:00,55.46117080779511,56.15692230989202,55.103361238270345,55.88524627685547,51126000,0.0,0.0,0.0
2003-02-28 00:00:00-05:00,55.97143270285697,56.47502460302644,55.76602241236171,56.2563591003418,43666800,0.0,0.0,0.0
2003-03-03 00:00:00-05:00,56.494868351565145,56.83942783030352,55.47443500880035,55.719600677490234,42923100,0.0,0.0,0.0
2003-03-04 00:00:00-05:00,55.626859167490856,55.666619742391184,54.76545756049891,54.83171844482422,31440500,0.0,0.0,0.0
2003-03-05 00:00:00-05:00,54.73893868386064,55.35517436119835,54.57328398624706,55.295536041259766,43974700,0.0,0.0,0.0
2003-03-06 00:00:00-05:00,54.91123453924345,55.341932815048715,54.64618594656077,54.83171844482422,41217700,0.0,0.0,0.0
2003-03-07 00:00:00-05:00,54.076318858948746,55.653349730125186,53.957047276733384,55.20939636230469,63538000,0.0,0.0,0.0
2003-03-10 00:00:00-05:00,54.73230256977652,54.90458484401182,53.73837453864724,53.884151458740234,41014100,0.0,0.0,0.0
2003-03-11 00:00:00-05:00,53.990179594532236,54.334739130504815,53.32756082464803,53.354061126708984,48102700,0.0,0.0,0.0
2003-03-12 00:00:00-05:00,53.26131008018669,53.73839653931009,52.59869112148895,53.711891174316406,62459800,0.0,0.0,0.0
2003-03-13 00:00:00-05:00,54.4540413076023,55.600374647963946,54.023337854100554,55.56724166870117,72117800,0.0,0.0,0.0
2003-03-14 00:00:00-05:00,55.79249975098168,56.17019225673187,55.22927479403914,55.746116638183594,63951800,0.0,0.0,0.0
2003-03-17 00:00:00-05:00,55.30216934247176,57.61470774391244,55.14314223188456,57.5020637512207,88217500,0.0,0.0,0.0
2003-03-18 00:00:00-05:00,57.74722630065255,57.87974803131657,57.170746155966114,57.83999252319336,50792300,0.0,0.0,0.0
2003-03-19 00:00:00-05:00,57.83335466498278,58.41646230941923,57.435784488108254,58.283935546875,49630800,0.0,0.0,0.0
2003-03-20 00:00:00-05:00,57.866526509256474,58.70142292517996,57.217157574822394,58.409873962402344,67321600,0.0,0.0,0.0
2003-03-21 00:00:00-05:00,59.077793880815136,59.796303707903384,58.498989363113054,59.656593322753906,71165300,0.354,0.0,0.0
2003-03-24 00:00:00-05:00,58.558878231154544,58.63871493295536,57.447844112190815,57.67404556274414,65398900,0.0,0.0,0.0
2003-03-25 00:00:00-05:00,57.70731233093557,58.71855700992464,57.50772817181029,58.22623825073242,61040100,0.0,0.0,0.0
2003-03-26 00:00:00-05:00,58.252827311031254,58.445762141128185,57.747210248463155,57.93349075317383,45740800,0.0,0.0,0.0
2003-03-27 00:00:00-05:00,57.481115458257555,58.31938313176704,57.208343844556154,57.98008346557617,53120200,0.0,0.0,0.0
2003-03-28 00:00:00-05:00,57.52767908905992,58.06656285170461,57.381314344696065,57.687347412109375,32583000,0.0,0.0,0.0
2003-03-31 00:00:00-05:00,56.782563443283664,57.607522536755454,56.15053927282227,56.37673568725586,61119500,0.0,0.0,0.0
2003-04-01 00:00:00-05:00,56.71604256641692,57.47447369731416,56.4898461233409,57.24162292480469,53574000,0.0,0.0,0.0
2003-04-02 00:00:00-05:00,58.2395118880323,59.05781609236244,58.2128996676642,58.62538146972656,50431200,0.0,0.0,0.0
2003-04-03 00:00:00-05:00,59.124387027676306,59.20421866412011,58.31273155206237,58.34599304199219,48755500,0.0,0.0,0.0
2003-04-04 00:00:00-05:00,58.83163543599256,58.93807926993354,58.29275178896353,58.691925048828125,36250100,0.0,0.0,0.0
2003-04-07 00:00:00-04:00,60.10236107112641,60.44166075876558,58.52562531681837,58.57884979248047,69776200,0.0,0.0,0.0
2003-04-08 00:00:00-04:00,58.74516800575075,58.97801872436226,58.352643872292795,58.6719856262207,39712700,0.0,0.0,0.0
2003-04-09 00:00:00-04:00,58.78509121365323,59.27740494859117,57.7272762792792,57.90025329589844,55647300,0.0,0.0,0.0
2003-04-10 00:00:00-04:00,57.94016708465989,58.2994246869927,57.02206770698634,58.2195930480957,41812400,0.0,0.0,0.0
2003-04-11 00:00:00-04:00,58.65202846997945,59.01128096857561,57.787148560321164,57.98008346557617,47730100,0.0,0.0,0.0
2003-04-14 00:00:00-04:00,58.19296229444286,59.21085597263676,57.880274939543796,59.177589416503906,36711700,0.0,0.0,0.0
2003-04-15 00:00:00-04:00,59.104414940637305,59.72978973388672,58.82499410458461,59.72978973388672,49709800,0.0,0.0,0.0
2003-04-16 00:00:00-04:00,59.816279812709354,59.91606934131426,58.56553024604057,58.71189498901367,51788000,0.0,0.0,0.0
2003-04-17 00:00:00-04:00,58.74514232052878,59.68985343770379,58.67195997299636,59.583404541015625,37403100,0.0,0.0,0.0
2003-04-21 00:00:00-04:00,59.78301715711357,59.98260637888748,59.250782616226296,59.643306732177734,32052700,0.0,0.0,0.0
2003-04-22 00:00:00-04:00,59.27741572972287,60.91403066712241,59.13770525557777,60.76766586303711,59763600,0.0,0.0,0.0
2003-04-23 00:00:00-04:00,60.95393875292424,61.439598145332106,60.70112502602627,61.326499938964844,44227100,0.0,0.0,0.0
2003-04-24 00:00:00-04:00,60.89402389013036,61.25993560672661,60.51480860009538,60.78092575073242,49692400,0.0,0.0,0.0
2003-04-25 00:00:00-04:00,60.7410085446729,60.8541066814455,59.889432667249494,60.02914810180664,43917200,0.0,0.0,0.0
2003-04-28 00:00:00-04:00,60.16890925437953,61.33316830295024,60.07576893655521,61.06705093383789,46432900,0.0,0.0,0.0
2003-04-29 00:00:00-04:00,61.299849865312204,61.73894391421456,60.807536448227246,61.27989196777344,52017100,0.0,0.0,0.0
2003-04-30 00:00:00-04:00,61.146854400634766,61.58594350638407,60.81420913916013,61.146854400634766,48709100,0.0,0.0,0.0
2003-05-01 00:00:00-04:00,61.153505146051565,61.69239393433164,60.208793798555924,61.140201568603516,50240400,0.0,0.0,0.0
2003-05-02 00:00:00-04:00,60.91403352008083,62.184741582548305,60.86746335985131,62.01176452636719,50201500,0.0,0.0,0.0
2003-05-05 00:00:00-04:00,62.18469335358715,62.39093174954048,61.53936086536345,61.891963958740234,35437800,0.0,0.0,0.0
2003-05-06 00:00:00-04:00,61.89863903641126,62.7901260184945,61.872026802888165,62.47744369506836,44401000,0.0,0.0,0.0
2003-05-07 00:00:00-04:00,62.1514505218723,62.630460595960415,61.852071763449615,62.131492614746094,41413100,0.0,0.0,0.0
2003-05-08 00:00:00-04:00,61.552711822557825,62.09160090297324,61.39304342780392,61.506141662597656,40570700,0.0,0.0,0.0
2003-05-09 00:00:00-04:00,61.75894147309977,62.404274312016064,61.61257669613744,62.357704162597656,33608100,0.0,0.0,0.0
2003-05-12 00:00:00-04:00,62.204657951348295,63.2824303228069,62.058293238164154,63.12275695800781,35662300,0.0,0.0,0.0
2003-05-13 00:00:00-04:00,62.88991394262426,63.32235380883583,62.71028773013601,63.009666442871094,39253600,0.0,0.0,0.0
2003-05-14 00:00:00-04:00,63.26248596878591,63.36228058222233,62.47744786835709,62.87662124633789,32195100,0.0,0.0,0.0
2003-05-15 00:00:00-04:00,63.12941119644226,63.422140622405394,62.7036257090941,63.27577590942383,43879200,0.0,0.0,0.0
2003-05-16 00:00:00-04:00,63.12942677857975,63.50198790302722,62.710295513576334,63.11612319946289,38905000,0.0,0.0,0.0
2003-05-19 00:00:00-04:00,62.63712294942732,62.81674921234389,61.42629402956491,61.63918685913086,41606000,0.0,0.0,0.0
2003-05-20 00:00:00-04:00,61.75227664150923,61.8919870660024,60.933966925746724,61.51277160644531,55404600,0.0,0.0,0.0
2003-05-21 00:00:00-04:00,61.27992925753229,61.79220088388101,61.1468731424656,61.63918685913086,49333800,0.0,0.0,0.0
2003-05-22 00:00:00-04:00,61.838761576446586,62.570585324712184,61.65913534099526,62.251243591308594,38421800,0.0,0.0,0.0
2003-05-23 00:00:00-04:00,62.22462071954869,62.524004495139025,61.965157826162,62.37763977050781,26155900,0.0,0.0,0.0
2003-05-27 00:00:00-04:00,62.07161034263481,63.76144387288971,61.918591282805195,63.468719482421875,43719200,0.0,0.0,0.0
2003-05-28 00:00:00-04:00,63.76806405289025,64.18054580027062,63.48864338971067,63.648311614990234,37727100,0.0,0.0,0.0
2003-05-29 00:00:00-04:00,63.788054367350504,64.41342909154228,63.2558249873218,63.48202133178711,50844200,0.0,0.0,0.0
2003-05-30 00:00:00-04:00,63.80138669266624,64.59307926780075,63.57518518850936,64.49993896484375,52529500,0.0,0.0,0.0
2003-06-02 00:00:00-04:00,64.88578949480822,65.49785561059767,64.3136391895985,64.76603698730469,50305500,0.0,0.0,0.0
2003-06-03 00:00:00-04:00,64.63298454237304,65.09203161719157,64.43339532670265,65.03215789794922,38254500,0.0,0.0,0.0
2003-06-04 00:00:00-04:00,64.9722865105067,66.09662424355861,64.91240771335076,65.97022247314453,49360700,0.0,0.0,0.0
2003-06-05 00:00:00-04:00,65.58433538795543,66.29619598388672,65.37809189187726,66.29619598388672,46262400,0.0,0.0,0.0
2003-06-06 00:00:00-04:00,66.79515085404438,67.46044119108512,65.95022928357564,66.0367202758789,60356800,0.0,0.0,0.0
2003-06-09 00:00:00-04:00,65.71075603762598,65.93030317288375,65.04546537982542,65.36480712890625,37808500,0.0,0.0,0.0
2003-06-10 00:00:00-04:00,65.50450259394727,66.03673702890877,65.3248763907119,66.03008270263672,29965900,0.0,0.0,0.0
2003-06-11 00:00:00-04:00,65.97023711897039,66.78854194757416,65.67085321825498,66.72866821289062,37610200,0.0,0.0,0.0
2003-06-12 00:00:00-04:00,67.02802338927717,67.12781798763983,66.27624688970478,66.93488311767578,36442000,0.0,0.0,0.0
2003-06-13 00:00:00-04:00,66.93493151927869,67.02807185823119,65.8305459634594,66.23637390136719,48628300,0.0,0.0,0.0
2003-06-16 00:00:00-04:00,66.50241865186443,67.66002236784652,66.39597484186352,67.63341522216797,36326300,0.0,0.0,0.0
2003-06-17 00:00:00-04:00,67.90618160935216,67.97936394937378,67.34734018638227,67.63341522216797,36801800,0.0,0.0,0.0
2003-06-18 00:00:00-04:00,67.38725164216193,67.95274735302505,67.19431685595933,67.57353210449219,35521000,0.0,0.0,0.0
2003-06-19 00:00:00-04:00,67.62012316084346,67.68000194271411,66.42259828106513,66.54235076904297,43551700,0.0,0.0,0.0
2003-06-20 00:00:00-04:00,67.02974589592942,67.10319258389725,66.38208242608407,66.39543914794922,41545000,0.36,0.0,0.0
2003-06-23 00:00:00-04:00,66.40215565780834,66.54237585822375,65.38058481601131,65.71443176269531,34237500,0.0,0.0,0.0
2003-06-24 00:00:00-04:00,65.580845856487,66.16173584800681,65.44730412146797,65.7811508178711,36213600,0.0,0.0,0.0
2003-06-25 00:00:00-04:00,65.78786434296251,66.39546810035776,65.12017059326172,65.12017059326172,47743400,0.0,0.0,0.0
2003-06-26 00:00:00-04:00,65.2870816705886,66.08831707499974,64.73957310325181,65.96813201904297,33477300,0.0,0.0,0.0
2003-06-27 00:00:00-04:00,65.93475391414643,66.22854077688814,65.15355349541821,65.20697021484375,54208800,0.0,0.0,0.0
2003-06-30 00:00:00-04:00,65.58092341776543,65.88138376223831,65.08015278090907,65.18698120117188,33349000,0.0,0.0,0.0
2003-07-01 00:00:00-04:00,64.93324761717892,66.00155709900116,64.38573868936368,65.78789520263672,51322800,0.0,0.0,0.0
2003-07-02 00:00:00-04:00,65.9481203486016,66.62917093888797,65.81458361416502,66.61581420898438,34662100,0.0,0.0,0.0
2003-07-03 00:00:00-04:00,66.14844847155776,66.66924900874493,65.367247665777,65.92810821533203,30792800,0.0,0.0,0.0
2003-07-07 00:00:00-04:00,66.53571022296146,67.3703277493556,66.53571022296146,67.23678588867188,31391100,0.0,0.0,0.0
2003-07-08 00:00:00-04:00,67.1032521811658,67.63073109318553,66.88291192156869,67.5372543334961,30952500,0.0,0.0,0.0
2003-07-09 00:00:00-04:00,67.38365253064892,67.70414777444601,66.78940549623891,67.1566390991211,36528500,0.0,0.0,0.0
2003-07-10 00:00:00-04:00,66.66255215263699,66.79609398032648,65.85464319799003,66.302001953125,49777700,0.0,0.0,0.0
2003-07-11 00:00:00-04:00,66.3620877419686,67.06984155444117,66.3620877419686,66.92962646484375,39976300,0.0,0.0,0.0
2003-07-14 00:00:00-04:00,67.5706172581608,68.03800602121227,67.06984685824133,67.25680541992188,42114900,0.0,0.0,0.0
2003-07-15 00:00:00-04:00,67.69078404536117,67.74420076281895,66.73598187072223,67.10989379882812,42573600,0.0,0.0,0.0
2003-07-16 00:00:00-04:00,67.31018927120944,67.35025435065155,66.25523726905959,66.7159423828125,39894200,0.0,0.0,0.0
2003-07-17 00:00:00-04:00,66.20183950151686,66.68925310966209,65.54082408371065,65.76783752441406,52253500,0.0,0.0,0.0
2003-07-18 00:00:00-04:00,66.11505650247882,66.63586209257413,65.74114949901632,66.44223022460938,35698100,0.0,0.0,0.0
2003-07-21 00:00:00-04:00,66.40215707017097,66.4288654377658,65.33384783687943,65.62095642089844,34786000,0.0,0.0,0.0
2003-07-22 00:00:00-04:00,65.89465896743123,66.37539899905231,65.38053223035466,66.21514892578125,49968300,0.0,0.0,0.0
2003-07-23 00:00:00-04:00,66.2418947466858,66.40213981651706,65.62093937022837,66.26192474365234,37275400,0.0,0.0,0.0
2003-07-24 00:00:00-04:00,66.76270251742717,66.99639433169379,65.68104180736466,65.76116180419922,40896200,0.0,0.0,0.0
2003-07-25 00:00:00-04:00,65.8746792090534,66.9630183758376,65.4607071786073,66.92295837402344,43241100,0.0,0.0,0.0
2003-07-28 00:00:00-04:00,67.01643625324822,67.42372992565434,66.54904748299364,66.67591094970703,34382800,0.0,0.0,0.0
2003-07-29 00:00:00-04:00,66.86287415793609,66.94299926870328,65.88804156705545,66.36878204345703,53472100,0.0,0.0,0.0
2003-07-30 00:00:00-04:00,66.50230078696758,66.60245587477208,66.05494716808678,66.2085189819336,28363300,0.0,0.0,0.0
2003-07-31 00:00:00-04:00,66.75601773385667,67.37697307272745,66.21518237800237,66.36207580566406,54937200,0.0,0.0,0.0
2003-08-01 00:00:00-04:00,66.22851447364765,66.45552779989772,65.5942026441141,65.77448272705078,49321000,0.0,0.0,0.0
2003-08-04 00:00:00-04:00,65.64094098152422,66.1016510889216,64.76626419823631,65.77448272705078,55214100,0.0,0.0,0.0
2003-08-05 00:00:00-04:00,65.70773472589408,65.94142648522964,64.32560397618461,64.37902069091797,61415600,0.0,0.0,0.0
2003-08-06 00:00:00-04:00,64.55933595877559,65.47407349936039,64.37905572197786,64.75296783447266,50096900,0.0,0.0,0.0
2003-08-07 00:00:00-04:00,64.87978828864942,65.48071356969102,64.60603655145708,65.43397521972656,43427400,0.0,0.0,0.0
2003-08-08 00:00:00-04:00,65.64766478849326,65.8012366286384,65.27375783036628,65.62095642089844,27357300,0.0,0.0,0.0
2003-08-11 00:00:00-04:00,65.60761883182373,66.12841937618407,65.32718345908242,65.8680191040039,34631400,0.0,0.0,0.0
2003-08-12 00:00:00-04:00,65.9080297274105,66.49559821769765,65.71439798656532,66.4688949584961,43285600,0.0,0.0,0.0
2003-08-13 00:00:00-04:00,66.6491877441038,66.66921774089366,65.78786222344759,66.12838745117188,36152000,0.0,0.0,0.0
2003-08-14 00:00:00-04:00,66.16842450335352,66.60242629502272,65.73442271168433,66.30863952636719,35525100,0.0,0.0,0.0
2003-08-15 00:00:00-04:00,66.34205371020482,66.62916223643407,66.18180863099057,66.51565551757812,12567000,0.0,0.0,0.0
2003-08-18 00:00:00-04:00,66.72265582066638,67.17000953917426,66.59579234158782,67.08988952636719,22873800,0.0,0.0,0.0
2003-08-19 00:00:00-04:00,67.23007545505536,67.39699886806793,66.7693652050292,67.34358215332031,37437700,0.0,0.0,0.0
2003-08-20 00:00:00-04:00,66.9629958850925,67.36361105098001,66.87619754561464,67.06982421875,21295300,0.0,0.0,0.0
2003-08-21 00:00:00-04:00,67.47044390959309,67.78425563925738,67.03644202766836,67.28348541259766,46494200,0.0,0.0,0.0
2003-08-22 00:00:00-04:00,67.9378502939462,67.98458866040899,66.58911093737696,66.61581420898438,52040300,0.0,0.0,0.0
2003-08-25 00:00:00-04:00,66.57572470378442,67.32354332988587,66.28861626729076,66.72261810302734,23473000,0.0,0.0,0.0
2003-08-26 00:00:00-04:00,66.43554079992269,67.02978794326837,65.98818712465797,66.84283447265625,45065800,0.0,0.0,0.0
2003-08-27 00:00:00-04:00,66.80277163205692,67.00975509514107,66.48227634312356,66.86286163330078,18919500,0.0,0.0,0.0
2003-08-28 00:00:00-04:00,67.03646999336085,67.43708532299422,66.54237792328304,67.27684020996094,27402400,0.0,0.0,0.0
2003-08-29 00:00:00-04:00,67.1766783628503,67.75757384369103,67.08987999660503,67.73086547851562,28706600,0.0,0.0,0.0
2003-09-02 00:00:00-04:00,67.86438886020017,68.69232764136906,67.47045201308148,68.638916015625,49419100,0.0,0.0,0.0
2003-09-03 00:00:00-04:00,68.792492461614,69.23984609194062,68.62556900903546,69.01283264160156,44912400,0.0,0.0,0.0
2003-09-04 00:00:00-04:00,68.83923793490017,69.13970323703599,68.61222446111314,69.04622650146484,28381000,0.0,0.0,0.0
2003-09-05 00:00:00-04:00,68.73241280216305,69.13970649524529,68.37185747906894,68.65896606445312,31637300,0.0,0.0,0.0
2003-09-08 00:00:00-04:00,68.79914746131504,69.36000762633851,68.72570075959563,69.22647094726562,32632800,0.0,0.0,0.0
2003-09-09 00:00:00-04:00,69.01947884850918,69.07956881827259,68.55876870393455,68.77243041992188,35053200,0.0,0.0,0.0
2003-09-10 00:00:00-04:00,68.45863390941989,68.63891406022893,67.80429693933168,68.07804870605469,45904900,0.0,0.0,0.0
2003-09-11 00:00:00-04:00,68.17150978853174,68.61218997251196,67.99790804083369,68.2783432006836,38396300,0.0,0.0,0.0
2003-09-12 00:00:00-04:00,68.0446850817081,68.53209875658226,67.6707730486252,68.40523529052734,42524800,0.0,0.0,0.0
2003-09-15 00:00:00-04:00,68.45197214941776,68.52541888139942,68.07138685374001,68.16486358642578,21312800,0.0,0.0,0.0
2003-09-16 00:00:00-04:00,68.25833581093048,69.19978137028447,68.21827072105856,69.15972137451172,37892600,0.0,0.0,0.0
2003-09-17 00:00:00-04:00,69.09296517492918,69.29994864830955,68.80585660180476,69.02619171142578,31885800,0.0,0.0,0.0
2003-09-18 00:00:00-04:00,69.03953642515548,69.90753526452032,68.88596461756754,69.84076690673828,30243600,0.0,0.0,0.0
2003-09-19 00:00:00-04:00,69.88768780301875,70.10887381707535,69.30456754697533,69.48553466796875,34331600,0.4,0.0,0.0
2003-09-22 00:00:00-04:00,68.9359220268485,69.00965069588692,68.38631156634212,68.73484802246094,36677400,0.0,0.0,0.0
2003-09-23 00:00:00-04:00,68.76165233395444,69.23083522817251,68.60749611190676,68.99624633789062,32489200,0.0,0.0,0.0
2003-09-24 00:00:00-04:00,69.1168784599261,69.18390311273755,67.74285006585181,67.76966094970703,41694700,0.0,0.0,0.0
2003-09-25 00:00:00-04:00,67.9707418150174,68.2857582029074,67.15972661954676,67.21334838867188,52673100,0.0,0.0,0.0
2003-09-26 00:00:00-04:00,67.32058645638469,67.46804375266956,66.92513233328864,66.99215698242188,42914700,0.0,0.0,0.0
2003-09-29 00:00:00-04:00,67.22678772856675,67.68926164032712,66.88495518310023,67.6490478515625,36771600,0.0,0.0,0.0
2003-09-30 00:00:00-04:00,67.34739733876857,67.53506840180277,66.52297932483636,66.99215698242188,70764500,0.0,0.0,0.0
2003-10-01 00:00:00-04:00,67.18657735729386,68.4868779047861,67.15976645682782,68.41985321044922,65797600,0.0,0.0,0.0
2003-10-02 00:00:00-04:00,68.31928483019496,68.74154482891603,68.11820571823965,68.66781616210938,44591500,0.0,0.0,0.0
2003-10-03 00:00:00-04:00,69.48552265215994,69.89437971762781,69.09007358661273,69.2978515625,48806900,0.0,0.0,0.0
2003-10-06 00:00:00-04:00,69.35819633281265,69.70002371961485,69.17052007809244,69.6128921508789,20226500,0.0,0.0,0.0
2003-10-07 00:00:00-04:00,69.2106868062382,69.91445305475419,68.97609805673287,69.88094329833984,42602900,0.0,0.0,0.0
2003-10-08 00:00:00-04:00,69.92792741259193,69.96814120391412,69.31129208192355,69.70674133300781,30920800,0.0,0.0,0.0
2003-10-09 00:00:00-04:00,70.29657776129558,70.52446788287577,69.59281072477653,69.89442443847656,40066500,0.0,0.0,0.0
2003-10-10 00:00:00-04:00,69.88767366291331,70.1088596322182,69.64638592162578,70.08875274658203,22682800,0.0,0.0,0.0
2003-10-13 00:00:00-04:00,70.18260133132611,70.5713515713821,70.04855199307103,70.30995178222656,23825600,0.0,0.0,0.0
2003-10-14 00:00:00-04:00,70.24293638302194,70.66519645653989,69.94802166355566,70.55795288085938,38484400,0.0,0.0,0.0
2003-10-15 00:00:00-04:00,70.95335665022982,70.97346352793859,70.1356428657298,70.37023162841797,39021700,0.0,0.0,0.0
2003-10-16 00:00:00-04:00,70.16248940932603,70.8662611688211,70.14238252139545,70.65177917480469,32772200,0.0,0.0,0.0
2003-10-17 00:00:00-04:00,70.69195304014468,70.79919141978232,69.69327229873558,69.88094329833984,32790300,0.0,0.0,0.0
2003-10-20 00:00:00-04:00,70.00832388715098,70.40377807617188,69.66649658549073,70.40377807617188,27657000,0.0,0.0,0.0
2003-10-21 00:00:00-04:00,70.25630831955239,70.5646257933123,69.92117996368472,70.28311920166016,26729100,0.0,0.0,0.0
2003-10-22 00:00:00-04:00,69.72686212645607,69.83410574289884,69.1638484811028,69.3984375,33914500,0.0,0.0,0.0
2003-10-23 00:00:00-04:00,68.96272434412612,69.67319494255536,68.92920945740055,69.27104187011719,45830500,0.0,0.0,0.0
2003-10-24 00:00:00-04:00,68.92251638405082,69.42520904541016,68.4868483881419,69.42520904541016,51723600,0.0,0.0,0.0
2003-10-27 00:00:00-05:00,69.53245364821025,69.8273683387075,69.21743206766175,69.45872497558594,32460200,0.0,0.0,0.0
2003-10-28 00:00:00-05:00,69.69330747234416,70.47750673660538,69.58606392493043,70.40377807617188,34956200,0.0,0.0,0.0
2003-10-29 00:00:00-05:00,70.22283464945131,70.66520679336038,69.61960734580207,70.49764251708984,30955400,0.0,0.0,0.0
2003-10-30 00:00:00-05:00,70.90647269913923,71.02711913655608,70.24291985017355,70.64507293701172,39123100,0.0,0.0,0.0
2003-10-31 00:00:00-05:00,70.6450810053014,70.87296590552971,70.52443455410567,70.57805633544922,25761600,0.0,0.0,0.0
2003-11-03 00:00:00-05:00,70.87965950757976,71.45608078831762,70.85284862084151,71.04051971435547,37589300,0.0,0.0,0.0
2003-11-04 00:00:00-05:00,71.04052401385907,71.22819511873124,70.76572135705459,70.88636779785156,31421600,0.0,0.0,0.0
2003-11-05 00:00:00-05:00,70.7054211050222,71.0271467678442,70.30997186466057,70.94001007080078,33558800,0.0,0.0,0.0
2003-11-06 00:00:00-05:00,70.77916083522983,71.34217955456512,70.44403222794782,71.31536865234375,28392300,0.0,0.0,0.0
2003-11-07 00:00:00-05:00,71.47616827529562,71.52979003421841,70.75899386907376,70.78580474853516,31723200,0.0,0.0,0.0
2003-11-10 00:00:00-05:00,70.87298485956597,70.94000954734301,70.38370003650328,70.49764251708984,25530800,0.0,0.0,0.0
2003-11-11 00:00:00-05:00,70.43732015694576,70.5981855518504,70.24295008700089,70.4775390625,26558600,0.0,0.0,0.0
2003-11-12 00:00:00-05:00,70.53114334207132,71.36226055468546,70.48422555862507,71.26842498779297,28000000,0.0,0.0,0.0
2003-11-13 00:00:00-05:00,71.05391672359409,71.40915196903228,70.89975542710901,71.28850555419922,29714800,0.0,0.0,0.0
2003-11-14 00:00:00-05:00,71.3153536492837,71.6839919715471,70.57136788854206,70.68531036376953,49158500,0.0,0.0,0.0
2003-11-17 00:00:00-05:00,70.31666760498842,70.47082385853332,69.73354214686846,70.33007049560547,44382100,0.0,0.0,0.0
2003-11-18 00:00:00-05:00,70.53781723721218,70.67857053767963,69.5056212534644,69.59945678710938,41155000,0.0,0.0,0.0
2003-11-19 00:00:00-05:00,69.7268216585126,70.38367564385796,69.65309299341301,70.18930053710938,29827000,0.0,0.0,0.0
2003-11-20 00:00:00-05:00,69.70675306550517,70.53787061253918,69.53918875525156,69.55929565429688,53578700,0.0,0.0,0.0
2003-11-21 00:00:00-05:00,69.86757240239172,69.92789817781063,69.45201642937799,69.84746551513672,30016000,0.0,0.0,0.0
2003-11-24 00:00:00-05:00,70.16918811412494,70.8997655932874,70.16248411410267,70.77241516113281,28906400,0.0,0.0,0.0
2003-11-25 00:00:00-05:00,70.86625662103752,71.3287303547244,70.6785804138698,71.04051971435547,37580000,0.0,0.0,0.0
2003-11-26 00:00:00-05:00,71.32872919402391,71.34883608033695,70.6383654911228,71.29521942138672,33053600,0.0,0.0,0.0
2003-11-28 00:00:00-05:00,71.23488875304564,71.48958959858267,71.18126698412695,71.34883117675781,10507500,0.0,0.0,0.0
2003-12-01 00:00:00-05:00,71.61695147088639,72.17326594635911,71.58344169280227,72.11964416503906,38699000,0.0,0.0,0.0
2003-12-02 00:00:00-05:00,71.97219233680356,72.23359214869562,71.76441431033933,71.93868255615234,35352000,0.0,0.0,0.0
2003-12-03 00:00:00-05:00,72.1531543597436,72.44136502350868,71.76440414096201,71.8247299194336,39078600,0.0,0.0,0.0
2003-12-04 00:00:00-05:00,71.83143348251203,72.20007683701913,71.67727725328507,72.11964416503906,36089500,0.0,0.0,0.0
2003-12-05 00:00:00-05:00,71.79792322109274,72.25369813193579,71.46279476058034,71.61695098876953,28824400,0.0,0.0,0.0
2003-12-08 00:00:00-05:00,71.54320349689225,72.14643558984814,71.50298972857958,72.09951782226562,32482900,0.0,0.0,0.0
2003-12-09 00:00:00-05:00,72.3207441203412,72.34085101571443,71.40919402994427,71.54324340820312,43596100,0.0,0.0,0.0
2003-12-10 00:00:00-05:00,71.56335821689031,71.70411672737964,71.02045152715581,71.53655242919922,36915400,0.0,0.0,0.0
2003-12-11 00:00:00-05:00,71.50301435190215,72.4547780298485,71.4963103503237,72.34083557128906,45304000,0.0,0.0,0.0
2003-12-12 00:00:00-05:00,72.3676478103168,72.52180405390526,71.97889753001157,72.4815902709961,34142200,0.0,0.0,0.0
2003-12-15 00:00:00-05:00,73.1719473335858,73.2121662264031,72.03921660671354,72.11964416503906,38693400,0.0,0.0,0.0
2003-12-16 00:00:00-05:00,72.17327712249664,72.72288768199871,72.06603354324974,72.49500274658203,32894200,0.0,0.0,0.0
2003-12-17 00:00:00-05:00,72.42799320826865,72.72290802001953,72.25373001374017,72.72290802001953,23198800,0.0,0.0,0.0
2003-12-18 00:00:00-05:00,72.7563814798906,73.54728474968435,72.64913793174388,73.54058074951172,29353100,0.0,0.0,0.0
2003-12-19 00:00:00-05:00,73.60521646948327,73.65235592553519,73.1203505570546,73.33584594726562,41465100,0.516,0.0,0.0
2003-12-22 00:00:00-05:00,73.26178326423694,73.84766387939453,73.25504758696394,73.84766387939453,27611300,0.0,0.0,0.0
2003-12-23 00:00:00-05:00,73.72645754726467,74.04296249332434,73.6591110408778,73.89481353759766,24741200,0.0,0.0,0.0
2003-12-24 00:00:00-05:00,73.75337036943435,73.99580334206321,73.69276469518499,73.82071685791016,8055800,0.0,0.0,0.0
2003-12-26 00:00:00-05:00,73.88131605912136,74.13048468633028,73.82744092818723,73.87458038330078,8308400,0.0,0.0,0.0
2003-12-29 00:00:00-05:00,74.1439629588955,74.9318676101444,73.92846753792615,74.85779571533203,22483700,0.0,0.0,0.0
2003-12-30 00:00:00-05:00,74.81065840355646,74.93187491077538,74.64903810653678,74.87126922607422,19559500,0.0,0.0,0.0
2003-12-31 00:00:00-05:00,74.89819484945765,75.10021890404765,74.64229052070156,74.9385986328125,31501800,0.0,0.0,0.0
2004-01-02 00:00:00-05:00,75.24839554013533,75.55143941967937,74.56824100642564,74.90495300292969,38072300,0.0,0.0,0.0
2004-01-05 00:00:00-05:00,75.21472723356793,75.77366524161445,75.14738072418302,75.71979522705078,27959800,0.0,0.0,0.0
2004-01-06 00:00:00-05:00,75.53122648130255,75.9150778956957,75.42347619201914,75.79386138916016,20472800,0.0,0.0,0.0
2004-01-07 00:00:00-05:00,75.68612458552066,76.13731744220054,75.34941257824,76.04977416992188,30170400,0.0,0.0,0.0
2004-01-08 00:00:00-05:00,76.26527044750794,76.37302075711821,75.94202465649468,76.35281372070312,36438400,0.0,0.0,0.0
2004-01-09 00:00:00-05:00,75.98240429075298,76.43359697816508,75.60528349036198,75.68609619140625,54084300,0.0,0.0,0.0
2004-01-12 00:00:00-05:00,75.79388611703793,76.26528094190473,75.6659338912234,76.24507904052734,31564100,0.0,0.0,0.0
2004-01-13 00:00:00-05:00,76.15755034246159,76.25183446967303,75.26189994323897,75.8006362915039,54239700,0.0,0.0,0.0
2004-01-14 00:00:00-05:00,75.93526920546533,76.54135165365807,75.87465839173812,76.43360137939453,30112800,0.0,0.0,0.0
2004-01-15 00:00:00-05:00,76.48078155531236,76.81075795473323,75.81409307628938,76.62220001220703,38408700,0.0,0.0,0.0
2004-01-16 00:00:00-05:00,76.79729495266642,76.97911722263605,76.52118856966129,76.92524719238281,31922700,0.0,0.0,0.0
2004-01-20 00:00:00-05:00,77.12725282900205,77.20806556168742,76.64912238736983,76.90502166748047,29863000,0.0,0.0,0.0
2004-01-21 00:00:00-05:00,76.85787867207726,77.6457886506849,76.58177750589165,77.51110076904297,30725000,0.0,0.0,0.0
2004-01-22 00:00:00-05:00,77.53802843526272,77.69964873475905,77.160912690499,77.30906677246094,29888500,0.0,0.0,0.0
2004-01-23 00:00:00-05:00,77.44375746779576,77.69292618926288,76.736660235789,77.05990600585938,44245300,0.0,0.0,0.0
2004-01-26 00:00:00-05:00,77.03296289196314,78.0700363600319,77.02622721407877,78.02963256835938,30460600,0.0,0.0,0.0
2004-01-27 00:00:00-05:00,77.94881962263237,78.45388756835138,77.20805432980787,77.22825622558594,35322800,0.0,0.0,0.0
2004-01-28 00:00:00-05:00,77.43027448741616,77.63229855438759,76.05648925318275,76.34606170654297,52621300,0.0,0.0,0.0
2004-01-29 00:00:00-05:00,76.47401313237089,76.66930667146237,75.8005892614967,76.4201431274414,60117100,0.0,0.0,0.0
2004-01-30 00:00:00-05:00,76.44707556099794,76.58176341786262,76.15750309100939,76.4201431274414,30984400,0.0,0.0,0.0
2004-02-02 00:00:00-05:00,76.56830235295881,77.22826009574366,76.17772036010358,76.75012969970703,38832400,0.0,0.0,0.0
2004-02-03 00:00:00-05:00,76.59526242930062,76.86463312054605,76.39323826423052,76.62220001220703,25093500,0.0,0.0,0.0
2004-02-04 00:00:00-05:00,76.22484690665952,76.58849640067588,75.95547634022337,75.99588012695312,39332600,0.0,0.0,0.0
2004-02-05 00:00:00-05:00,76.21140396886567,76.46057273484246,75.9487689815633,76.2181396484375,37226800,0.0,0.0,0.0
2004-02-06 00:00:00-05:00,76.37975357570893,77.24173552702474,76.2315994644857,77.07337951660156,37216000,0.0,0.0,0.0
2004-02-09 00:00:00-05:00,77.22149100994037,77.35617882663647,76.96559186494008,77.09354400634766,24851300,0.0,0.0,0.0
2004-02-10 00:00:00-05:00,76.95889145760638,77.53803649026726,76.94542523867304,77.34274291992188,27908100,0.0,0.0,0.0
2004-02-11 00:00:00-05:00,77.34274381391873,78.37981736955896,76.88481529763366,78.16432189941406,42965700,0.0,0.0,0.0
2004-02-12 00:00:00-05:00,78.09698810579972,78.29901223864002,77.83435313663492,77.8814926147461,27814700,0.0,0.0,0.0
2004-02-13 00:00:00-05:00,77.99591388483901,78.25181297940091,77.27535090543812,77.53125,44739900,0.0,0.0,0.0
2004-02-17 00:00:00-05:00,78.01618630247917,78.40677354031543,77.96231113771172,78.23168182373047,23984300,0.0,0.0,0.0
2004-02-18 00:00:00-05:00,78.25185851178884,78.52122911101112,77.67944919957701,77.88821411132812,28618000,0.0,0.0,0.0
2004-02-19 00:00:00-05:00,78.33939802295676,78.37980181002028,77.4841468527929,77.5986328125,51146200,0.0,0.0,0.0
2004-02-20 00:00:00-05:00,77.76701939642793,77.82088942111851,76.98584495350416,77.36296081542969,46728800,0.0,0.0,0.0
2004-02-23 00:00:00-05:00,77.59189335138235,77.61883092071643,76.88479628535681,77.16763305664062,36357000,0.0,0.0,0.0
2004-02-24 00:00:00-05:00,76.95212340314004,77.43698928581809,76.11707945953621,77.0329360961914,43953000,0.0,0.0,0.0
2004-02-25 00:00:00-05:00,77.08010252341569,77.48415585444023,76.98582358410387,77.35620880126953,31213600,0.0,0.0,0.0
2004-02-26 00:00:00-05:00,77.18113490741108,77.63906349140335,76.99930752701314,77.40336608886719,29683000,0.0,0.0,0.0
2004-02-27 00:00:00-05:00,77.57167740066092,77.94205735179519,77.19455663614474,77.45719146728516,39312000,0.0,0.0,0.0
2004-03-01 00:00:00-05:00,77.7333508015329,78.34616411394744,77.61213424752077,78.2249526977539,33130800,0.0,0.0,0.0
2004-03-02 00:00:00-05:00,78.07678800421404,78.77041397145862,77.59865753298541,77.76701354980469,38556400,0.0,0.0,0.0
2004-03-03 00:00:00-05:00,77.61213137343606,78.02965618575377,77.38990017634026,77.90843963623047,31346200,0.0,0.0,0.0
2004-03-04 00:00:00-05:00,77.92865135453333,78.18455070784229,77.7939634281978,78.1104736328125,21060000,0.0,0.0,0.0
2004-03-05 00:00:00-05:00,77.72657588467939,78.75691350475468,77.63229696113106,78.37306213378906,55905600,0.0,0.0,0.0
2004-03-08 00:00:00-05:00,78.34617851813807,78.53474163290598,77.3831867269831,77.41685485839844,39281600,0.0,0.0,0.0
2004-03-09 00:00:00-05:00,77.51110140728616,77.58517845834486,76.93195635600038,77.10704803466797,39746100,0.0,0.0,0.0
2004-03-10 00:00:00-05:00,77.25519853775937,77.2888666535156,75.80060029871723,75.81407165527344,67671800,0.0,0.0,0.0
2004-03-11 00:00:00-05:00,75.6928688552412,76.27874452620203,74.81741548182232,74.83088684082031,89134800,0.0,0.0,0.0
2004-03-12 00:00:00-05:00,75.24166230924592,75.90161492162024,75.14064768634292,75.81407165527344,54012200,0.0,0.0,0.0
2004-03-15 00:00:00-05:00,75.60529076712328,75.6591659063381,74.68270341269589,74.88472747802734,57677200,0.0,0.0,0.0
2004-03-16 00:00:00-05:00,75.27534592433892,75.46390385241315,74.64232561910266,75.2820816040039,59832600,0.0,0.0,0.0
2004-03-17 00:00:00-05:00,75.54471049403867,76.27200970457623,75.49083533670601,76.12385559082031,41607300,0.0,0.0,0.0
2004-03-18 00:00:00-05:00,75.8949122891124,76.27876391302479,75.37637786789786,76.14408111572266,60014300,0.0,0.0,0.0
2004-03-19 00:00:00-05:00,75.96497168380837,76.07309457055106,75.03914465364767,75.05265808105469,48636200,0.395,0.0,0.0
2004-03-22 00:00:00-05:00,74.70126351761199,74.72153623969362,73.72813161105722,74.09981536865234,62752100,0.0,0.0,0.0
2004-03-23 00:00:00-05:00,74.50526796593134,74.6066367086153,73.90381995672251,73.97139739990234,54080200,0.0,0.0,0.0
2004-03-24 00:00:00-05:00,74.05246875553938,74.43090643593727,73.5591437885978,74.03219604492188,51584300,0.0,0.0,0.0
2004-03-25 00:00:00-05:00,74.39039467771428,75.21485298808646,74.19441646001687,75.01211547851562,49873600,0.0,0.0,0.0
2004-03-26 00:00:00-05:00,74.9850820492235,75.54598468004687,74.87695916043778,75.03238677978516,37409500,0.0,0.0,0.0
2004-03-29 00:00:00-05:00,75.43785609119799,76.18797763885645,75.40406994437137,76.08660888671875,44113600,0.0,0.0,0.0
2004-03-30 00:00:00-05:00,75.89061694816635,76.41096885112573,75.83655293970034,76.34339141845703,39059900,0.0,0.0,0.0
2004-03-31 00:00:00-05:00,76.35692241548169,76.63399665576527,75.94469327875608,76.43125915527344,48517600,0.0,0.0,0.0
2004-04-01 00:00:00-05:00,76.41100142639556,76.95163142987991,76.39748799643188,76.89080810546875,45103800,0.0,0.0,0.0
2004-04-02 00:00:00-05:00,77.58681358036107,77.60708628958882,76.97185239187152,77.47193145751953,50987700,0.0,0.0,0.0
2004-04-05 00:00:00-04:00,77.35035896492741,77.97207999571718,77.33684553201064,77.89774322509766,30251800,0.0,0.0,0.0
2004-04-06 00:00:00-04:00,77.60036220602778,77.83688583165059,77.45844803065411,77.64766693115234,28420900,0.0,0.0,0.0
2004-04-07 00:00:00-04:00,77.68143793916526,77.70171580812065,77.11378134827072,77.4651870727539,45890500,0.0,0.0,0.0
2004-04-08 00:00:00-04:00,77.99232947409519,77.99232947409519,76.86376489290774,77.28951263427734,46929700,0.0,0.0,0.0
2004-04-12 00:00:00-04:00,77.4314181446076,77.76931052070819,77.42465885345362,77.5936050415039,23085200,0.0,0.0,0.0
2004-04-13 00:00:00-04:00,77.89097647433096,77.91800849161835,76.37721444121739,76.505615234375,56210300,0.0,0.0,0.0
2004-04-14 00:00:00-04:00,76.10016199630164,76.79621983784008,76.05961653938289,76.62727355957031,62322300,0.0,0.0,0.0
2004-04-15 00:00:00-04:00,76.66778778999269,76.89079802387707,75.93118479155108,76.33665466308594,61602500,0.0,0.0,0.0
2004-04-16 00:00:00-04:00,76.62046958859935,77.07324926878528,76.35015982564614,76.92457580566406,47059200,0.0,0.0,0.0
2004-04-19 00:00:00-04:00,76.73535690926552,77.0326986796797,76.54613285703874,76.92457580566406,28277600,0.0,0.0,0.0
2004-04-20 00:00:00-04:00,77.09354805926415,77.25573500305504,75.53924061745907,75.63385009765625,53299400,0.0,0.0,0.0
2004-04-21 00:00:00-04:00,75.82304350371534,76.32988204359533,75.60003846459762,76.14066314697266,50177300,0.0,0.0,0.0
2004-04-22 00:00:00-04:00,76.01225282843133,77.4922175721675,75.98522082617592,77.20838928222656,62071500,0.0,0.0,0.0
2004-04-23 00:00:00-04:00,77.32327553016117,77.42464425504399,76.8975330726464,77.28273010253906,29395700,0.0,0.0,0.0
2004-04-26 00:00:00-04:00,77.37736673244514,77.67471372171906,76.76915932521639,77.17462921142578,35515200,0.0,0.0,0.0
2004-04-27 00:00:00-04:00,77.19489803021249,77.79634607461274,77.01243325153943,77.24220275878906,43485500,0.0,0.0,0.0
2004-04-28 00:00:00-04:00,76.96512438480397,77.04622041050159,76.02578399941086,76.24203491210938,50165800,0.0,0.0,0.0
2004-04-29 00:00:00-04:00,76.17446134835967,76.5799311858424,75.12023873973882,75.57301330566406,69687600,0.0,0.0,0.0
2004-04-30 00:00:00-04:00,75.80279127641559,75.94470548724176,74.94454671880122,74.98509216308594,48681400,0.0,0.0,0.0
2004-05-03 00:00:00-04:00,75.26214200701926,75.8838626780236,75.24862342609467,75.78925323486328,33758000,0.0,0.0,0.0
2004-05-04 00:00:00-04:00,75.8568553712954,76.53939956704357,75.45814475327344,75.72845458984375,51185100,0.0,0.0,0.0
2004-05-05 00:00:00-04:00,75.964951698531,76.33663014647257,75.79600554333187,76.2149887084961,34405000,0.0,0.0,0.0
2004-05-06 00:00:00-04:00,75.70140820255956,76.08660531795238,75.01211000084612,75.55949401855469,54997000,0.0,0.0,0.0
2004-05-07 00:00:00-04:00,75.16078594209024,75.84333003064525,74.30929565429688,74.30929565429688,60950000,0.0,0.0,0.0
2004-05-10 00:00:00-04:00,73.95787572749195,74.1673673247402,73.22802704853774,73.54564666748047,75279400,0.0,0.0,0.0
2004-05-11 00:00:00-04:00,73.9713802495738,74.37009583680056,73.88353010939099,74.1673583984375,48300600,0.0,0.0,0.0
2004-05-12 00:00:00-04:00,74.04573031884745,74.7012423111554,73.02529396517748,74.64041900634766,90830500,0.0,0.0,0.0
2004-05-13 00:00:00-04:00,74.17412411561378,74.88369489971903,74.0862688119905,74.32955169677734,57393700,0.0,0.0,0.0
2004-05-14 00:00:00-04:00,74.30254947924051,74.83642018177675,73.84301552995802,74.36337280273438,54123100,0.0,0.0,0.0
2004-05-17 00:00:00-04:00,73.58618948113835,73.99841852649188,73.26181573924462,73.72810363769531,55020400,0.0,0.0,0.0
2004-05-18 00:00:00-04:00,73.99168730977755,74.29579360849071,73.88356440673236,74.09981536865234,30193100,0.0,0.0,0.0
2004-05-19 00:00:00-04:00,74.67421988618119,75.13375375325238,73.76191144362437,73.84300231933594,54804100,0.0,0.0,0.0
2004-05-20 00:00:00-04:00,73.96462624341794,74.2484597085661,73.68755722407957,74.07951354980469,38082900,0.0,0.0,0.0
2004-05-21 00:00:00-04:00,74.31602900554437,74.70798528836211,73.97813672501053,74.20790100097656,47480400,0.0,0.0,0.0
2004-05-24 00:00:00-04:00,74.69448140401592,74.8499141522026,74.12006544527284,74.5187759399414,40961500,0.0,0.0,0.0
2004-05-25 00:00:00-04:00,74.2687617262164,75.67439555911784,74.0660241933794,75.58654022216797,48668000,0.0,0.0,0.0
2004-05-26 00:00:00-04:00,75.45808560297861,75.88382790209145,75.3567169158111,75.85003662109375,35977000,0.0,0.0,0.0
2004-05-27 00:00:00-04:00,76.05284572712364,76.38397893875259,75.72846665340413,76.2758560180664,45306900,0.0,0.0,0.0
2004-05-28 00:00:00-04:00,76.18122331779777,76.28258691386014,75.93118108390982,76.26907348632812,23367200,0.0,0.0,0.0
2004-06-01 00:00:00-04:00,75.99874030172205,76.26905518997604,75.60002983731384,76.16768646240234,41044700,0.0,0.0,0.0
2004-06-02 00:00:00-04:00,76.38393014162287,76.68803629567788,75.99873313781494,76.45150756835938,39774200,0.0,0.0,0.0
2004-06-03 00:00:00-04:00,76.23525344513355,76.4920548738948,75.7351743217028,75.74868774414062,38688300,0.0,0.0,0.0
2004-06-04 00:00:00-04:00,76.35018157958984,76.7556514953757,76.16771676619689,76.35018157958984,32739500,0.0,0.0,0.0
2004-06-07 00:00:00-04:00,76.65423762528134,77.5868183984554,76.64747833651022,77.51248168945312,31643800,0.0,0.0,0.0
2004-06-08 00:00:00-04:00,77.28951809961484,77.66119668779886,77.15435803096021,77.62065124511719,32846500,0.0,0.0,0.0
2004-06-09 00:00:00-04:00,77.38407997952783,77.5124755210013,76.85020963728175,76.89751434326172,36737600,0.0,0.0,0.0
2004-06-10 00:00:00-04:00,77.06648648483714,77.2759780883789,76.99214975664593,77.2759780883789,21711000,0.0,0.0,0.0
2004-06-14 00:00:00-04:00,76.91784482743667,76.9381175515375,76.27585117036979,76.51237487792969,34633000,0.0,0.0,0.0
2004-06-15 00:00:00-04:00,76.97190288430859,77.34358149422803,76.70834717980635,77.05299377441406,37445000,0.0,0.0,0.0
2004-06-16 00:00:00-04:00,77.03946685791016,77.17462175497846,76.83672935647886,77.03946685791016,26633400,0.0,0.0,0.0
2004-06-17 00:00:00-04:00,76.93808923148043,77.08676269460163,76.58668344614432,76.92457580566406,28402400,0.0,0.0,0.0
2004-06-18 00:00:00-04:00,76.82554644905655,77.46988848992402,76.76450629683822,77.06971740722656,31799800,0.414,0.0,0.0
2004-06-21 00:00:00-04:00,77.15109360835999,77.41561122961687,76.73057589461062,76.7780532836914,25284000,0.0,0.0,0.0
2004-06-22 00:00:00-04:00,76.73060746738578,77.23929620598469,76.41861232866971,77.16468811035156,37334000,0.0,0.0,0.0
2004-06-23 00:00:00-04:00,77.05616220620345,77.89040874950953,76.92729275046963,77.8293685913086,35580000,0.0,0.0,0.0
2004-06-24 00:00:00-04:00,77.70048369339409,77.95143859030392,77.49701136518014,77.5851821899414,35272100,0.0,0.0,0.0
2004-06-25 00:00:00-04:00,77.59876657549253,77.95823908876521,77.1036406399903,77.212158203125,32837900,0.0,0.0,0.0
2004-06-28 00:00:00-04:00,77.67336844691069,77.7344137797569,76.92051395589914,76.94763946533203,40824500,0.0,0.0,0.0
2004-06-29 00:00:00-04:00,77.00189315253621,77.43597370524722,76.92728507241573,77.26641082763672,28418100,0.0,0.0,0.0
2004-06-30 00:00:00-04:00,77.36815778616551,77.85649975336653,77.08329336351454,77.6801528930664,52230600,0.0,0.0,0.0
2004-07-01 00:00:00-04:00,77.49025364122203,77.59199242710322,76.35757458921373,76.60174560546875,57734700,0.0,0.0,0.0
2004-07-02 00:00:00-04:00,76.75096523869226,76.83913609725816,76.3711407660357,76.56105041503906,34615100,0.0,0.0,0.0
2004-07-06 00:00:00-04:00,76.21512753070975,76.26938372126085,75.71321766458544,75.88956451416016,38698200,0.0,0.0,0.0
2004-07-07 00:00:00-04:00,75.83530244843026,76.3507750637685,75.79460901223068,76.11338806152344,29839800,0.0,0.0,0.0
2004-07-08 00:00:00-04:00,75.835269716139,76.18117929847823,75.42153604452544,75.58432006835938,45291100,0.0,0.0,0.0
2004-07-09 00:00:00-04:00,75.77425241358827,75.9234685597278,75.54364423101413,75.78103637695312,27412900,0.0,0.0,0.0
2004-07-12 00:00:00-04:00,75.63861742656763,75.99131116229955,75.28592886548486,75.8149642944336,35691300,0.0,0.0,0.0
2004-07-13 00:00:00-04:00,75.90992562202375,75.97774975405589,75.69288529473113,75.86923217773438,26752000,0.0,0.0,0.0
2004-07-14 00:00:00-04:00,75.46229960841335,76.22872230890638,75.36734476674698,75.63864135742188,54089400,0.0,0.0,0.0
2004-07-15 00:00:00-04:00,75.78782914246314,75.90313584233901,75.08244688722016,75.15027618408203,38403500,0.0,0.0,0.0
2004-07-16 00:00:00-04:00,75.67251480629953,75.74033891703031,74.9060925232105,75.08921813964844,40871200,0.0,0.0,0.0
2004-07-19 00:00:00-04:00,75.11636416919566,75.2587963832313,74.60089150793648,74.77045440673828,39592800,0.0,0.0,0.0
2004-07-20 00:00:00-04:00,74.96714915376172,75.89635571649006,74.77723953210024,75.72000885009766,46679800,0.0,0.0,0.0
2004-07-21 00:00:00-04:00,75.8420971454234,76.00487608790577,74.23463891763095,74.32281494140625,56241100,0.0,0.0,0.0
2004-07-22 00:00:00-04:00,74.17359471222835,74.87219302590123,73.77342358106732,74.52628326416016,72477100,0.0,0.0,0.0
2004-07-23 00:00:00-04:00,74.34993118804377,74.41097133912653,73.71915708694719,73.90228271484375,49610500,0.0,0.0,0.0
2004-07-26 00:00:00-04:00,74.0582512188189,74.22103006019279,73.39356275668592,73.75981903076172,49679100,0.0,0.0,0.0
2004-07-27 00:00:00-04:00,73.96332345392605,74.68226834244138,73.90906209545186,74.45166015625,51295100,0.0,0.0,0.0
2004-07-28 00:00:00-04:00,74.30244851043473,74.85861449314551,73.65132256392894,74.67548370361328,65862300,0.0,0.0,0.0
2004-07-29 00:00:00-04:00,74.97391597973561,75.19774020037732,74.60765957540767,74.9942626953125,52200500,0.0,0.0,0.0
2004-07-30 00:00:00-04:00,74.82468737466668,75.2180743924826,74.675471252416,75.17737579345703,41581700,0.0,0.0,0.0
2004-08-02 00:00:00-04:00,74.73653743061796,75.53009047544734,74.64158263079128,75.3333969116211,38263100,0.0,0.0,0.0
2004-08-03 00:00:00-04:00,75.23846414077273,75.32663500224194,74.71621258881665,74.7501220703125,40948800,0.0,0.0,0.0
2004-08-04 00:00:00-04:00,74.53306793958946,75.11636472979274,74.36350503952221,74.74332427978516,40763200,0.0,0.0,0.0
2004-08-05 00:00:00-04:00,74.80437909874598,74.86541926667766,73.43430779469378,73.5224838256836,50772000,0.0,0.0,0.0
2004-08-06 00:00:00-04:00,73.0002115216909,73.22403577221854,72.31518119077703,72.47117614746094,74729000,0.0,0.0,0.0
2004-08-09 00:00:00-04:00,72.58649213900779,72.89849246387581,72.48475852725694,72.57292938232422,37476300,0.0,0.0,0.0
2004-08-10 00:00:00-04:00,72.78315942028959,73.52924013426738,72.749249953521,73.5088882446289,55870600,0.0,0.0,0.0
2004-08-11 00:00:00-04:00,73.03413239019187,73.4749969644891,72.64074522084056,73.35969543457031,52933200,0.0,0.0,0.0
2004-08-12 00:00:00-04:00,73.0341384074231,73.21726407740235,72.32197209991045,72.55936431884766,50015900,0.0,0.0,0.0
2004-08-13 00:00:00-04:00,72.64079025974482,72.81035326463434,72.29488028086755,72.70183563232422,41634700,0.0,0.0,0.0
2004-08-16 00:00:00-04:00,72.66787653340808,73.68525394073559,72.6407458482548,73.45465087890625,45731900,0.0,0.0,0.0
2004-08-17 00:00:00-04:00,73.75983971897266,74.11931213287784,73.61062358309182,73.86836242675781,40701600,0.0,0.0,0.0
2004-08-18 00:00:00-04:00,73.6038523709489,74.72296840927758,73.58350565337629,74.62801361083984,43165400,0.0,0.0,0.0
2004-08-19 00:00:00-04:00,74.4788119840316,74.62124420948459,74.05151530767263,74.4109878540039,39881600,0.0,0.0,0.0
2004-08-20 00:00:00-04:00,74.34313930547911,75.03495348396973,74.27531519772869,74.93321990966797,44870900,0.0,0.0,0.0
2004-08-23 00:00:00-04:00,74.98071647959856,75.12992748495253,74.64159067946404,74.74332427978516,33745100,0.0,0.0,0.0
2004-08-24 00:00:00-04:00,75.0417864365744,75.10283179565535,74.50596683864653,74.8450927734375,30453100,0.0,0.0,0.0
2004-08-25 00:00:00-04:00,74.83150067822643,75.46905366694382,74.53985228164912,75.35375213623047,38551400,0.0,0.0,0.0
2004-08-26 00:00:00-04:00,75.25879732568428,75.49618435204975,75.18418923530527,75.35375213623047,26629500,0.0,0.0,0.0
2004-08-27 00:00:00-04:00,75.42157023031028,75.71321860356488,75.31983663760992,75.59113311767578,24902900,0.0,0.0,0.0
2004-08-30 00:00:00-04:00,75.4351584367552,75.51654533279303,74.91290170547892,74.9671630859375,26726500,0.0,0.0,0.0
2004-08-31 00:00:00-04:00,75.05533112046288,75.39445695019643,74.67550667239964,75.36054229736328,44125300,0.0,0.0,0.0
2004-09-01 00:00:00-04:00,75.25196725561668,75.71996223132831,74.93319354388775,75.50292205810547,52778300,0.0,0.0,0.0
2004-09-02 00:00:00-04:00,75.44871453174501,76.43896135174126,75.44871453174501,76.35757446289062,42736600,0.0,0.0,0.0
2004-09-03 00:00:00-04:00,76.18797965587372,76.52032138709208,75.97093941869984,76.04554748535156,30480500,0.0,0.0,0.0
2004-09-07 00:00:00-04:00,76.33043741224252,76.73060338146635,76.18122122892206,76.54747772216797,37338800,0.0,0.0,0.0
2004-09-08 00:00:00-04:00,76.38470515072403,76.68313236759234,76.17444361367751,76.35757446289062,32963100,0.0,0.0,0.0
2004-09-09 00:00:00-04:00,76.3507664047009,76.56102270075122,75.9845099964969,76.28972625732422,34314800,0.0,0.0,0.0
2004-09-10 00:00:00-04:00,76.31684148049376,76.82553000536048,76.01841439799875,76.68309783935547,27900600,0.0,0.0,0.0
2004-09-13 00:00:00-04:00,76.85267473072963,77.1443230786232,76.6492023883737,76.93406677246094,44398100,0.0,0.0,0.0
2004-09-14 00:00:00-04:00,76.84587884742177,77.11039645589705,76.77127078609315,77.09004974365234,28048900,0.0,0.0,0.0
2004-09-15 00:00:00-04:00,76.84593898450903,76.8866324408438,76.42542096199578,76.5068130493164,38295000,0.0,0.0,0.0
2004-09-16 00:00:00-04:00,76.5407254575456,76.8934193414034,76.5068159675236,76.73741912841797,23911700,0.0,0.0,0.0
2004-09-17 00:00:00-04:00,76.92739581524543,77.20663897463427,76.75032011026491,77.06361389160156,33683000,0.469,0.0,0.0
2004-09-20 00:00:00-04:00,76.73668435660652,76.95462805035821,76.4710656422275,76.60047149658203,37149400,0.0,0.0,0.0
2004-09-21 00:00:00-04:00,76.79118664102192,77.2815613471929,76.64816155108682,76.93421173095703,40920800,0.0,0.0,0.0
2004-09-22 00:00:00-04:00,76.6208957722828,76.63451497854223,75.91938973571315,75.973876953125,49042100,0.0,0.0,0.0
2004-09-23 00:00:00-04:00,76.0079692612027,76.07607572223394,75.56526947021484,75.56526947021484,44068700,0.0,0.0,0.0
2004-09-24 00:00:00-04:00,75.715108166551,76.09651370834048,75.68786454240961,75.9126205444336,34981100,0.0,0.0,0.0
2004-09-27 00:00:00-04:00,75.66739119720093,75.73549762172267,75.31323467197556,75.42901611328125,39355100,0.0,0.0,0.0
2004-09-28 00:00:00-04:00,75.53801417575554,75.9466580468861,75.19747675044859,75.79000854492188,41662900,0.0,0.0,0.0
2004-09-29 00:00:00-04:00,75.7423646627927,76.17825233075227,75.59933950888636,76.17144012451172,33325700,0.0,0.0,0.0
2004-09-30 00:00:00-04:00,75.9739258481561,76.26678833499038,75.77641345506412,76.11695098876953,43536700,0.0,0.0,0.0
2004-10-01 00:00:00-04:00,76.45745082586167,77.40414428710938,76.42339501080586,77.40414428710938,62824300,0.0,0.0,0.0
2004-10-04 00:00:00-04:00,77.71065027677909,77.94221846037031,77.50633091075214,77.5335693359375,33082400,0.0,0.0,0.0
2004-10-05 00:00:00-04:00,77.54036129738265,77.75149800887007,77.32922978208333,77.57441711425781,36910600,0.0,0.0,0.0
2004-10-06 00:00:00-04:00,77.4858637753592,78.10564422607422,77.42456954855218,78.10564422607422,42297800,0.0,0.0,0.0
2004-10-07 00:00:00-04:00,77.90134419266478,77.91496860035602,77.20665008989408,77.2679443359375,39388800,0.0,0.0,0.0
2004-10-08 00:00:00-04:00,77.06360345739817,77.48586644645818,76.51874161812306,76.62771606445312,51872600,0.0,0.0,0.0
2004-10-11 00:00:00-04:00,76.8116112825512,76.97506777146803,76.71626123100071,76.9410171508789,20229100,0.0,0.0,0.0
2004-10-12 00:00:00-04:00,76.4166090655252,76.84568961943522,76.2395333157172,76.64136505126953,41754700,0.0,0.0,0.0
2004-10-13 00:00:00-04:00,76.96144768615049,77.00912271138289,75.81724188438497,75.96707916259766,54212600,0.0,0.0,0.0
2004-10-14 00:00:00-04:00,76.06243678988429,76.23270549641643,75.3132555203806,75.35411834716797,64082200,0.0,0.0,0.0
2004-10-15 00:00:00-04:00,75.61295120749108,76.10332608423866,75.30646950761903,75.77641296386719,63482200,0.0,0.0,0.0
2004-10-18 00:00:00-04:00,75.52438921327436,76.2122762622667,75.39498332982932,76.06243896484375,43535100,0.0,0.0,0.0
2004-10-19 00:00:00-04:00,76.29400862920895,76.43703893201308,75.32007130647823,75.42223358154297,55851900,0.0,0.0,0.0
2004-10-20 00:00:00-04:00,75.17702696747672,75.4767015120177,74.74795175740125,75.27237701416016,57118500,0.0,0.0,0.0
2004-10-21 00:00:00-04:00,75.45630517218875,75.81727411614611,75.061280397364,75.76278686523438,53218300,0.0,0.0,0.0
2004-10-22 00:00:00-04:00,75.72871568283881,75.76957851184005,74.82288486792655,74.91142272949219,48752400,0.0,0.0,0.0
2004-10-25 00:00:00-04:00,74.74796495659245,74.99996452229045,74.47553397673842,74.82288360595703,43990900,0.0,0.0,0.0
2004-10-26 00:00:00-04:00,75.00676125924623,76.00794198531456,74.8364925696751,75.96707916259766,54337400,0.0,0.0,0.0
2004-10-27 00:00:00-04:00,75.85814049341724,77.0295904616919,75.68106471398261,76.87975311279297,73896000,0.0,0.0,0.0
2004-10-28 00:00:00-04:00,76.81163820135173,77.34287587364585,76.61412582643905,77.11131286621094,54413300,0.0,0.0,0.0
2004-10-29 00:00:00-04:00,77.04320471749789,77.39736142587356,76.89336738835017,77.09768676757812,48820200,0.0,0.0,0.0
2004-11-01 00:00:00-05:00,77.34287326320892,77.53357342670476,77.09768585408862,77.30882263183594,36720900,0.0,0.0,0.0
2004-11-02 00:00:00-05:00,77.41779287295267,78.03076140324399,77.11131120590193,77.33606719970703,56210000,0.0,0.0,0.0
2004-11-03 00:00:00-05:00,78.34406345272612,78.5688194699914,77.80601353087455,78.31001281738281,76960200,0.0,0.0,0.0
2004-11-04 00:00:00-05:00,78.17378214503836,79.4610133883905,78.10567568908857,79.37928771972656,55350300,0.0,0.0,0.0
2004-11-05 00:00:00-05:00,79.71982052386423,80.12165222775218,79.33841503975572,79.87646484375,63287200,0.0,0.0,0.0
2004-11-08 00:00:00-05:00,79.67212804501133,79.8423967357249,79.49504715173657,79.76066589355469,33863800,0.0,0.0,0.0
2004-11-09 00:00:00-05:00,79.74024488248403,80.02629507310687,79.52230113779207,79.6040267944336,44658100,0.0,0.0,0.0
2004-11-10 00:00:00-05:00,79.72662322408638,80.06035365417348,79.52230387925012,79.66532897949219,45265400,0.0,0.0,0.0
2004-11-11 00:00:00-05:00,79.8083380860628,80.44855000319966,79.75385085988351,80.27146911621094,37863200,0.0,0.0,0.0
2004-11-12 00:00:00-05:00,80.34638800000612,81.04789415160896,80.1488757016403,80.90486907958984,55583700,0.0,0.0,0.0
2004-11-15 00:00:00-05:00,80.94653162002571,81.13096446226432,80.76209877778709,81.10364532470703,35297900,0.351,0.0,0.0
2004-11-16 00:00:00-05:00,80.8509125457553,80.88506929080299,80.42056570072744,80.52302551269531,40028700,0.0,0.0,0.0
2004-11-17 00:00:00-05:00,80.85775647552308,81.3837360278369,80.65282639916852,81.00120544433594,54494000,0.0,0.0,0.0
2004-11-18 00:00:00-05:00,80.96700947469598,81.15144749639258,80.76208470919353,81.11045837402344,31854300,0.0,0.0,0.0
2004-11-19 00:00:00-05:00,81.08317514564357,81.09683993055775,80.01755123222941,80.20881652832031,54276500,0.0,0.0,0.0
2004-11-22 00:00:00-05:00,80.0380527990606,80.68699465902888,79.94242013954343,80.59136199951172,37560200,0.0,0.0,0.0
2004-11-23 00:00:00-05:00,80.55716547653697,80.78258743908289,80.17463502730985,80.71427917480469,41968800,0.0,0.0,0.0
2004-11-24 00:00:00-05:00,80.78944116370995,81.00803080817768,80.63916501755382,80.90557098388672,29724800,0.0,0.0,0.0
2004-11-26 00:00:00-05:00,80.9533983951485,81.27445311947506,80.8099494099026,80.84410095214844,15487700,0.0,0.0,0.0
2004-11-29 00:00:00-05:00,81.14463806562333,81.29491939646232,80.24978768310224,80.47520446777344,61460800,0.0,0.0,0.0
2004-11-30 00:00:00-05:00,80.60502503287907,80.76896599742976,80.3591109802584,80.5298843383789,53685200,0.0,0.0,0.0
2004-12-01 00:00:00-05:00,80.71428860160907,81.62963091533216,80.67329946898573,81.44519805908203,49898300,0.0,0.0,0.0
2004-12-02 00:00:00-05:00,81.35640554552032,81.88239026982514,81.294929654195,81.51351928710938,60163500,0.0,0.0,0.0
2004-12-03 00:00:00-05:00,81.49986149454236,82.06683019503163,81.34958013184993,81.45887756347656,49067900,0.0,0.0,0.0
2004-12-06 00:00:00-05:00,81.4315414428711,81.72527173345316,81.17879507743474,81.4315414428711,33030500,0.0,0.0,0.0
2004-12-07 00:00:00-05:00,81.6228084978325,81.71161395304462,80.63232540012797,80.67330932617188,52047200,0.0,0.0,0.0
2004-12-08 00:00:00-05:00,80.74845036539992,81.16513765403307,80.611833803574,81.14464569091797,43895100,0.0,0.0,0.0
2004-12-09 00:00:00-05:00,80.70063191210936,81.60231474642839,80.42056640430097,81.4315414428711,60922800,0.0,0.0,0.0
2004-12-10 00:00:00-05:00,81.23344855128174,81.6706278171105,81.18563223194383,81.51351928710938,47828600,0.0,0.0,0.0
2004-12-13 00:00:00-05:00,81.80725068069718,82.24442995232833,81.52717994115234,82.22393798828125,38541000,0.0,0.0,0.0
2004-12-14 00:00:00-05:00,82.0941616253291,82.62697362143955,82.0941616253291,82.51084899902344,41500700,0.0,0.0,0.0
2004-12-15 00:00:00-05:00,82.44933155198946,82.72940221254865,82.18292567133325,82.5722885131836,46699200,0.0,0.0,0.0
2004-12-16 00:00:00-05:00,82.4630220918321,82.81822830647144,81.99851845017254,82.52449798583984,51641800,0.0,0.0,0.0
2004-12-17 00:00:00-05:00,81.9878146769458,82.33783946307143,81.78192174808967,81.97409057617188,70761900,0.568,0.0,0.0
2004-12-20 00:00:00-05:00,82.18682055794521,82.55743398880593,81.78875369855338,81.9946517944336,47187400,0.0,0.0,0.0
2004-12-21 00:00:00-05:00,82.08386708305589,82.68783200575488,81.98778270648211,82.62606048583984,33094200,0.0,0.0,0.0
2004-12-22 00:00:00-05:00,82.6191828192061,83.0996098626816,82.56428120995017,82.82508087158203,31500700,0.0,0.0,0.0
2004-12-23 00:00:00-05:00,82.95553043998885,83.23691901944855,82.81140381594247,82.88689422607422,25646100,0.0,0.0,0.0
2004-12-27 00:00:00-05:00,83.1819764040703,83.29179011018641,82.62605891642323,82.71527862548828,29944100,0.0,0.0,0.0
2004-12-28 00:00:00-05:00,82.79763004403307,83.2711924376179,82.77017662044211,83.16824340820312,23422900,0.0,0.0,0.0
2004-12-29 00:00:00-05:00,83.09964790055459,83.31927014672272,83.01042292678768,83.29181671142578,22650600,0.0,0.0,0.0
2004-12-30 00:00:00-05:00,83.31924334057936,83.4359164758988,83.07216773860547,83.1339340209961,21076900,0.0,0.0,0.0
2004-12-31 00:00:00-05:00,83.25061554209944,83.49769115342082,82.90745555262039,82.95549774169922,28648800,0.0,0.0,0.0
2005-01-03 00:00:00-05:00,83.42904457401842,83.56631169443457,82.28975627369327,82.56428527832031,55748000,0.0,0.0,0.0
2005-01-04 00:00:00-05:00,82.67410434796199,82.72901120317461,81.28774028918181,81.55540466308594,69167600,0.0,0.0,0.0
2005-01-05 00:00:00-05:00,81.49364070563226,81.84366539484233,80.98576533829262,80.99263000488281,65667300,0.0,0.0,0.0
2005-01-06 00:00:00-05:00,81.28776103415372,81.77504771705996,81.16422319650091,81.40443420410156,47814700,0.0,0.0,0.0
2005-01-07 00:00:00-05:00,81.65149904111061,81.82994372430201,81.07498746318707,81.28775024414062,55847700,0.0,0.0,0.0
2005-01-10 00:00:00-05:00,81.2191148618424,81.98779522803487,81.2191148618424,81.67208862304688,56563300,0.0,0.0,0.0
2005-01-11 00:00:00-05:00,81.42500528119987,81.49363623471733,80.97889622902724,81.10929870605469,63099700,0.0,0.0,0.0
2005-01-12 00:00:00-05:00,81.26031046851102,81.56228778749603,80.65634535812613,81.37698364257812,72720500,0.0,0.0,0.0
2005-01-13 00:00:00-05:00,81.42503520580851,81.48680675202023,80.64263052851362,80.72499084472656,55537500,0.0,0.0,0.0
2005-01-14 00:00:00-05:00,80.9651932899835,81.34953091907818,80.82106667907298,81.15049743652344,42032500,0.0,0.0,0.0
2005-01-18 00:00:00-05:00,81.02007864450691,82.0976008423737,80.95144245507612,81.9946517944336,57391700,0.0,0.0,0.0
2005-01-19 00:00:00-05:00,81.96721894151548,82.02898524406062,81.12990748785424,81.13677215576172,54378900,0.0,0.0,0.0
2005-01-20 00:00:00-05:00,80.91025774293243,81.12301524989108,80.49846682395845,80.64259338378906,72049300,0.0,0.0,0.0
2005-01-21 00:00:00-05:00,80.8416528502509,80.98577945653204,80.05924828117759,80.14846801757812,63160400,0.0,0.0,0.0
2005-01-24 00:00:00-05:00,80.36124711333262,80.53282720050214,79.86710086069975,79.99063873291016,58441900,0.0,0.0,0.0
2005-01-25 00:00:00-05:00,80.23768842357535,80.6220260184511,80.10728592408236,80.21709442138672,68245000,0.0,0.0,0.0
2005-01-26 00:00:00-05:00,80.51907983775595,80.71124864208024,80.32691103343167,80.45731353759766,57195100,0.0,0.0,0.0
2005-01-27 00:00:00-05:00,80.42985860770949,80.8141962092116,80.2857320071462,80.59457397460938,55878800,0.0,0.0,0.0
2005-01-28 00:00:00-05:00,80.63575150728258,80.67693427616288,80.03179167117823,80.59457397460938,60738900,0.0,0.0,0.0
2005-01-31 00:00:00-05:00,80.95141877043942,81.15731680607831,80.78670348365104,81.09555053710938,52532700,0.0,0.0,0.0
2005-02-01 00:00:00-05:00,81.15736246494559,81.72700947931747,81.05441338920734,81.61033630371094,49841200,0.0,0.0,0.0
2005-02-02 00:00:00-05:00,81.71325715702008,82.07700591759165,81.60344868034095,81.85738372802734,52468900,0.0,0.0,0.0
2005-02-03 00:00:00-05:00,81.71327665974852,81.78191286478635,81.37698124713371,81.64464569091797,48837100,0.0,0.0,0.0
2005-02-04 00:00:00-05:00,81.67208986326168,82.65352779123485,81.65836576553492,82.51626586914062,50024600,0.0,0.0,0.0
2005-02-07 00:00:00-05:00,82.52997854212926,82.71528263492525,82.3309451173004,82.40644073486328,45412000,0.0,0.0,0.0
2005-02-08 00:00:00-05:00,82.47506427480265,82.80450014330921,82.4064333294237,82.50251770019531,39263500,0.0,0.0,0.0
2005-02-09 00:00:00-05:00,82.64666527910092,82.69470747670717,81.84367201787929,81.88484954833984,55279400,0.0,0.0,0.0
2005-02-10 00:00:00-05:00,82.12506815745822,82.37213858360316,81.85053906193309,82.17996978759766,45858600,0.0,0.0,0.0
2005-02-11 00:00:00-05:00,82.15253176857622,83.07220362571097,81.98781637483864,82.88689422607422,53133000,0.0,0.0,0.0
2005-02-14 00:00:00-05:00,82.83194553631589,82.9486186557666,82.68781899413473,82.82508087158203,32432100,0.0,0.0,0.0
2005-02-15 00:00:00-05:00,82.90745241602477,83.33983210137625,82.82509213663157,83.1339340209961,43852700,0.0,0.0,0.0
2005-02-16 00:00:00-05:00,82.99666640823408,83.3604151204731,82.81822176660924,83.18883514404297,55523000,0.0,0.0,0.0
2005-02-17 00:00:00-05:00,83.20258595202517,83.2712169130723,82.5094012021739,82.51626586914062,58124000,0.0,0.0,0.0
2005-02-18 00:00:00-05:00,82.523111443452,82.68783200575488,82.2897651678316,82.62606048583984,47723300,0.0,0.0,0.0
2005-02-22 00:00:00-05:00,82.2897937406359,82.68099604857905,81.38385127823032,81.39757537841797,80697600,0.0,0.0,0.0
2005-02-23 00:00:00-05:00,81.62405758990568,82.063302077454,81.41130001393277,81.98094177246094,68292600,0.0,0.0,0.0
2005-02-24 00:00:00-05:00,81.83678948508562,82.57801628880048,81.65835006790682,82.52310943603516,68563600,0.0,0.0,0.0
2005-02-25 00:00:00-05:00,82.54370997987184,83.50455909560338,82.48194368884798,83.33984375,60899900,0.0,0.0,0.0
2005-02-28 00:00:00-05:00,83.14769143030188,83.25064050525661,82.3858756063273,82.79080200195312,69381300,0.0,0.0,0.0
2005-03-01 00:00:00-05:00,82.92116676377667,83.40158857991587,82.89371334053942,83.20256042480469,47294400,0.0,0.0,0.0
2005-03-02 00:00:00-05:00,82.88001894505149,83.68301222670506,82.80452331314831,83.16140747070312,64226500,0.0,0.0,0.0
2005-03-03 00:00:00-05:00,83.49767638263314,83.6623916823072,82.83880471152696,83.19569396972656,61230800,0.0,0.0,0.0
2005-03-04 00:00:00-05:00,83.76535026882031,84.300678981015,83.58690561935356,84.23204803466797,56168500,0.0,0.0,0.0
2005-03-07 00:00:00-05:00,84.18403465736863,84.5889610447306,84.005589946836,84.27325439453125,43442400,0.0,0.0,0.0
2005-03-08 00:00:00-05:00,84.190896399908,84.4173833191614,83.80655876932586,83.95755004882812,44362000,0.0,0.0,0.0
2005-03-09 00:00:00-05:00,83.71042870195332,83.93005083338021,83.01724422242911,83.02410888671875,73263600,0.0,0.0,0.0
2005-03-10 00:00:00-05:00,83.18197345432732,83.38787152789074,82.63292065183407,83.20942687988281,65149000,0.0,0.0,0.0
2005-03-11 00:00:00-05:00,83.2574735993835,83.53886729949659,82.46820982555684,82.62606048583984,57976500,0.0,0.0,0.0
2005-03-14 00:00:00-05:00,82.7770669229825,83.15454506901355,82.55058003536385,83.14081573486328,36336400,0.0,0.0,0.0
2005-03-15 00:00:00-05:00,83.33297949074218,83.36043292117802,82.41331313407055,82.4544906616211,62438500,0.0,0.0,0.0
2005-03-16 00:00:00-05:00,82.15250192821054,82.46821373615907,81.6034490697825,81.75444030761719,74874200,0.0,0.0,0.0
2005-03-17 00:00:00-05:00,81.88482558727826,82.17994335370436,81.65834399981125,81.91914367675781,62584200,0.0,0.0,0.0
2005-03-18 00:00:00-05:00,82.06865730278145,82.35804262406715,81.4072028869402,81.67591857910156,60232000,0.467,0.0,0.0
2005-03-21 00:00:00-05:00,81.79303396897659,81.84126484641514,81.13847130991444,81.37273406982422,61244300,0.0,0.0,0.0
2005-03-22 00:00:00-05:00,81.55880595777667,81.94465314167812,80.54595184326172,80.54595184326172,92472400,0.0,0.0,0.0
2005-03-23 00:00:00-05:00,80.58041526299193,81.11096050154067,80.44261417225896,80.6148681640625,70817300,0.0,0.0,0.0
2005-03-24 00:00:00-05:00,80.9318038388895,81.29698141061805,80.65619643824235,80.71131896972656,51932500,0.0,0.0,0.0
2005-03-28 00:00:00-05:00,80.9042605061511,81.26255178344238,80.8284683227539,80.8284683227539,46765500,0.0,0.0,0.0
2005-03-29 00:00:00-05:00,80.71134638857315,81.2350001020183,80.09812247361826,80.29104614257812,71160300,0.0,0.0,0.0
2005-03-30 00:00:00-05:00,80.46327133637106,81.44167259651266,80.4563797058704,81.42789459228516,62002100,0.0,0.0,0.0
2005-03-31 00:00:00-05:00,81.4347973937444,81.62082938859105,81.21431249844213,81.27632141113281,64575400,0.0,0.0,0.0
2005-04-01 00:00:00-05:00,81.73795745080831,81.98600360483731,80.55285447317172,80.91114044189453,95255300,0.0,0.0,0.0
2005-04-04 00:00:00-04:00,80.86290296451017,81.20741089968385,80.43571123245619,81.04893493652344,71581200,0.0,0.0,0.0
2005-04-05 00:00:00-04:00,81.1523001233221,81.56570865405789,81.0765079460635,81.43479919433594,46853900,0.0,0.0,0.0
2005-04-06 00:00:00-04:00,81.61394695879399,81.95845497509413,81.42791494297298,81.71730041503906,53268200,0.0,0.0,0.0
2005-04-07 00:00:00-04:00,81.58633943294255,82.17200163953294,81.5243252956388,82.15821838378906,46734600,0.0,0.0,0.0
2005-04-08 00:00:00-04:00,82.11003385621845,82.13759512649365,81.30388641357422,81.30388641357422,63772900,0.0,0.0,0.0
2005-04-11 00:00:00-04:00,81.5036509922349,81.5932211223433,81.18670446634569,81.3658447265625,44945000,0.0,0.0,0.0
2005-04-12 00:00:00-04:00,81.22805470533808,82.03420175567543,80.66306208158386,81.7861557006836,86144800,0.0,0.0,0.0
2005-04-13 00:00:00-04:00,81.68969679870528,81.85506434568846,80.70440417254667,80.82154083251953,65949000,0.0,0.0,0.0
2005-04-14 00:00:00-04:00,80.89044051754068,80.95934103302282,79.76734161376953,79.76734161376953,96119800,0.0,0.0,0.0
2005-04-15 00:00:00-04:00,79.74669388414475,80.06364054781763,78.61670829825925,78.65116119384766,128677300,0.0,0.0,0.0
2005-04-18 00:00:00-04:00,78.63047176985606,79.2092424213076,78.52022673713815,78.89229583740234,100035200,0.0,0.0,0.0
2005-04-19 00:00:00-04:00,79.30571154107935,79.60198852298143,79.11967960210501,79.5193099975586,64930100,0.0,0.0,0.0
2005-04-20 00:00:00-04:00,79.49865241514551,79.6709063896376,78.23775731701183,78.4100112915039,107735900,0.0,0.0,0.0
2005-04-21 00:00:00-04:00,79.09210878814854,80.07050977047663,78.80960984234787,79.93270874023438,86952200,0.0,0.0,0.0
2005-04-22 00:00:00-04:00,79.74669381198619,80.27034733516807,78.73383966117966,79.62956237792969,88845800,0.0,0.0,0.0
2005-04-25 00:00:00-04:00,79.82936761825145,80.27033729098194,79.73290583088998,80.15320587158203,52284100,0.0,0.0,0.0
2005-04-26 00:00:00-04:00,79.89826433356288,80.45636539907703,79.34016326804873,79.3746109008789,72626000,0.0,0.0,0.0
2005-04-27 00:00:00-04:00,79.1403767512248,79.9740854653546,78.85099129807725,79.68470001220703,84131900,0.0,0.0,0.0
2005-04-28 00:00:00-04:00,79.42283925709332,79.70533822385711,78.68559265136719,78.68559265136719,72481500,0.0,0.0,0.0
2005-04-29 00:00:00-04:00,79.28504723566483,79.83626197378521,78.52713091332932,79.75357818603516,103993800,0.0,0.0,0.0
2005-05-02 00:00:00-04:00,79.97403200071783,80.20830001339576,79.59507135819675,80.20140838623047,56026400,0.0,0.0,0.0
2005-05-03 00:00:00-04:00,79.97407868525964,80.51151026890663,79.7122545246244,80.3392562866211,86000300,0.0,0.0,0.0
2005-05-04 00:00:00-04:00,80.37368825007468,81.13160452335438,80.1187505302594,80.9593505859375,81055700,0.0,0.0,0.0
2005-05-05 00:00:00-04:00,81.07649353949334,81.30387003086638,80.43570859084352,80.93180084228516,96906700,0.0,0.0,0.0
2005-05-06 00:00:00-04:00,81.25564836479016,81.29698763818305,80.65620261672152,80.67687225341797,67415400,0.0,0.0,0.0
2005-05-09 00:00:00-04:00,80.75954003586108,81.3589856650114,80.64930024309133,81.17984008789062,43750500,0.0,0.0,0.0
2005-05-10 00:00:00-04:00,80.86290986466595,80.95937167420391,80.19456357231417,80.3392562866211,74613500,0.0,0.0,0.0
2005-05-11 00:00:00-04:00,80.56665722869917,80.89049565465172,79.82251853801365,80.7802505493164,91647400,0.0,0.0,0.0
2005-05-12 00:00:00-04:00,80.83533385325589,81.02136580721348,79.8913803100586,79.8913803100586,95086800,0.0,0.0,0.0
2005-05-13 00:00:00-04:00,80.13255592185067,80.35304081237183,79.09903201188754,79.73292541503906,85267000,0.0,0.0,0.0
2005-05-16 00:00:00-04:00,79.71912160778922,80.50459915639144,79.69156560325325,80.47704315185547,49207000,0.0,0.0,0.0
2005-05-17 00:00:00-04:00,80.20832579739415,81.09715148690206,80.03607186028793,81.01447296142578,61071800,0.0,0.0,0.0
2005-05-18 00:00:00-04:00,81.36587607708397,82.04800552725293,81.31075880634968,81.84819030761719,77944900,0.0,0.0,0.0
2005-05-19 00:00:00-04:00,82.00667363167089,82.2753946804593,81.78618874446002,82.19271087646484,61768100,0.0,0.0,0.0
2005-05-20 00:00:00-04:00,82.22714822268011,82.26160111755732,81.81373976802213,82.07556915283203,46345500,0.0,0.0,0.0
2005-05-23 00:00:00-04:00,82.13757278921206,82.70945716415551,82.12379478620878,82.53031158447266,51047900,0.0,0.0,0.0
2005-05-24 00:00:00-04:00,82.2960630707661,82.56477885871003,82.13069546528192,82.33740234375,50654100,0.0,0.0,0.0
2005-05-25 00:00:00-04:00,82.23403847109286,82.59232964740953,81.87575255154981,82.27538299560547,47608800,0.0,0.0,0.0
2005-05-26 00:00:00-04:00,82.53720116548685,82.82658653233246,82.4200697441598,82.71634674072266,43256200,0.0,0.0,0.0
2005-05-27 00:00:00-04:00,82.72321133027454,82.8541259765625,82.54407105898474,82.8541259765625,24596100,0.0,0.0,0.0
2005-05-31 00:00:00-04:00,82.73701681855317,82.79902571602256,82.26848587394922,82.3236083984375,43377200,0.0,0.0,0.0
2005-06-01 00:00:00-04:00,82.35115995847994,83.31578305786034,82.30292906634958,83.02639770507812,69611000,0.0,0.0,0.0
2005-06-02 00:00:00-04:00,82.8403584154056,83.26065314852097,82.75078301170235,83.20553588867188,39704500,0.0,0.0,0.0
2005-06-03 00:00:00-04:00,83.06086282349456,83.29512568925242,82.49587003674316,82.7852554321289,60999400,0.0,0.0,0.0
2005-06-06 00:00:00-04:00,82.64748136020852,82.81973538993532,82.37187911806629,82.7094955444336,36046400,0.0,0.0,0.0
2005-06-07 00:00:00-04:00,82.95064528613088,83.54319953429763,82.68882106868938,82.77149963378906,66501300,0.0,0.0,0.0
2005-06-08 00:00:00-04:00,82.97817421390678,83.08841400999167,82.45452072637654,82.61988830566406,46881200,0.0,0.0,0.0
2005-06-09 00:00:00-04:00,82.50275116645983,83.08152717721785,82.29604957865395,83.01262664794922,56653300,0.0,0.0,0.0
2005-06-10 00:00:00-04:00,83.06772531549342,83.12973945768941,82.40627092044548,82.8196792602539,36465300,0.0,0.0,0.0
2005-06-13 00:00:00-04:00,82.64056560058616,83.42604327631736,82.55099017264075,83.08153533935547,49383200,0.0,0.0,0.0
2005-06-14 00:00:00-04:00,82.99197601129309,83.50873801698427,82.94374510103292,83.27447509765625,33857100,0.0,0.0,0.0
2005-06-15 00:00:00-04:00,83.4811432491352,83.53626050900684,82.84035844927143,83.43290710449219,53195600,0.0,0.0,0.0
2005-06-16 00:00:00-04:00,83.4122620150934,83.81189249317724,83.31580021097305,83.64653015136719,46564500,0.0,0.0,0.0
2005-06-17 00:00:00-04:00,84.08096739758896,84.33001461952473,83.85959267564493,83.9564437866211,51529400,0.488,0.0,0.0
2005-06-20 00:00:00-04:00,83.76274848973432,84.28851019907508,83.66589737075101,83.98412322998047,41019400,0.0,0.0,0.0
2005-06-21 00:00:00-04:00,84.05332294767594,84.15709353777753,83.72817756175361,84.0325698852539,39879800,0.0,0.0,0.0
2005-06-22 00:00:00-04:00,84.17782841111155,84.35769704322232,83.75583197307684,84.10173034667969,46310100,0.0,0.0,0.0
2005-06-23 00:00:00-04:00,83.92877714690498,84.12247938238244,82.89800152069128,82.91875457763672,62185600,0.0,0.0,0.0
2005-06-24 00:00:00-04:00,82.93257979834185,83.02251673999218,82.21311065508692,82.30996704101562,58572500,0.0,0.0,0.0
2005-06-27 00:00:00-04:00,82.30305816405797,82.60745041551476,82.15086203832958,82.42758178710938,48183800,0.0,0.0,0.0
2005-06-28 00:00:00-04:00,82.60054475869356,83.18165157794292,82.57979169771909,83.11939239501953,41174200,0.0,0.0,0.0
2005-06-29 00:00:00-04:00,83.27157348847396,83.29232654569573,82.84957706499755,82.89800262451172,42316500,0.0,0.0,0.0
2005-06-30 00:00:00-04:00,83.16781066219947,83.2369892853717,82.2892257861412,82.4483413696289,62288800,0.0,0.0,0.0
2005-07-01 00:00:00-04:00,82.63510757706939,82.87724062650912,82.46907785921636,82.6904525756836,49737500,0.0,0.0,0.0
2005-07-05 00:00:00-04:00,82.49673464884302,83.46525082820072,82.45522854678106,83.35456085205078,51549000,0.0,0.0,0.0
2005-07-06 00:00:00-04:00,83.28540075600034,83.46526936820364,82.60744297444829,82.65586853027344,52363600,0.0,0.0,0.0
2005-07-07 00:00:00-04:00,81.8326081105089,82.98098754882812,81.81185506011585,82.98098754882812,103268800,0.0,0.0,0.0
2005-07-08 00:00:00-04:00,82.99484752175817,83.92877197265625,82.82189835388854,83.92877197265625,64491200,0.0,0.0,0.0
2005-07-11 00:00:00-04:00,83.93569250649101,84.46837362812691,83.92185361720759,84.3576889038086,49688300,0.0,0.0,0.0
2005-07-12 00:00:00-04:00,84.39228296914987,84.8350324612157,84.15015516536236,84.57907104492188,51871100,0.0,0.0,0.0
2005-07-13 00:00:00-04:00,84.58597290692322,84.75892206703863,84.3922706920723,84.69666290283203,41182300,0.0,0.0,0.0
2005-07-14 00:00:00-04:00,85.07714258870764,85.39536837039647,84.73815847687464,85.02871704101562,63638800,0.0,0.0,0.0
2005-07-15 00:00:00-04:00,84.9457218627025,85.11867104673489,84.6482490550472,84.98030853271484,56075900,0.0,0.0,0.0
2005-07-18 00:00:00-04:00,84.74509746699732,84.83502913974303,84.43379105688602,84.64132690429688,56598400,0.0,0.0,0.0
2005-07-19 00:00:00-04:00,84.89039542289763,85.16711523346699,84.68285952346415,85.10485076904297,59165700,0.0,0.0,0.0
2005-07-20 00:00:00-04:00,84.80733917517384,85.59599212251204,84.60672281404922,85.39537048339844,69477000,0.0,0.0,0.0
2005-07-21 00:00:00-04:00,85.4715009887951,85.5130071098959,84.72435914103471,84.89730834960938,101110900,0.0,0.0,0.0
2005-07-22 00:00:00-04:00,85.00796553697162,85.47838744289257,84.83501638447112,85.46455383300781,52607100,0.0,0.0,0.0
2005-07-25 00:00:00-04:00,85.3746387551913,85.74820435251549,84.98722898931499,85.22244262695312,57301600,0.0,0.0,0.0
2005-07-26 00:00:00-04:00,85.25013247914745,85.45766837789714,85.05642491779317,85.32622528076172,42758800,0.0,0.0,0.0
2005-07-27 00:00:00-04:00,85.43690575821137,85.70670609099804,85.12559930591623,85.63752746582031,43181600,0.0,0.0,0.0
2005-07-28 00:00:00-04:00,85.75511997654688,86.22554195287087,85.533745239335,86.17711639404297,47880700,0.0,0.0,0.0
2005-07-29 00:00:00-04:00,86.06643599428082,86.2186268454035,85.43689841985704,85.6029281616211,62358100,0.0,0.0,0.0
2005-08-01 00:00:00-04:00,85.6652035733926,85.8104802757714,85.40231739747676,85.54067993164062,40418200,0.0,0.0,0.0
2005-08-02 00:00:00-04:00,85.69286505931932,86.1978737295933,85.6029281041818,86.05259704589844,45147400,0.0,0.0,0.0
2005-08-03 00:00:00-04:00,85.95573850115922,86.29471740050973,85.86580683177762,86.2808837890625,36837200,0.0,0.0,0.0
2005-08-04 00:00:00-04:00,85.94192155593802,85.99726129044849,85.48533311978815,85.58910369873047,50855600,0.0,0.0,0.0
2005-08-05 00:00:00-04:00,85.40229660717384,85.76895327495605,84.86269605027246,85.00797271728516,53595500,0.0,0.0,0.0
2005-08-08 00:00:00-04:00,85.1947370440266,85.37460560555792,84.66205080202683,84.84883880615234,47616000,0.0,0.0,0.0
2005-08-09 00:00:00-04:00,85.1325074995201,85.49915893742333,85.00106970430353,85.36080169677734,47170000,0.0,0.0,0.0
2005-08-10 00:00:00-04:00,85.65827673348514,86.12869875305519,84.96647995635217,85.31929779052734,72863700,0.0,0.0,0.0
2005-08-11 00:00:00-04:00,85.27777387738708,85.8035408286709,85.0979105418869,85.65826416015625,58570200,0.0,0.0,0.0
2005-08-12 00:00:00-04:00,85.48530982650041,85.5683273226316,84.91803679791093,85.13249206542969,54776900,0.0,0.0,0.0
2005-08-15 00:00:00-04:00,85.24318721040156,85.69285610513155,84.9733869291615,85.65826416015625,36208500,0.0,0.0,0.0
2005-08-16 00:00:00-04:00,85.39537627437632,85.45071599258299,84.46144661703413,84.54446411132812,71942100,0.0,0.0,0.0
2005-08-17 00:00:00-04:00,84.53063771326042,85.00105966508323,84.41994771142456,84.53755187988281,62275100,0.0,0.0,0.0
2005-08-18 00:00:00-04:00,84.43379615426193,84.78660869955714,84.28851419091639,84.53064727783203,53388600,0.0,0.0,0.0
2005-08-19 00:00:00-04:00,84.83500415509798,84.96644718100679,84.53753144455966,84.72431945800781,39842100,0.0,0.0,0.0
2005-08-22 00:00:00-04:00,84.80041749637728,85.25008628365453,84.31615677239081,84.72431945800781,69912000,0.0,0.0,0.0
2005-08-23 00:00:00-04:00,84.74511524324218,84.82121331998562,83.81119053901693,84.56524658203125,55168600,0.0,0.0,0.0
2005-08-24 00:00:00-04:00,84.3576925196968,84.90421255404202,83.76966109371178,83.81117248535156,79104600,0.0,0.0,0.0
2005-08-25 00:00:00-04:00,83.9494946287966,84.17086927238665,83.85264355210019,84.11552429199219,35631100,0.0,0.0,0.0
2005-08-26 00:00:00-04:00,84.03946101943653,84.0463751859202,83.48602157734094,83.54136657714844,61956800,0.0,0.0,0.0
2005-08-29 00:00:00-04:00,83.29923926923544,84.24699732582121,83.27848093569855,84.18473815917969,56179200,0.0,0.0,0.0
2005-08-30 00:00:00-04:00,83.88035400074598,83.9149459486434,83.28540838724375,83.74199676513672,74160200,0.0,0.0,0.0
2005-08-31 00:00:00-04:00,83.8388485114056,84.8557905624935,83.52753681197589,84.80044555664062,102945200,0.0,0.0,0.0
2005-09-01 00:00:00-04:00,84.75891986327797,85.19475511335018,83.80424242433914,84.73816680908203,74578700,0.0,0.0,0.0
2005-09-02 00:00:00-04:00,84.98721131257017,85.0079643661061,84.42685775514317,84.58596801757812,47653400,0.0,0.0,0.0
2005-09-06 00:00:00-04:00,84.85579236821981,85.6444402454397,84.8488729228434,85.57525634765625,57251300,0.0,0.0,0.0
2005-09-07 00:00:00-04:00,85.52680492410354,85.87270319646535,85.40920077821784,85.72051239013672,41749700,0.0,0.0,0.0
2005-09-08 00:00:00-04:00,85.54758728952203,85.78279564737791,85.30545420844771,85.43689727783203,39068700,0.0,0.0,0.0
2005-09-09 00:00:00-04:00,85.66517204238862,86.29470418764987,85.64441898940042,86.1978530883789,43093900,0.0,0.0,0.0
2005-09-12 00:00:00-04:00,86.09406567402803,86.24626173676846,85.96954210251205,86.02488708496094,33017600,0.0,0.0,0.0
2005-09-13 00:00:00-04:00,85.87274753225319,86.07336926716195,85.4507509998574,85.547607421875,58427500,0.0,0.0,0.0
2005-09-14 00:00:00-04:00,85.60294912937138,85.72747278569305,85.10485450408464,85.23629760742188,57694600,0.0,0.0,0.0
2005-09-15 00:00:00-04:00,85.49912716732415,85.54063854648531,85.02179116987257,85.19474029541016,73156900,0.0,0.0,0.0
2005-09-16 00:00:00-04:00,85.6616366935596,85.96731937645278,85.36289760995531,85.80058288574219,75424100,0.522,0.0,0.0
2005-09-19 00:00:00-04:00,85.77970637165795,85.83528694596117,85.20306983928647,85.51570129394531,53355300,0.0,0.0,0.0
2005-09-20 00:00:00-04:00,85.59216917731636,85.8770157980945,84.66816681097563,84.79322052001953,84480300,0.0,0.0,0.0
2005-09-21 00:00:00-04:00,84.61255306061325,84.66813364296137,83.91086278472265,84.00118255615234,94469100,0.0,0.0,0.0
2005-09-22 00:00:00-04:00,84.0289628009496,84.52223381585918,83.67464853451813,84.29991149902344,84597200,0.0,0.0,0.0
2005-09-23 00:00:00-04:00,84.230440942844,84.68202388661658,83.99423142482951,84.36939239501953,59368100,0.0,0.0,0.0
2005-09-26 00:00:00-04:00,84.77237278148947,84.92521679072496,84.11931924265338,84.46669006347656,70415400,0.0,0.0,0.0
2005-09-27 00:00:00-04:00,84.42499985650258,84.75152926801142,84.07762904433707,84.44584655761719,66150800,0.0,0.0,0.0
2005-09-28 00:00:00-04:00,84.70983961410752,84.84184220819863,84.20267593717132,84.52920532226562,58620500,0.0,0.0,0.0
2005-09-29 00:00:00-04:00,84.44583174746084,85.35594141957237,84.11930239321889,85.21699523925781,66607700,0.0,0.0,0.0
2005-09-30 00:00:00-04:00,85.18918981232476,85.4809799194336,84.57781400643263,85.4809799194336,47824200,0.0,0.0,0.0
2005-10-03 00:00:00-04:00,85.42541559565024,85.68941546178667,85.07109594074988,85.17530822753906,50994800,0.0,0.0,0.0
2005-10-04 00:00:00-04:00,85.30730424051255,85.47404070625902,84.17487757244709,84.21656036376953,60776300,0.0,0.0,0.0
2005-10-05 00:00:00-04:00,84.23741408161902,84.2790968790388,83.07024804974819,83.11193084716797,106052100,0.0,0.0,0.0
2005-10-06 00:00:00-04:00,83.21615333021721,83.5496316517791,82.09761885853447,82.81320190429688,140941800,0.0,0.0,0.0
2005-10-07 00:00:00-04:00,83.16056191538337,83.40372569971294,82.76455944151802,83.09803771972656,75661400,0.0,0.0,0.0
2005-10-10 00:00:00-04:00,83.14667689339119,83.1675182938176,82.18793537057094,82.39635467529297,52677000,0.0,0.0,0.0
2005-10-11 00:00:00-04:00,82.66728993458446,82.94518759579768,82.20181439981509,82.27823638916016,75629800,0.0,0.0,0.0
2005-10-12 00:00:00-04:00,82.25044536245987,82.76455258584106,81.56960166401448,81.63212585449219,100510400,0.0,0.0,0.0
2005-10-13 00:00:00-04:00,81.60433749106944,82.03507913734755,81.20138614136965,81.58349609375,99052900,0.0,0.0,0.0
2005-10-14 00:00:00-04:00,82.06286454807258,82.54223255925076,81.67380571959714,82.4449691772461,88651000,0.0,0.0,0.0
2005-10-17 00:00:00-04:00,82.53532601811696,82.861850204048,82.29216215347121,82.75069427490234,68109300,0.0,0.0,0.0
2005-10-18 00:00:00-04:00,82.63255112678105,82.64644362381007,81.84054628470926,81.85443878173828,74996900,0.0,0.0,0.0
2005-10-19 00:00:00-04:00,81.632123401031,83.23003091544666,81.36812354840913,83.21613311767578,116563800,0.0,0.0,0.0
2005-10-20 00:00:00-04:00,83.01466591394558,83.23698299682546,81.49318553129716,81.75023651123047,131966700,0.0,0.0,0.0
2005-10-21 00:00:00-04:00,82.18098542021437,82.5214073238978,81.63908781422012,82.06982421875,96579500,0.0,0.0,0.0
2005-10-24 00:00:00-04:00,82.28515921776778,83.43147809383947,82.26431782735999,83.3411636352539,71308400,0.0,0.0,0.0
2005-10-25 00:00:00-04:00,83.1744613647461,83.53572464788616,82.63256378980722,83.1744613647461,76594500,0.0,0.0,0.0
2005-10-26 00:00:00-04:00,83.02857596787227,83.74415901837027,82.80625885217913,82.93131256103516,80855800,0.0,0.0,0.0
2005-10-27 00:00:00-04:00,82.8131568994646,82.93126694319093,81.93083782264685,82.04894256591797,66623100,0.0,0.0,0.0
2005-10-28 00:00:00-04:00,82.2782511950193,83.33425613710776,82.048985185728,83.23004913330078,72322000,0.0,0.0,0.0
2005-10-31 00:00:00-05:00,83.5704812866513,84.27217190085788,83.45932006835938,83.45932006835938,77698900,0.0,0.0,0.0
2005-11-01 00:00:00-05:00,83.77191057925535,83.99422759213583,83.52180327720784,83.70938110351562,66365100,0.0,0.0,0.0
2005-11-02 00:00:00-05:00,83.48709251761944,84.58478546142578,83.45930221898995,84.58478546142578,74012300,0.0,0.0,0.0
2005-11-03 00:00:00-05:00,84.86266408637957,85.21698368875053,84.5847664629603,84.94602966308594,84897600,0.0,0.0,0.0
2005-11-04 00:00:00-05:00,85.03637560881643,85.0780584099977,84.44584629009742,84.83489990234375,59156000,0.0,0.0,0.0
2005-11-07 00:00:00-05:00,85.01552969428406,85.18921509059467,84.65426110170169,84.91826629638672,46765400,0.0,0.0,0.0
2005-11-08 00:00:00-05:00,84.70984170063093,85.05026359327158,84.6125783027336,84.91826629638672,42152800,0.0,0.0,0.0
2005-11-09 00:00:00-05:00,84.81406597840233,85.41848785064428,84.6612219599867,85.02943420410156,57666800,0.0,0.0,0.0
2005-11-10 00:00:00-05:00,84.9946961732449,85.81449158296317,84.584801118615,85.68943786621094,79048100,0.0,0.0,0.0
2005-11-11 00:00:00-05:00,85.69636224444493,86.03678409245498,85.05720134192813,85.98120880126953,34867000,0.0,0.0,0.0
2005-11-14 00:00:00-05:00,86.00205213141368,86.16183971040655,85.7172055681855,85.93257904052734,45092200,0.0,0.0,0.0
2005-11-15 00:00:00-05:00,85.8353151825868,86.21047093140757,85.3559418473223,85.61994171142578,69592500,0.0,0.0,0.0
2005-11-16 00:00:00-05:00,85.7102821575966,85.83533587082995,85.4393333290007,85.79364776611328,51133000,0.0,0.0,0.0
2005-11-17 00:00:00-05:00,85.9256541908174,86.59955449199099,85.55049303447977,86.59260559082031,55717500,0.0,0.0,0.0
2005-11-18 00:00:00-05:00,86.88435934098095,87.03720329978616,86.37720107817059,86.93299102783203,72437200,0.0,0.0,0.0
2005-11-21 00:00:00-05:00,86.94691944540942,87.47492458892918,86.82881463581342,87.37071228027344,50021200,0.0,0.0,0.0
2005-11-22 00:00:00-05:00,87.23175986033199,87.89871120814306,87.13449645338818,87.7458724975586,66438800,0.0,0.0,0.0
2005-11-23 00:00:00-05:00,87.71111607838908,88.51701877825943,87.68332578179454,88.25301361083984,50854700,0.0,0.0,0.0
2005-11-25 00:00:00-05:00,88.21827989057638,88.38501637001754,88.10016980470083,88.3224868774414,15270000,0.0,0.0,0.0
2005-11-28 00:00:00-05:00,88.40584613899641,88.41973863526536,87.56520965262928,87.69721221923828,54498500,0.0,0.0,0.0
2005-11-29 00:00:00-05:00,87.98905751954935,88.21832360517426,87.5999984741211,87.5999984741211,51738900,0.0,0.0,0.0
2005-11-30 00:00:00-05:00,87.64861977748951,87.89872192551239,87.044192560249,87.1275634765625,56007200,0.0,0.0,0.0
2005-12-01 00:00:00-05:00,87.55134946231074,88.25304008556358,87.52356445783818,88.01683044433594,65468200,0.0,0.0,0.0
2005-12-02 00:00:00-05:00,88.07240248546175,88.28777601557202,87.88482455970995,88.12798309326172,46699400,0.0,0.0,0.0
2005-12-05 00:00:00-05:00,88.02378768535885,88.04463439263172,87.66252426618865,87.94042205810547,59273400,0.0,0.0,0.0
2005-12-06 00:00:00-05:00,88.2669172194358,88.74628529098844,87.97512173621458,88.10712432861328,57935200,0.0,0.0,0.0
2005-12-07 00:00:00-05:00,88.07237031022365,88.14184869482052,87.31510468231815,87.59300231933594,66816500,0.0,0.0,0.0
2005-12-08 00:00:00-05:00,87.69026614634122,88.10710995377454,87.17615896052199,87.53742218017578,62608600,0.0,0.0,0.0
2005-12-09 00:00:00-05:00,87.64857309658025,88.07930935031304,87.41235827639417,87.76667785644531,50744500,0.0,0.0,0.0
2005-12-12 00:00:00-05:00,88.03068613617367,88.13489841097442,87.50963006262643,87.85005187988281,48389900,0.0,0.0,0.0
2005-12-13 00:00:00-05:00,87.82921318489517,88.71848139634565,87.7388987042017,88.4475326538086,88630900,0.0,0.0,0.0
2005-12-14 00:00:00-05:00,88.3641854768688,88.98944867421508,88.32944627681279,88.794921875,64375000,0.0,0.0,0.0
2005-12-15 00:00:00-05:00,88.81571114419884,88.92687227876553,88.35718471524787,88.5378189086914,55900300,0.0,0.0,0.0
2005-12-16 00:00:00-05:00,88.89542522278904,88.95130043380739,88.25287628173828,88.25287628173828,46238300,0.672,0.0,0.0
2005-12-19 00:00:00-05:00,88.5113077691174,88.60908673807837,87.78494590786863,87.79891204833984,48733000,0.0,0.0,0.0
2005-12-20 00:00:00-05:00,87.9037186085933,88.41356557115394,87.63831918483272,87.88276672363281,46603200,0.0,0.0,0.0
2005-12-21 00:00:00-05:00,88.1551174855086,88.53226725329664,87.86178055341388,88.02241516113281,51806900,0.0,0.0,0.0
2005-12-22 00:00:00-05:00,88.21798612023014,88.48339080810547,88.05735148883177,88.48339080810547,32247900,0.0,0.0,0.0
2005-12-23 00:00:00-05:00,88.54623085074293,88.60210607293301,88.29479767944207,88.53226470947266,27977300,0.0,0.0,0.0
2005-12-27 00:00:00-05:00,88.6719603636475,88.73482132991428,87.56844854301055,87.63130950927734,44499500,0.0,0.0,0.0
2005-12-28 00:00:00-05:00,87.81989567165326,87.99450179771428,87.6522752826304,87.8268814086914,30764300,0.0,0.0,0.0
2005-12-29 00:00:00-05:00,87.80590928862277,87.97352963901248,87.34494666435745,87.43574523925781,32788900,0.0,0.0,0.0
2005-12-30 00:00:00-05:00,87.163351479069,87.3449379536508,86.85604309353926,86.96080780029297,44645600,0.0,0.0,0.0
2006-01-03 00:00:00-05:00,87.43576974552529,88.6999164560203,86.87702798288372,88.49038696289062,73256700,0.0,0.0,0.0
2006-01-04 00:00:00-05:00,88.60213060832434,89.0421361156684,88.49038013299864,88.90943908691406,51899600,0.0,0.0,0.0
2006-01-05 00:00:00-05:00,88.80466687959616,89.11197000378446,88.61608930048318,88.96530151367188,47307500,0.0,0.0,0.0
2006-01-06 00:00:00-05:00,89.41230569488552,89.80342170196523,88.95134297635073,89.70564270019531,62885900,0.0,0.0,0.0
2006-01-09 00:00:00-05:00,89.69166626014471,90.13865748021564,89.66373397137647,89.93611907958984,43527400,0.0,0.0,0.0
2006-01-10 00:00:00-05:00,89.67069343788282,90.08276120792698,89.57989487064607,90.02688598632812,44960800,0.0,0.0,0.0
2006-01-11 00:00:00-05:00,90.11068647886744,90.40402334191393,89.90813750814766,90.31322479248047,49598900,0.0,0.0,0.0
2006-01-12 00:00:00-05:00,90.15260444834509,90.29228716844106,89.70561334977295,89.95704650878906,40509200,0.0,0.0,0.0
2006-01-13 00:00:00-05:00,89.79642116443895,90.02689181493095,89.53799691567448,89.87323760986328,44856700,0.0,0.0,0.0
2006-01-17 00:00:00-05:00,89.53803134802226,89.69168561217855,89.2656461810386,89.62882995605469,52066600,0.0,0.0,0.0
2006-01-18 00:00:00-05:00,89.10499314837318,90.026907886247,88.81165615645371,89.27261352539062,75067600,0.0,0.0,0.0
2006-01-19 00:00:00-05:00,89.48912636346196,89.93611757606021,89.26562542860727,89.61483764648438,81530400,0.0,0.0,0.0
2006-01-20 00:00:00-05:00,89.593911885134,89.6148637717458,87.98055267333984,87.98055267333984,114957800,0.0,0.0,0.0
2006-01-23 00:00:00-05:00,88.14813133932412,88.57417059380782,88.09225611578914,88.2947998046875,67017400,0.0,0.0,0.0
2006-01-24 00:00:00-05:00,88.44148239169422,88.80466607410735,88.29481390291197,88.38561248779297,53008800,0.0,0.0,0.0
2006-01-25 00:00:00-05:00,88.727816897879,88.82559586608603,87.88970460510623,88.46241760253906,87747700,0.0,0.0,0.0
2006-01-26 00:00:00-05:00,88.87452785034502,89.16786489524108,88.53230129796627,88.95135498046875,71294000,0.0,0.0,0.0
2006-01-27 00:00:00-05:00,89.16086827620117,89.8592927295812,89.01419445186234,89.77547454833984,65771200,0.0,0.0,0.0
2006-01-30 00:00:00-05:00,89.70564270019531,89.96405634977756,89.6427870541529,89.70564270019531,33709600,0.0,0.0,0.0
2006-01-31 00:00:00-05:00,89.62180049684557,89.77544401979951,89.0421017902602,89.04908752441406,72937000,0.0,0.0,0.0
2006-02-01 00:00:00-05:00,89.27263639247774,89.69867051640949,89.20279499487698,89.67073822021484,63561000,0.0,0.0,0.0
2006-02-02 00:00:00-05:00,89.4681630723265,89.49609535706533,88.56020929022284,88.63005065917969,83626900,0.0,0.0,0.0
2006-02-03 00:00:00-05:00,88.40655576093076,89.6707021329978,88.09924734089262,88.1900405883789,86040400,0.0,0.0,0.0
2006-02-06 00:00:00-05:00,88.30878708803726,88.56022031041348,88.12020950697732,88.4205322265625,45511900,0.0,0.0,0.0
2006-02-07 00:00:00-05:00,88.26686806189582,88.46243135727151,87.58241517802324,87.63829040527344,71208100,0.0,0.0,0.0
2006-02-08 00:00:00-05:00,87.8967194455679,89.46817984881889,87.72211332615734,88.43450927734375,59422200,0.0,0.0,0.0
2006-02-09 00:00:00-05:00,88.64402678785417,89.11895561024129,88.2598965510394,88.28783416748047,62023300,0.0,0.0,0.0
2006-02-10 00:00:00-05:00,88.30175687521692,88.79065160105634,87.61729893048889,88.44842529296875,64508700,0.0,0.0,0.0
2006-02-13 00:00:00-05:00,88.42053118488116,88.55323353083733,87.96655424268597,88.28783416748047,52308700,0.0,0.0,0.0
2006-02-14 00:00:00-05:00,88.32273351938241,89.41925942224,88.14812744995571,89.22370147705078,90964400,0.0,0.0,0.0
2006-02-15 00:00:00-05:00,89.17484648202903,89.62184309492191,88.86753797583904,89.53802490234375,85471300,0.0,0.0,0.0
2006-02-16 00:00:00-05:00,89.63576023995927,90.24339654736572,89.52400980904457,90.2084732055664,61017900,0.0,0.0,0.0
2006-02-17 00:00:00-05:00,90.13167599490838,90.2085031094918,89.80341565597111,89.96405029296875,40342600,0.0,0.0,0.0
2006-02-21 00:00:00-05:00,90.17356686020376,90.37610522944308,89.60085378664836,89.74054718017578,46456300,0.0,0.0,0.0
2006-02-22 00:00:00-05:00,89.93611950072386,90.55072577050477,89.85230131980404,90.28533172607422,42326700,0.0,0.0,0.0
2006-02-23 00:00:00-05:00,90.28532074283079,90.5437343478783,89.5938767841914,90.15261840820312,43423200,0.0,0.0,0.0
2006-02-24 00:00:00-05:00,90.17358819303031,90.4320018493929,89.9291353536355,90.38311767578125,36777400,0.0,0.0,0.0
2006-02-27 00:00:00-05:00,90.37611536813012,90.82310656907771,90.29230784829959,90.41802978515625,35858600,0.0,0.0,0.0
2006-02-28 00:00:00-05:00,90.23643249764098,90.73231852257962,89.48912391354065,89.5589599609375,74394800,0.0,0.0,0.0
2006-03-01 00:00:00-05:00,89.81739961328417,90.43899702418388,89.74755289682288,90.35517883300781,48641600,0.0,0.0,0.0
2006-03-02 00:00:00-05:00,90.02690275845157,90.39008643795133,89.82436436739277,90.34818267822266,60642300,0.0,0.0,0.0
2006-03-03 00:00:00-05:00,89.86624441361417,90.84404473007882,89.85227294502107,89.9291000366211,73402500,0.0,0.0,0.0
2006-03-06 00:00:00-05:00,90.1945549479296,90.22248724358317,89.29358654922805,89.51708221435547,57478400,0.0,0.0,0.0
2006-03-07 00:00:00-05:00,89.30053038452033,89.44021311147213,88.9792558496876,89.37735748291016,61780800,0.0,0.0,0.0
2006-03-08 00:00:00-05:00,89.1888085385923,89.7056465168584,88.82563013493143,89.56596374511719,66692400,0.0,0.0,0.0
2006-03-09 00:00:00-05:00,89.59388456312263,89.87325007082919,88.96530151367188,88.96530151367188,56313600,0.0,0.0,0.0
2006-03-10 00:00:00-05:00,89.19575240242315,89.98496981651631,89.0071802162429,89.81036376953125,60490800,0.0,0.0,0.0
2006-03-13 00:00:00-05:00,89.98500012202712,90.20850105285106,89.76849025598574,89.97801971435547,45479100,0.0,0.0,0.0
2006-03-14 00:00:00-05:00,89.89417894338274,90.95577600079532,89.82433226405772,90.92085266113281,69877300,0.0,0.0,0.0
2006-03-15 00:00:00-05:00,90.89994178118334,91.39582785095995,90.69042296293726,91.32598114013672,53398900,0.0,0.0,0.0
2006-03-16 00:00:00-05:00,91.50057778323112,91.82185769978602,91.38184691281822,91.5145492553711,65526400,0.0,0.0,0.0
2006-03-17 00:00:00-05:00,91.63302039649302,91.7872856051999,91.42266847506305,91.59095001220703,47286800,0.519,0.0,0.0
2006-03-20 00:00:00-05:00,91.60496842611956,91.78727697404472,91.30345690076415,91.44369506835938,45538500,0.0,0.0,0.0
2006-03-21 00:00:00-05:00,91.41566512520671,91.85041746874619,90.77056082453913,90.86872863769531,87102700,0.0,0.0,0.0
2006-03-22 00:00:00-05:00,90.81263094351156,91.51383266380596,90.77056055221216,91.42268371582031,51605700,0.0,0.0,0.0
2006-03-23 00:00:00-05:00,91.33855918799718,91.42971886237345,90.91784445135993,91.23338317871094,46704200,0.0,0.0,0.0
2006-03-24 00:00:00-05:00,91.149209202458,91.55590745618944,90.97390878444384,91.30347442626953,43209200,0.0,0.0,0.0
2006-03-27 00:00:00-05:00,91.17727336425762,91.35257382226771,90.97392954074186,91.1702651977539,32523000,0.0,0.0,0.0
2006-03-28 00:00:00-05:00,91.10713065660309,91.52785595137136,90.49008044362866,90.60928344726562,82079900,0.0,0.0,0.0
2006-03-29 00:00:00-05:00,90.74251969778405,91.50682702614026,90.65836821337157,91.17726135253906,61505700,0.0,0.0,0.0
2006-03-30 00:00:00-05:00,91.2333849889539,91.84342725390307,90.84071361383754,91.0160140991211,70571700,0.0,0.0,0.0
2006-03-31 00:00:00-05:00,91.17027841917086,91.32454370055041,90.71449074255223,91.03704833984375,62925600,0.0,0.0,0.0
2006-04-03 00:00:00-04:00,91.2053280721052,91.76628098209869,90.79862972271629,90.96691131591797,61624700,0.0,0.0,0.0
2006-04-04 00:00:00-04:00,90.96690564658263,91.66810743986437,90.70746440690527,91.54890441894531,54809300,0.0,0.0,0.0
2006-04-05 00:00:00-04:00,91.58395688097077,92.05376074842557,91.42268348157324,91.86443328857422,50607200,0.0,0.0,0.0
2006-04-06 00:00:00-04:00,91.75228005125966,92.00471318292854,91.28948419328462,91.76629638671875,57906200,0.0,0.0,0.0
2006-04-07 00:00:00-04:00,91.89947808750095,92.13788405870388,90.70042936795929,90.83364868164062,80180900,0.0,0.0,0.0
2006-04-10 00:00:00-04:00,90.97393798828125,91.2123440654348,90.63735337401431,90.97393798828125,41496500,0.0,0.0,0.0
2006-04-11 00:00:00-04:00,91.05106515351636,91.19831155135446,89.9291379056956,90.20260620117188,72799400,0.0,0.0,0.0
2006-04-12 00:00:00-04:00,90.29373226483638,90.5461652666827,90.18153744190752,90.37086486816406,43033700,0.0,0.0,0.0
2006-04-13 00:00:00-04:00,90.16753460667279,90.63033035080987,89.97119896361284,90.2516860961914,51051800,0.0,0.0,0.0
2006-04-17 00:00:00-04:00,90.33583205417682,90.67240593303582,89.7678602900114,90.21662902832031,64167700,0.0,0.0,0.0
2006-04-18 00:00:00-04:00,90.40593414780587,91.81535647643734,90.40593414780587,91.64706420898438,92531800,0.0,0.0,0.0
2006-04-19 00:00:00-04:00,91.68215707137978,91.90654683629768,91.32454792047139,91.82239532470703,87269000,0.0,0.0,0.0
2006-04-20 00:00:00-04:00,91.85742586227923,92.4604597730188,91.57694945241909,91.9485855102539,86005500,0.0,0.0,0.0
2006-04-21 00:00:00-04:00,92.3412556260916,92.41136937794813,91.59096465475201,91.96260070800781,72342600,0.0,0.0,0.0
2006-04-24 00:00:00-04:00,91.78029975089244,91.90652163391972,91.42269069804671,91.79432678222656,52546400,0.0,0.0,0.0
2006-04-25 00:00:00-04:00,91.88545320338774,91.94155061547711,91.10011083311119,91.4156494140625,84359800,0.0,0.0,0.0
2006-04-26 00:00:00-04:00,91.50681572928472,91.9555843592879,91.36657753856275,91.43669128417969,67262400,0.0,0.0,0.0
2006-04-27 00:00:00-04:00,91.0860947862311,92.29918140737043,90.86872397535892,91.87845611572266,124478600,0.0,0.0,0.0
2006-04-28 00:00:00-04:00,91.71015092850683,92.3833091603337,91.65406421705113,92.18697357177734,55854400,0.0,0.0,0.0
2006-05-01 00:00:00-04:00,92.1869821887488,92.4183800182097,91.38060456748138,91.43669128417969,64990300,0.0,0.0,0.0
2006-05-02 00:00:00-04:00,91.86441137062077,92.17996062824906,91.67509465542766,92.12386322021484,49063500,0.0,0.0,0.0
2006-05-03 00:00:00-04:00,91.96259728371457,92.08181098646091,91.47175824103924,91.78028869628906,60821300,0.0,0.0,0.0
2006-05-04 00:00:00-04:00,91.91352764513461,92.2921718863601,91.83639502384001,92.10986328125,42921400,0.0,0.0,0.0
2006-05-05 00:00:00-04:00,92.59370545721089,93.11960683917214,92.45346722858608,92.92327117919922,62588200,0.0,0.0,0.0
2006-05-08 00:00:00-04:00,92.91623402032305,93.0985533111833,92.8110580444336,92.8110580444336,30016700,0.0,0.0,0.0
2006-05-09 00:00:00-04:00,92.85312423208967,93.09854909737523,92.77599162009894,92.99336242675781,29864000,0.0,0.0,0.0
2006-05-10 00:00:00-04:00,92.846076620257,93.08448251985168,92.48144890944616,92.94424438476562,64378200,0.0,0.0,0.0
2006-05-11 00:00:00-04:00,92.91626867994955,92.94432275031075,91.5208836150281,91.82239532470703,80626900,0.0,0.0,0.0
2006-05-12 00:00:00-04:00,91.4086717953071,91.66110488431956,90.58826693088936,90.62332916259766,91726500,0.0,0.0,0.0
2006-05-15 00:00:00-04:00,90.30776038157671,90.97391054249444,90.18154921392195,90.80561828613281,84029300,0.0,0.0,0.0
2006-05-16 00:00:00-04:00,90.98793243674974,91.15622470340294,90.46203114038396,90.67239379882812,62137600,0.0,0.0,0.0
2006-05-17 00:00:00-04:00,90.22367450786815,90.52519697990185,88.89138942451665,88.9474868774414,144789500,0.0,0.0,0.0
2006-05-18 00:00:00-04:00,89.29802665810384,89.57850838051607,88.42853813339542,88.4986572265625,87906300,0.0,0.0,0.0
2006-05-19 00:00:00-04:00,88.96147590754168,89.39621760760014,88.21119018190551,89.12274932861328,124309400,0.0,0.0,0.0
2006-05-22 00:00:00-04:00,88.54775487832063,89.17182399899094,88.00081837703605,88.44257354736328,110852800,0.0,0.0,0.0
2006-05-23 00:00:00-04:00,89.17883374495067,89.49437237474096,87.76941680908203,87.76941680908203,92006500,0.0,0.0,0.0
2006-05-24 00:00:00-04:00,88.12703185883454,88.97548529301305,87.48192756421453,88.47061920166016,168405000,0.0,0.0,0.0
2006-05-25 00:00:00-04:00,88.99652944595105,89.56450653076172,88.65294206854367,89.56450653076172,78977900,0.0,0.0,0.0
2006-05-26 00:00:00-04:00,89.76083462978323,90.0202865600586,89.41023909490355,90.0202865600586,62989700,0.0,0.0,0.0
2006-05-30 00:00:00-04:00,89.73278075808867,89.7538159527435,88.38647480273615,88.4215316772461,72419900,0.0,0.0,0.0
2006-05-31 00:00:00-04:00,88.78612556230479,89.41019439697266,88.49161690064467,89.41019439697266,86926200,0.0,0.0,0.0
2006-06-01 00:00:00-04:00,89.31906487103478,90.41294309045308,89.24193226101991,90.26568603515625,73721700,0.0,0.0,0.0
2006-06-02 00:00:00-04:00,90.63030986638032,90.75652102289664,89.97819749207069,90.45500946044922,91702600,0.0,0.0,0.0
2006-06-05 00:00:00-04:00,90.34983038878039,90.356838552961,88.89132442792177,89.13674926757812,86105100,0.0,0.0,0.0
2006-06-06 00:00:00-04:00,89.19984661310927,89.31904959010451,88.1831065273964,88.91936492919922,130498600,0.0,0.0,0.0
2006-06-07 00:00:00-04:00,88.98949869201607,89.50838638431605,88.20415096468184,88.25323486328125,108599400,0.0,0.0,0.0
2006-06-08 00:00:00-04:00,88.05689869585372,88.7020028874604,86.85784459523357,88.17610168457031,204957200,0.0,0.0,0.0
2006-06-09 00:00:00-04:00,88.60386815308408,89.02458820243743,87.85358237098445,87.8956527709961,94972200,0.0,0.0,0.0
2006-06-12 00:00:00-04:00,88.26726444395547,88.30232666741283,86.82279071321459,86.9419937133789,95815900,0.0,0.0,0.0
2006-06-13 00:00:00-04:00,86.7666848758801,87.5380055693966,85.93225860595703,85.93225860595703,185688800,0.0,0.0,0.0
2006-06-14 00:00:00-04:00,86.13561586157687,86.68956585684536,85.78501500505841,86.5984115600586,163566400,0.0,0.0,0.0
2006-06-15 00:00:00-04:00,86.91394284982188,88.60384140338054,86.85083726885614,88.43555450439453,134057000,0.0,0.0,0.0
2006-06-16 00:00:00-04:00,88.24190532970817,88.43206430522665,87.6573339954898,87.79115295410156,94253500,0.555,0.0,0.0
2006-06-19 00:00:00-04:00,88.3193572443334,88.3757026208178,87.0164013101291,87.10091400146484,95804400,0.0,0.0,0.0
2006-06-20 00:00:00-04:00,87.34035038412415,87.90378784312965,87.13610249171583,87.39669036865234,65494700,0.0,0.0,0.0
2006-06-21 00:00:00-04:00,87.33333215341473,88.53064181583913,87.30515946597771,88.044677734375,75008200,0.0,0.0,0.0
2006-06-22 00:00:00-04:00,88.00239352713268,88.07986705443811,87.36148251524787,87.65728759765625,74566100,0.0,0.0,0.0
2006-06-23 00:00:00-04:00,87.56572258558036,88.24889524341707,87.35443018939148,87.64319610595703,54107000,0.0,0.0,0.0
2006-06-26 00:00:00-04:00,87.71366052323103,88.07989473463178,87.50941255736467,88.03059387207031,37899600,0.0,0.0,0.0
2006-06-27 00:00:00-04:00,88.04467329589983,88.2418767246269,87.17133614955073,87.26994323730469,69780200,0.0,0.0,0.0
2006-06-28 00:00:00-04:00,87.46715772889166,87.87564829432495,87.08683447964734,87.86156463623047,62368100,0.0,0.0,0.0
2006-06-29 00:00:00-04:00,88.17849525852573,89.69274369284408,88.15736708534307,89.63639831542969,110634800,0.0,0.0,0.0
2006-06-30 00:00:00-04:00,89.82656767618361,89.91108574706178,89.41807172702606,89.64344787597656,54227800,0.0,0.0,0.0
2006-07-03 00:00:00-04:00,89.74905793399022,90.1575483450513,89.66453989719012,90.00965118408203,23914000,0.0,0.0,0.0
2006-07-05 00:00:00-04:00,89.65050682724643,89.76319223317044,89.10819185522378,89.49555969238281,69653400,0.0,0.0,0.0
2006-07-06 00:00:00-04:00,89.58708267006487,90.04487938257797,89.50256999128034,89.75611877441406,50100300,0.0,0.0,0.0
2006-07-07 00:00:00-04:00,89.5800734488096,89.84066145995163,88.9462012792622,89.17157745361328,81626500,0.0,0.0,0.0
2006-07-10 00:00:00-04:00,89.40401186161853,89.74911800611258,89.03073301933418,89.34062194824219,60964100,0.0,0.0,0.0
2006-07-11 00:00:00-04:00,89.17154245016306,89.7349853515625,88.69966210994012,89.7349853515625,73640800,0.0,0.0,0.0
2006-07-12 00:00:00-04:00,89.5518677341702,89.72794297337487,88.54471715098393,88.77713775634766,82561300,0.0,0.0,0.0
2006-07-13 00:00:00-04:00,88.35456259737745,88.51655419954687,87.33332824707031,87.33332824707031,102405700,0.0,0.0,0.0
2006-07-14 00:00:00-04:00,87.42488621051173,87.51644878473374,86.5092980820252,86.9952621459961,103242500,0.0,0.0,0.0
2006-07-17 00:00:00-04:00,86.99525889453984,87.40375477231836,86.73467095830102,86.86848449707031,81159000,0.0,0.0,0.0
2006-07-18 00:00:00-04:00,87.12905222159814,87.36851729022942,86.1993753709476,87.31217193603516,122771000,0.0,0.0,0.0
2006-07-19 00:00:00-04:00,87.46010920073424,88.92505675134387,87.13613134551322,88.52360534667969,133565300,0.0,0.0,0.0
2006-07-20 00:00:00-04:00,88.82643365509897,88.9532080351925,87.79815496029113,87.91788482666016,112259800,0.0,0.0,0.0
2006-07-21 00:00:00-04:00,88.1432677229775,88.17144040666508,87.20654614057733,87.29810333251953,101560000,0.0,0.0,0.0
2006-07-24 00:00:00-04:00,87.64321357310124,88.96729744939124,87.64321357310124,88.88982391357422,92884000,0.0,0.0,0.0
2006-07-25 00:00:00-04:00,88.72785451932786,89.65753175196046,88.54473472965132,89.20677947998047,95480700,0.0,0.0,0.0
2006-07-26 00:00:00-04:00,89.15747905470297,89.76317846715726,88.86871838042572,89.3265151977539,84525800,0.0,0.0,0.0
2006-07-27 00:00:00-04:00,89.71385422990588,89.93219118111782,88.8827788832863,89.24197387695312,87257100,0.0,0.0,0.0
2006-07-28 00:00:00-04:00,89.47442972759563,90.24916001304842,89.34765529009303,90.136474609375,82137000,0.0,0.0,0.0
2006-07-31 00:00:00-04:00,89.91109304320082,90.12238017745496,89.76318506381375,90.04490661621094,49593100,0.0,0.0,0.0
2006-08-01 00:00:00-04:00,89.68570135445017,89.71387404384126,89.16452003419269,89.60118865966797,65225600,0.0,0.0,0.0
2006-08-02 00:00:00-04:00,89.85471294222683,90.47450119272071,89.83358477430356,90.20686340332031,64770900,0.0,0.0,0.0
2006-08-03 00:00:00-04:00,89.68568845488535,90.53789740956648,89.55187491626302,90.44633483886719,63693800,0.0,0.0,0.0
2006-08-04 00:00:00-04:00,90.91118548950634,91.15768442158885,89.78430482634883,90.29139709472656,96294200,0.0,0.0,0.0
2006-08-07 00:00:00-04:00,90.0801010131836,90.20687541098809,89.72795050521445,90.0801010131836,45377300,0.0,0.0,0.0
2006-08-08 00:00:00-04:00,90.21390483234536,90.47450348797555,89.41100219055448,89.7349853515625,90901300,0.0,0.0,0.0
2006-08-09 00:00:00-04:00,90.277267044073,90.57308282301115,89.17152042957306,89.43211364746094,78910600,0.0,0.0,0.0
2006-08-10 00:00:00-04:00,89.15044195497475,89.79839773134385,88.93914945801504,89.70684051513672,69322300,0.0,0.0,0.0
2006-08-11 00:00:00-04:00,89.5659858783945,89.58711405549256,89.01663178027728,89.45330047607422,47482200,0.0,0.0,0.0
2006-08-14 00:00:00-04:00,89.88996168265261,90.26324583836903,89.38990846733174,89.52372741699219,57839000,0.0,0.0,0.0
2006-08-15 00:00:00-04:00,90.32662329108211,90.76328656899639,90.08011896106738,90.5942611694336,68143000,0.0,0.0,0.0
2006-08-16 00:00:00-04:00,91.08021227799172,91.48165826759757,90.88299810705726,91.34783935546875,71737600,0.0,0.0,0.0
2006-08-17 00:00:00-04:00,91.26333552222566,91.81972864858666,91.19995100405447,91.58026885986328,70992800,0.0,0.0,0.0
2006-08-18 00:00:00-04:00,91.69293925874375,92.04508972167969,91.27035440450892,92.04508972167969,58288400,0.0,0.0,0.0
2006-08-21 00:00:00-04:00,91.68590225459839,91.75633665579423,91.41827517297193,91.65069580078125,42133600,0.0,0.0,0.0
2006-08-22 00:00:00-04:00,91.55213252335331,91.92541136348656,91.33379008669219,91.64368438720703,60839900,0.0,0.0,0.0
2006-08-23 00:00:00-04:00,91.68589606322477,91.86902119525554,90.98864497366161,91.39009094238281,66592100,0.0,0.0,0.0
2006-08-24 00:00:00-04:00,91.5520925823738,91.62956612370351,91.13654681699776,91.3126220703125,57983000,0.0,0.0,0.0
2006-08-25 00:00:00-04:00,91.30558597030519,91.73521003257466,91.24220145622795,91.4253158569336,41756000,0.0,0.0,0.0
2006-08-28 00:00:00-04:00,91.31261510544304,92.13665668526919,91.30557596468839,91.86196899414062,52681500,0.0,0.0,0.0
2006-08-29 00:00:00-04:00,91.90427446297807,92.14373431000477,91.42534402214038,91.96765899658203,61817800,0.0,0.0,0.0
2006-08-30 00:00:00-04:00,92.17188403324424,92.29161393389762,91.94651326342084,92.02398681640625,50052200,0.0,0.0,0.0
2006-08-31 00:00:00-04:00,92.15779564271344,92.25639735872038,91.96763135227825,92.0098876953125,37510300,0.0,0.0,0.0
2006-09-01 00:00:00-04:00,92.36206165466133,92.67195591126122,92.15076913909014,92.55926513671875,48794500,0.0,0.0,0.0
2006-09-05 00:00:00-04:00,92.62260743358019,92.86207790698585,92.40427587419818,92.73529815673828,52348300,0.0,0.0,0.0
2006-09-06 00:00:00-04:00,92.34091226561087,92.3761294679134,91.79155829939137,91.91832733154297,53795600,0.0,0.0,0.0
2006-09-07 00:00:00-04:00,91.6014065606422,91.96060702787169,91.10135875845849,91.49576568603516,86269400,0.0,0.0,0.0
2006-09-08 00:00:00-04:00,91.61552005448158,91.88315800398996,91.43944471860199,91.75637817382812,45096300,0.0,0.0,0.0
2006-09-11 00:00:00-04:00,91.46050988105318,92.04508088300663,91.19287211595255,91.8478775024414,68496600,0.0,0.0,0.0
2006-09-12 00:00:00-04:00,91.95354129966263,92.85504576363729,91.81972238368841,92.74940490722656,69875600,0.0,0.0,0.0
2006-09-13 00:00:00-04:00,92.71419238342611,93.2846745303857,92.62967969403401,93.12268829345703,62898400,0.0,0.0,0.0
2006-09-14 00:00:00-04:00,92.93956144014847,93.13676485351336,92.79165350673479,93.12971496582031,57805400,0.0,0.0,0.0
2006-09-15 00:00:00-04:00,93.595880081404,93.65247324838953,93.15021563766985,93.34829711914062,76703100,0.579,0.0,0.0
2006-09-18 00:00:00-04:00,93.22808359131686,93.65252719116141,93.12904819055969,93.47567749023438,64154100,0.0,0.0,0.0
2006-09-19 00:00:00-04:00,93.46148693869137,93.46856783192324,92.7187271443749,93.24219512939453,92089100,0.0,0.0,0.0
2006-09-20 00:00:00-04:00,93.55340793742641,93.92125800798023,93.41900055814486,93.7373275756836,75204100,0.0,0.0,0.0
2006-09-21 00:00:00-04:00,93.80813924763723,93.90717463092868,92.96633309263635,93.28466033935547,88932500,0.0,0.0,0.0
2006-09-22 00:00:00-04:00,93.14316364413324,93.15023374361458,92.66920792180332,93.0016860961914,65966800,0.0,0.0,0.0
2006-09-25 00:00:00-04:00,93.18561468452029,93.97790845756712,92.70458881699723,93.7161636352539,92299100,0.0,0.0,0.0
2006-09-26 00:00:00-04:00,93.73030910299043,94.50845183580323,93.6595649294455,94.49430084228516,73962700,0.0,0.0,0.0
2006-09-27 00:00:00-04:00,94.43064089349556,94.77018919158876,94.27501234144333,94.60749053955078,82432200,0.0,0.0,0.0
2006-09-28 00:00:00-04:00,94.60748512310445,94.7843347590347,94.28207704361292,94.57211303710938,58597500,0.0,0.0,0.0
2006-09-29 00:00:00-04:00,94.64992938884772,94.74896475538341,94.42355666874022,94.49430084228516,47966600,0.0,0.0,0.0
2006-10-02 00:00:00-04:00,94.46599175054682,94.67114336197066,94.04862922253915,94.14059448242188,51687400,0.0,0.0,0.0
2006-10-03 00:00:00-04:00,94.00622866163187,94.6994764821871,93.8364490591482,94.33870697021484,73108100,0.0,0.0,0.0
2006-10-04 00:00:00-04:00,94.24670964048313,95.49880814741537,94.14060417127095,95.44221496582031,80890500,0.0,0.0,0.0
2006-10-05 00:00:00-04:00,95.44223226059704,95.78886151291121,95.32197577568337,95.62615203857422,60505900,0.0,0.0,0.0
2006-10-06 00:00:00-04:00,95.46342482170596,95.56954107247182,95.07435349031994,95.50586700439453,64983600,0.0,0.0,0.0
2006-10-09 00:00:00-04:00,95.39270835098117,95.71103557159357,95.24414989120399,95.5624771118164,41176800,0.0,0.0,0.0
2006-10-10 00:00:00-04:00,95.56955523975031,95.81713827348366,95.38562469544128,95.68981170654297,56403700,0.0,0.0,0.0
2006-10-11 00:00:00-04:00,95.38561375732829,95.80297629316856,95.00362330626402,95.57661437988281,104071800,0.0,0.0,0.0
2006-10-12 00:00:00-04:00,95.81711672639497,96.48207298834112,95.78174464551715,96.40425872802734,59158600,0.0,0.0,0.0
2006-10-13 00:00:00-04:00,96.31943054961324,96.70850207811677,96.23453534718072,96.65190887451172,53944000,0.0,0.0,0.0
2006-10-16 00:00:00-04:00,96.57404550430098,96.94896584291224,96.50330133722383,96.80040740966797,42273000,0.0,0.0,0.0
2006-10-17 00:00:00-04:00,96.53871905816126,96.7014177664991,95.97279783614546,96.49627685546875,90500600,0.0,0.0,0.0
2006-10-18 00:00:00-04:00,96.94187755451371,97.17532033520673,96.27693208731841,96.62355041503906,86848600,0.0,0.0,0.0
2006-10-19 00:00:00-04:00,96.48209919148067,96.82872840775306,96.3689128195493,96.77920532226562,64063200,0.0,0.0,0.0
2006-10-20 00:00:00-04:00,96.80040740966797,96.87822167583508,96.43963806328102,96.80040740966797,48094500,0.0,0.0,0.0
2006-10-23 00:00:00-04:00,96.60234322702989,97.47952130549785,96.48208677010241,97.24607849121094,66219900,0.0,0.0,0.0
2006-10-24 00:00:00-04:00,97.111666501084,97.57147121454857,97.06922431756969,97.5361099243164,53234900,0.0,0.0,0.0
2006-10-25 00:00:00-04:00,97.43707777192053,97.91103349350504,97.27436833770054,97.86859130859375,78105400,0.0,0.0,0.0
2006-10-26 00:00:00-04:00,98.0878832692142,98.3283961800911,97.60684665341539,98.17276763916016,66843700,0.0,0.0,0.0
2006-10-27 00:00:00-04:00,98.0525193854765,98.15155475671243,97.35927178682502,97.55734252929688,80238000,0.0,0.0,0.0
2006-10-30 00:00:00-05:00,97.38052779143523,97.76251841913067,97.1965971831691,97.48663330078125,49717800,0.0,0.0,0.0
2006-10-31 00:00:00-05:00,97.67052415385614,97.80492081297386,97.09045215474067,97.47244262695312,71274100,0.0,0.0,0.0
2006-11-01 00:00:00-05:00,97.77664545181018,97.84030874181292,96.71554744224261,96.81458282470703,83005600,0.0,0.0,0.0
2006-11-02 00:00:00-05:00,96.56697208662658,96.92067136130419,96.46086662184139,96.75797271728516,60693100,0.0,0.0,0.0
2006-11-03 00:00:00-05:00,97.10461219772246,97.18949657855912,95.93739799098653,96.58820343017578,71346400,0.0,0.0,0.0
2006-11-06 00:00:00-05:00,96.88530652430796,97.81906696238964,96.87822563088453,97.6775894165039,63303300,0.0,0.0,0.0
2006-11-07 00:00:00-05:00,97.76245430696706,98.31422418181778,97.62097678926942,98.052490234375,63318900,0.0,0.0,0.0
2006-11-08 00:00:00-05:00,97.62099710817888,98.36376772324576,96.81456321600355,98.26473236083984,87517800,0.0,0.0,0.0
2006-11-09 00:00:00-05:00,98.33545592018596,98.42742117396914,97.5502431987709,97.7483139038086,95916300,0.0,0.0,0.0
2006-11-10 00:00:00-05:00,97.72005018913637,97.86152776193391,97.42294404804747,97.7907943725586,48991500,0.0,0.0,0.0
2006-11-13 00:00:00-05:00,97.74833747743463,98.35670073077976,97.67053399044697,98.03130340576172,59398200,0.0,0.0,0.0
2006-11-14 00:00:00-05:00,98.30714031860899,98.8518400192194,97.7058474600353,98.7669448852539,96704000,0.0,0.0,0.0
2006-11-15 00:00:00-05:00,98.73161484711866,99.35411819360567,98.70331286216107,99.04994201660156,76509600,0.0,0.0,0.0
2006-11-16 00:00:00-05:00,99.34704575905425,99.51681448863062,98.67501935171099,99.30460357666016,76728800,0.0,0.0,0.0
2006-11-17 00:00:00-05:00,98.9862642301588,99.33996347053362,98.8447866928177,99.33289337158203,56353800,0.0,0.0,0.0
2006-11-20 00:00:00-05:00,99.24802591755831,99.55928302916625,98.99336198933781,99.3895034790039,69174200,0.0,0.0,0.0
2006-11-21 00:00:00-05:00,99.38240468989297,99.50973122022454,99.24091637524509,99.48851013183594,51367900,0.0,0.0,0.0
2006-11-22 00:00:00-05:00,99.56632803603293,99.85636398002977,99.38947843028508,99.68658447265625,45505300,0.0,0.0,0.0
2006-11-24 00:00:00-05:00,99.20558720862613,99.63001990785189,99.17728521891657,99.28340148925781,30998000,0.0,0.0,0.0
2006-11-27 00:00:00-05:00,99.2338755468974,99.28339863043993,97.88982251364757,97.9181137084961,84545100,0.0,0.0,0.0
2006-11-28 00:00:00-05:00,97.79077457761089,98.44157991598014,97.69880931658713,98.34254455566406,106652900,0.0,0.0,0.0
2006-11-29 00:00:00-05:00,98.6608950799355,99.41073595609576,98.38501002561149,99.36829376220703,90034900,0.0,0.0,0.0
2006-11-30 00:00:00-05:00,99.34701179700045,99.77852516056691,98.86597537487424,99.41067504882812,83994300,0.0,0.0,0.0
2006-12-01 00:00:00-05:00,99.41074390836584,99.50270919851295,98.30720360279312,99.19145202636719,126080000,0.0,0.0,0.0
2006-12-04 00:00:00-05:00,99.2126440170457,100.13226426656527,99.19849302408679,99.94833374023438,87813200,0.0,0.0,0.0
2006-12-05 00:00:00-05:00,100.13933176170575,100.4222976433,99.92711004902124,100.37984466552734,73374400,0.0,0.0,0.0
2006-12-06 00:00:00-05:00,100.35863856586408,100.50012692481997,100.09690453107905,100.29497528076172,53253200,0.0,0.0,0.0
2006-12-07 00:00:00-05:00,100.47180989993257,100.66281052070296,99.82100456350364,99.85637664794922,62857400,0.0,0.0,0.0
2006-12-08 00:00:00-05:00,99.83518047957213,100.37986969864393,99.58758662068684,100.04032135009766,79625500,0.0,0.0,0.0
2006-12-11 00:00:00-05:00,100.0403167433613,100.51427254810321,99.98372355553506,100.33035278320312,39779400,0.0,0.0,0.0
2006-12-12 00:00:00-05:00,100.23130423619857,100.35863079654624,99.66538322632503,100.25252532958984,77451600,0.0,0.0,0.0
2006-12-13 00:00:00-05:00,100.61330652276203,100.6911208056802,100.13935072464109,100.358642578125,55520200,0.0,0.0,0.0
2006-12-14 00:00:00-05:00,100.35158613259583,101.32779985221465,100.33743513539967,101.24290466308594,64755200,0.0,0.0,0.0
2006-12-15 00:00:00-05:00,101.46555569907467,101.64339073155722,101.1810239887782,101.25215148925781,70857400,0.793,0.0,0.0
2006-12-18 00:00:00-05:00,101.39438122047042,101.63624502766112,100.83242749387686,100.97469329833984,48954600,0.0,0.0,0.0
2006-12-19 00:00:00-05:00,100.69018964676442,101.40863921400545,100.43410678595377,101.16678619384766,65023600,0.0,0.0,0.0
2006-12-20 00:00:00-05:00,101.20943516943838,101.47974779159928,101.0173703666301,101.10984802246094,41469600,0.0,0.0,0.0
2006-12-21 00:00:00-05:00,101.20230653673316,101.31611264447838,100.52653596333214,100.73992919921875,48698400,0.0,0.0,0.0
2006-12-22 00:00:00-05:00,100.7541781670586,100.76128765821068,100.06417762883402,100.12108612060547,62069100,0.0,0.0,0.0
2006-12-26 00:00:00-05:00,100.16377491326625,100.73284903439072,100.14243558346537,100.71150970458984,32696900,0.0,0.0,0.0
2006-12-27 00:00:00-05:00,100.91782014635795,101.43710625306623,100.88937131717685,101.37307739257812,39727100,0.0,0.0,0.0
2006-12-28 00:00:00-05:00,101.30190323993754,101.5081870055202,101.00314182727445,101.15963745117188,37288800,0.0,0.0,0.0
2006-12-29 00:00:00-05:00,101.05292041742963,101.39436044903111,100.60477291370196,100.73992919921875,45461200,0.0,0.0,0.0
2007-01-03 00:00:00-05:00,101.18807041018805,101.6219880531442,99.99302494680981,100.56208801269531,94807600,0.0,0.0,0.0
2007-01-04 00:00:00-05:00,100.462529038267,101.04583295466621,100.02150178238436,100.77552032470703,69620600,0.0,0.0,0.0
2007-01-05 00:00:00-05:00,100.53369785181646,100.58348601474555,99.85792692620014,99.97173309326172,76645300,0.0,0.0,0.0
2007-01-08 00:00:00-05:00,100.17093539848592,100.59062352498995,99.76546626142274,100.43412780761719,71655000,0.0,0.0,0.0
2007-01-09 00:00:00-05:00,100.51943135126704,100.72572598382102,99.87210948994668,100.34871673583984,75680100,0.0,0.0,0.0
2007-01-10 00:00:00-05:00,100.00015663189376,100.70438698538186,99.80098234378929,100.68303680419922,72428000,0.0,0.0,0.0
2007-01-11 00:00:00-05:00,100.71152881608639,101.4513177160038,100.6546203077561,101.12410736083984,54476800,0.0,0.0,0.0
2007-01-12 00:00:00-05:00,101.11699550822921,101.89236450195312,101.08854667876815,101.89236450195312,55370600,0.0,0.0,0.0
2007-01-16 00:00:00-05:00,101.77141647235311,102.0346087924506,101.52955262920182,101.69316864013672,44871300,0.0,0.0,0.0
2007-01-17 00:00:00-05:00,101.61489811748135,102.04881584393604,101.52952995782539,101.73582458496094,50241400,0.0,0.0,0.0
2007-01-18 00:00:00-05:00,101.84254157256663,101.90655956446594,101.23078876798246,101.39439392089844,68177300,0.0,0.0,0.0
2007-01-19 00:00:00-05:00,101.39441219998106,101.79277177004924,101.33751454415976,101.59359741210938,56973000,0.0,0.0,0.0
2007-01-22 00:00:00-05:00,101.77145088002203,101.79279021836955,100.96051260605493,101.28062438964844,60253600,0.0,0.0,0.0
2007-01-23 00:00:00-05:00,101.19520085571469,101.77850472947863,101.05293505978197,101.57933044433594,54064400,0.0,0.0,0.0
2007-01-24 00:00:00-05:00,101.70029725720134,102.41874686688409,101.65761858690973,102.39740753173828,55834700,0.0,0.0,0.0
2007-01-25 00:00:00-05:00,102.3333615338643,102.37604019248154,101.01737833750877,101.1952133178711,73583800,0.0,0.0,0.0
2007-01-26 00:00:00-05:00,101.41572104773546,101.47261868036311,100.71149073439805,101.10272979736328,67255600,0.0,0.0,0.0
2007-01-29 00:00:00-05:00,101.14545510423282,101.57937301891387,100.82535421567543,101.04586791992188,66114600,0.0,0.0,0.0
2007-01-30 00:00:00-05:00,101.25926983275603,101.62204938433096,101.05297512081415,101.57225036621094,70407600,0.0,0.0,0.0
2007-01-31 00:00:00-05:00,101.45844475115123,102.52545493075382,101.29482870859621,102.25514221191406,91868600,0.0,0.0,0.0
2007-02-01 00:00:00-05:00,102.53962310846701,102.90241333644565,102.36890851100267,102.8668441772461,69312400,0.0,0.0,0.0
2007-02-02 00:00:00-05:00,102.95223913934134,103.10873481372397,102.70327664223258,103.00914764404297,49607000,0.0,0.0,0.0
2007-02-05 00:00:00-05:00,102.93089014962571,103.10161564771272,102.67480732958842,103.03759765625,45705300,0.0,0.0,0.0
2007-02-06 00:00:00-05:00,103.12292563404763,103.16560428287836,102.66766862288107,103.0660171508789,57081300,0.0,0.0,0.0
2007-02-07 00:00:00-05:00,103.22966468873197,103.40039020841499,102.83843634418018,103.29369354248047,55669700,0.0,0.0,0.0
2007-02-08 00:00:00-05:00,102.98782091275967,103.22967394669325,102.62504136185929,103.1585464477539,70641000,0.0,0.0,0.0
2007-02-09 00:00:00-05:00,103.18694056276256,103.37900533101725,101.99900450389646,102.39024353027344,79084400,0.0,0.0,0.0
2007-02-12 00:00:00-05:00,102.3902933364433,102.46142083226698,101.85678827391844,102.04173278808594,65657000,0.0,0.0,0.0
2007-02-13 00:00:00-05:00,102.26935079135416,103.07315757869235,102.2622304449563,102.9024429321289,64081800,0.0,0.0,0.0
2007-02-14 00:00:00-05:00,103.00202530957881,103.78449272975097,102.98779547163063,103.57820892333984,66039400,0.0,0.0,0.0
2007-02-15 00:00:00-05:00,103.62087836091277,103.82005265771667,103.45015288328723,103.7133560180664,38715200,0.0,0.0,0.0
2007-02-16 00:00:00-05:00,103.45729801067948,103.68492118118617,103.30791182520034,103.66358184814453,39841800,0.0,0.0,0.0
2007-02-20 00:00:00-05:00,103.54265405965879,103.99791124921792,103.14430537556798,103.88409423828125,56911800,0.0,0.0,0.0
2007-02-21 00:00:00-05:00,103.5782306753783,103.90545189178815,103.39328615995694,103.84142303466797,63971600,0.0,0.0,0.0
2007-02-22 00:00:00-05:00,103.89117699250545,104.15436923764676,103.26519451305187,103.76313018798828,79067400,0.0,0.0,0.0
2007-02-23 00:00:00-05:00,103.67067254174826,103.70623085052155,103.16561647778906,103.35768127441406,71966200,0.0,0.0,0.0
2007-02-26 00:00:00-05:00,103.73468462823071,103.8200419311319,102.96643633956812,103.26519775390625,69192800,0.0,0.0,0.0
2007-02-27 00:00:00-05:00,102.34759064204324,102.57521377110814,98.87624837677112,99.23191833496094,274466500,0.0,0.0,0.0
2007-02-28 00:00:00-05:00,99.86503426650552,100.99606239854762,99.44534622065669,100.24915313720703,177536300,0.0,0.0,0.0
2007-03-01 00:00:00-05:00,99.11811949528465,100.47678158939229,98.20049561094802,99.95038604736328,212828600,0.0,0.0,0.0
2007-03-02 00:00:00-05:00,99.62313950258103,100.05705720752569,98.6343776312066,98.64148712158203,162574000,0.0,0.0,0.0
2007-03-05 00:00:00-05:00,98.1151510878633,99.28886896042603,97.68835346945076,97.70258331298828,143750400,0.0,0.0,0.0
2007-03-06 00:00:00-05:00,98.71971434170757,99.67290685402247,97.96569606019932,99.3741455078125,143333300,0.0,0.0,0.0
2007-03-07 00:00:00-05:00,99.29593649716283,99.91480960634846,99.16078017614313,99.27459716796875,115144900,0.0,0.0,0.0
2007-03-08 00:00:00-05:00,99.97172934415912,100.41276757141664,99.63740949483078,100.11400604248047,117891600,0.0,0.0,0.0
2007-03-09 00:00:00-05:00,100.51943479801797,100.59768261750004,99.64448980139849,100.14242553710938,107765100,0.0,0.0,0.0
2007-03-12 00:00:00-04:00,99.8863553557418,100.54078681300004,99.70141087462088,100.29182434082031,80366900,0.0,0.0,0.0
2007-03-13 00:00:00-04:00,99.71560826946798,100.13530700197562,98.19334152681925,98.34272766113281,190605200,0.0,0.0,0.0
2007-03-14 00:00:00-04:00,98.47079608019466,99.13234795856918,97.27575002842947,99.075439453125,231853800,0.0,0.0,0.0
2007-03-15 00:00:00-04:00,98.85489375649405,99.58046339814038,98.733967291917,99.21056365966797,132435900,0.0,0.0,0.0
2007-03-16 00:00:00-04:00,99.48985311179403,99.71839005988946,98.63999904408158,98.93280792236328,121531600,0.551,0.0,0.0
2007-03-19 00:00:00-04:00,99.4541137788551,100.2182717162722,99.37555558806679,100.12542724609375,96161200,0.0,0.0,0.0
2007-03-20 00:00:00-04:00,100.0397051765403,100.73244243290513,99.95400931710891,100.67530822753906,82147400,0.0,0.0,0.0
2007-03-21 00:00:00-04:00,100.76817950070922,102.58928238186701,100.56821517730964,102.33218383789062,152368700,0.0,0.0,0.0
2007-03-22 00:00:00-04:00,102.46789749786741,102.61072763030819,101.97512427829221,102.25364685058594,118942200,0.0,0.0,0.0
2007-03-23 00:00:00-04:00,102.32499866904234,102.70350316965785,102.23215424152913,102.40355682373047,74416800,0.0,0.0,0.0
2007-03-26 00:00:00-04:00,102.4821032621523,102.58922305301085,101.47513363915364,102.26785278320312,113787500,0.0,0.0,0.0
2007-03-27 00:00:00-04:00,102.21075582401947,102.23932837681014,101.68942115656803,102.02507781982422,99864600,0.0,0.0,0.0
2007-03-28 00:00:00-04:00,101.5108669081949,101.74654139880626,100.88240159989796,101.28234100341797,152907900,0.0,0.0,0.0
2007-03-29 00:00:00-04:00,101.79656984516564,101.846566378105,100.83245841126316,101.3895034790039,139432700,0.0,0.0,0.0
2007-03-30 00:00:00-04:00,101.58230656453794,102.01079680336784,100.38250992189384,101.41090393066406,128194100,0.0,0.0,0.0
2007-04-02 00:00:00-04:00,101.52517700195311,101.7394275797966,101.03954163235876,101.52517700195312,79416400,0.0,0.0,0.0
2007-04-03 00:00:00-04:00,102.10368455248928,102.82498384356595,102.06083660016172,102.61788177490234,82417800,0.0,0.0,0.0
2007-04-04 00:00:00-04:00,102.6178711282235,102.80354920145909,102.23936639227863,102.73213958740234,63995200,0.0,0.0,0.0
2007-04-05 00:00:00-04:00,102.60355818240619,103.15346546421212,102.56071024565925,103.01063537597656,46822800,0.0,0.0,0.0
2007-04-09 00:00:00-04:00,103.30341776835671,103.4105484914135,102.94633715263859,103.15345001220703,50967400,0.0,0.0,0.0
2007-04-10 00:00:00-04:00,103.07489990810366,103.44626682874181,103.03205197442165,103.27486419677734,56620000,0.0,0.0,0.0
2007-04-11 00:00:00-04:00,103.42485452815211,103.45341618808304,102.51071795179737,102.85352325439453,106365700,0.0,0.0,0.0
2007-04-12 00:00:00-04:00,102.65357303974943,103.49627833890459,102.3679019150229,103.31060028076172,115534400,0.0,0.0,0.0
2007-04-13 00:00:00-04:00,103.48195645525227,103.7819137573242,103.09631419110114,103.78191375732422,84287000,0.0,0.0,0.0
2007-04-16 00:00:00-04:00,104.14614682149595,104.88173211085834,104.13900913128629,104.76746368408203,83064600,0.0,0.0,0.0
2007-04-17 00:00:00-04:00,104.96032460833094,105.26740884630023,104.7317876800594,105.0460205078125,108424100,0.0,0.0,0.0
2007-04-18 00:00:00-04:00,104.6960584902428,105.48162943856123,104.6746345214765,105.17454528808594,88345300,0.0,0.0,0.0
2007-04-19 00:00:00-04:00,104.6603790916549,105.26740988101695,104.52468665131497,105.14600372314453,102947700,0.0,0.0,0.0
2007-04-20 00:00:00-04:00,105.85298882552823,106.1386489868164,105.01027282442581,106.1386489868164,124114100,0.0,0.0,0.0
2007-04-23 00:00:00-04:00,105.96005085853908,106.21714922234119,105.67439085308371,105.73866271972656,77270800,0.0,0.0,0.0
2007-04-24 00:00:00-04:00,105.86015152024952,105.98155766233559,105.21027286522867,105.7815933227539,114471000,0.0,0.0,0.0
2007-04-25 00:00:00-04:00,106.21724747374006,106.88142340177383,105.71019886045008,106.75286865234375,108418800,0.0,0.0,0.0
2007-04-26 00:00:00-04:00,106.75999477384983,106.98138307085466,106.4814722554827,106.87425231933594,88741600,0.0,0.0,0.0
2007-04-27 00:00:00-04:00,106.47431857671586,106.93853001662706,106.29577822995878,106.7885513305664,108191100,0.0,0.0,0.0
2007-04-30 00:00:00-04:00,106.86712222393285,106.9385427300217,105.84587654974573,105.90299987792969,100874100,0.0,0.0,0.0
2007-05-01 00:00:00-04:00,105.99582946910515,106.74570108876028,105.46020844038543,106.17436981201172,134342700,0.0,0.0,0.0
2007-05-02 00:00:00-04:00,106.33857640019542,107.08844768506202,106.23145660117142,106.79563903808594,87129800,0.0,0.0,0.0
2007-05-03 00:00:00-04:00,107.10276836285654,107.40985248352779,106.93136573212418,107.37415313720703,86569700,0.0,0.0,0.0
2007-05-04 00:00:00-04:00,107.65979050962355,107.92402664100656,107.28128598193229,107.78119659423828,96409000,0.0,0.0,0.0
2007-05-07 00:00:00-04:00,107.75264957347092,107.98117549988056,107.7026530568352,107.8026351928711,63461400,0.0,0.0,0.0
2007-05-08 00:00:00-04:00,107.53842205893339,107.78123431313693,107.2170516169301,107.65982818603516,80584000,0.0,0.0,0.0
2007-05-09 00:00:00-04:00,107.58126214710971,109.13813951063885,107.3884355370848,107.95262908935547,102070100,0.0,0.0,0.0
2007-05-10 00:00:00-04:00,107.64556884936303,107.85268180414424,106.60289907458787,106.82428741455078,153617800,0.0,0.0,0.0
2007-05-11 00:00:00-04:00,106.94566848030411,107.78837369241289,106.92424451031748,107.73838806152344,113408900,0.0,0.0,0.0
2007-05-14 00:00:00-04:00,107.73839828329842,108.05263106923279,106.97424029048176,107.50272369384766,108027500,0.0,0.0,0.0
2007-05-15 00:00:00-04:00,107.62409881170015,108.30969841040898,107.25988049511992,107.53126525878906,180673300,0.0,0.0,0.0
2007-05-16 00:00:00-04:00,107.69546901080577,108.28822388259832,107.39552273180787,108.26679992675781,114166500,0.0,0.0,0.0
2007-05-17 00:00:00-04:00,108.1097617860872,108.52397672708524,107.91693514693117,108.05262756347656,101132800,0.0,0.0,0.0
2007-05-18 00:00:00-04:00,108.5596462416005,108.99528503417969,108.41681617295265,108.99528503417969,99182000,0.0,0.0,0.0
2007-05-21 00:00:00-04:00,108.96675920697331,109.43095980701419,108.90962498128162,108.93818664550781,174664600,0.0,0.0,0.0
2007-05-22 00:00:00-04:00,109.05246527549261,109.38098437957287,108.82393924863531,108.85250091552734,82148800,0.0,0.0,0.0
2007-05-23 00:00:00-04:00,109.23098628206922,109.62377723990092,108.80963366241268,108.86676788330078,133786600,0.0,0.0,0.0
2007-05-24 00:00:00-04:00,108.93099755466493,109.41663279527758,107.65265391187283,107.88117980957031,187593000,0.0,0.0,0.0
2007-05-25 00:00:00-04:00,108.19545382850848,108.56682081366804,107.9669169461831,108.33114624023438,83309200,0.0,0.0,0.0
2007-05-29 00:00:00-04:00,108.50971022692976,108.90963896086689,108.15976713611441,108.72396087646484,82020000,0.0,0.0,0.0
2007-05-30 00:00:00-04:00,108.16685360322461,109.65229921979561,108.08114685428957,109.60945129394531,129013600,0.0,0.0,0.0
2007-05-31 00:00:00-04:00,109.74517393451949,109.90229030413984,109.3523830104686,109.49522399902344,114866700,0.0,0.0,0.0
2007-06-01 00:00:00-04:00,109.89516427828772,110.26652037568253,109.63091713920308,110.03799438476562,107771700,0.0,0.0,0.0
2007-06-04 00:00:00-04:00,109.65235987679179,110.25940155476341,109.60951192723907,110.05229949951172,78008800,0.0,0.0,0.0
2007-06-05 00:00:00-04:00,109.79517853518112,109.90943607829597,109.16671301047731,109.61663818359375,126917900,0.0,0.0,0.0
2007-06-06 00:00:00-04:00,109.1667029284867,109.23097483378521,108.37398340476008,108.4382553100586,164096800,0.0,0.0,0.0
2007-06-07 00:00:00-04:00,108.23835341431065,108.90966720490312,106.4529490339024,106.48152160644531,232414600,0.0,0.0,0.0
2007-06-08 00:00:00-04:00,106.82425860699001,107.97405884400206,106.47431561407761,107.86692810058594,175886000,0.0,0.0,0.0
2007-06-11 00:00:00-04:00,107.78838042174756,108.51682813848471,107.62412634251619,108.05262756347656,102015600,0.0,0.0,0.0
2007-06-12 00:00:00-04:00,107.60270002015707,108.22401696945947,106.80284271556194,106.87425231933594,233898000,0.0,0.0,0.0
2007-06-13 00:00:00-04:00,107.48126953246062,108.60250794031639,106.92422462194502,108.47395324707031,193208200,0.0,0.0,0.0
2007-06-14 00:00:00-04:00,108.59540138005123,109.35241086437011,108.57397740575844,109.16673278808594,146396500,0.0,0.0,0.0
2007-06-15 00:00:00-04:00,109.83808102902915,110.21104871638482,109.68745588506731,109.78787994384766,154030800,0.656,0.0,0.0
2007-06-18 00:00:00-04:00,110.01015017774147,110.01731862971025,109.49373708675073,109.65869903564453,88537500,0.0,0.0,0.0
2007-06-19 00:00:00-04:00,109.41489919226707,110.01020935193606,109.27862192214668,109.93131256103516,110851700,0.0,0.0,0.0
2007-06-20 00:00:00-04:00,110.15362261951702,110.15362261951702,108.27445899168269,108.40355682373047,177119700,0.0,0.0,0.0
2007-06-21 00:00:00-04:00,108.3605086364289,109.09926419816314,107.76519873775133,109.00601959228516,205262000,0.0,0.0,0.0
2007-06-22 00:00:00-04:00,108.67613857620614,108.85544846188432,107.47834985318076,107.98041534423828,204964700,0.0,0.0,0.0
2007-06-25 00:00:00-04:00,107.75809831343179,108.482506482923,106.88306498890881,107.46402740478516,232014400,0.0,0.0,0.0
2007-06-26 00:00:00-04:00,107.73651453373108,107.91582434951944,106.35223706485952,106.35940551757812,198445700,0.0,0.0,0.0
2007-06-27 00:00:00-04:00,106.24471472701569,107.99478125489783,106.19450269741165,107.87284088134766,213638000,0.0,0.0,0.0
2007-06-28 00:00:00-04:00,107.8584213256836,108.59717673661017,107.34917673995541,107.8584213256836,157705000,0.0,0.0,0.0
2007-06-29 00:00:00-04:00,108.23137510090615,108.7693044223703,106.97620668415648,107.89427185058594,199701800,0.0,0.0,0.0
2007-07-02 00:00:00-04:00,108.20993003481179,108.96303376944635,108.13821264459395,108.86978912353516,103357000,0.0,0.0,0.0
2007-07-03 00:00:00-04:00,109.14946790988341,109.37898973171815,109.01320164039723,109.26422882080078,54048400,0.0,0.0,0.0
2007-07-05 00:00:00-04:00,109.30732210747657,109.42208308210263,108.7550554374804,109.14952850341797,89279000,0.0,0.0,0.0
2007-07-06 00:00:00-04:00,109.2929599798852,109.85957437704374,108.97019344518564,109.72329711914062,81109000,0.0,0.0,0.0
2007-07-09 00:00:00-04:00,109.85238930244769,109.99583499383112,109.46507389708718,109.80935668945312,72348100,0.0,0.0,0.0
2007-07-10 00:00:00-04:00,109.22837243374822,109.4578942719009,108.13817653513381,108.24575805664062,180362600,0.0,0.0,0.0
2007-07-11 00:00:00-04:00,108.12383336627909,109.05624672179428,107.95887137809076,109.01321411132812,175607600,0.0,0.0,0.0
2007-07-12 00:00:00-04:00,109.28578458431629,110.992818181926,109.26426827377556,110.73461151123047,133882500,0.0,0.0,0.0
2007-07-13 00:00:00-04:00,110.86369563973793,111.5020382468297,110.73458686102718,111.06452178955078,111794300,0.0,0.0,0.0
2007-07-16 00:00:00-04:00,111.16490127298987,111.55220560367897,110.87083059098087,111.05014038085938,98378700,0.0,0.0,0.0
2007-07-17 00:00:00-04:00,111.12194915903922,111.51643321018513,110.94263922162835,110.99285125732422,126201300,0.0,0.0,0.0
2007-07-18 00:00:00-04:00,110.61985075865648,111.02868254808226,109.95282324227567,110.7919921875,237887400,0.0,0.0,0.0
2007-07-19 00:00:00-04:00,111.31557714524683,111.55226751254814,110.99282153318401,111.22234344482422,145212700,0.0,0.0,0.0
2007-07-20 00:00:00-04:00,111.09321481076219,111.16494313140282,109.61570333688846,110.09625244140625,245502500,0.0,0.0,0.0
2007-07-23 00:00:00-04:00,110.58398667172298,110.97130215084505,109.95282332059416,110.4333724975586,121183900,0.0,0.0,0.0
2007-07-24 00:00:00-04:00,109.82368813034034,110.65568842083181,108.13100279019059,108.51831817626953,256732400,0.0,0.0,0.0
2007-07-25 00:00:00-04:00,109.03470944012682,109.30008444975056,107.76519295458806,108.74063873291016,265214500,0.0,0.0,0.0
2007-07-26 00:00:00-04:00,107.72219504060773,108.15971154407018,104.99668293432717,106.16578674316406,467592500,0.0,0.0,0.0
2007-07-27 00:00:00-04:00,106.30205987390546,106.77542957627169,104.03558066687172,104.07861328125,422987600,0.0,0.0,0.0
2007-07-30 00:00:00-04:00,104.6667430505899,106.01515665902728,104.2077102606843,105.70674896240234,283017500,0.0,0.0,0.0
2007-07-31 00:00:00-04:00,106.38815491712054,107.19863919572715,104.02843042150258,104.51615905761719,316976700,0.0,0.0,0.0
2007-08-01 00:00:00-04:00,104.12883355006132,105.44138325164282,103.24663196002385,105.02538299560547,467670000,0.0,0.0,0.0
2007-08-02 00:00:00-04:00,105.26205827086943,105.97929772447247,104.18619909046485,105.86454772949219,294758400,0.0,0.0,0.0
2007-08-03 00:00:00-04:00,105.63505182193175,105.8502258997552,102.7087128184742,103.1390609741211,359398200,0.0,0.0,0.0
2007-08-06 00:00:00-04:00,103.4330677111703,105.31223087421404,102.22810018907249,104.86754608154297,324980000,0.0,0.0,0.0
2007-08-07 00:00:00-04:00,104.67393115503846,106.86868220632357,104.16468631028256,105.98648071289062,232568700,0.0,0.0,0.0
2007-08-08 00:00:00-04:00,106.44554832664733,108.00912564620543,105.67809658128311,107.46402740478516,274930600,0.0,0.0,0.0
2007-08-09 00:00:00-04:00,105.74262094979173,106.83282812343222,104.20772876004564,104.27945709228516,357622100,0.0,0.0,0.0
2007-08-10 00:00:00-04:00,103.5622261200732,105.07560212427303,102.65132875741634,103.791748046875,411018400,0.0,0.0,0.0
2007-08-13 00:00:00-04:00,105.07554684683728,105.35526970784235,104.01403585433114,104.1646499633789,181917200,0.0,0.0,0.0
2007-08-14 00:00:00-04:00,104.50179424262281,104.76000090355734,102.36442357079082,102.57241821289062,264134500,0.0,0.0,0.0
2007-08-15 00:00:00-04:00,102.36438379629399,103.61238399659156,100.85817703539011,101.15941619873047,323834000,0.0,0.0,0.0
2007-08-16 00:00:00-04:00,100.26289129722055,102.52220198245655,98.26179817895327,101.91972351074219,546743700,0.0,0.0,0.0
2007-08-17 00:00:00-04:00,104.35836251932919,104.58070504578852,101.41050730524168,103.791748046875,388218100,0.0,0.0,0.0
2007-08-20 00:00:00-04:00,104.12161386866349,104.33678781857424,102.7732006638111,103.7414779663086,187320400,0.0,0.0,0.0
2007-08-21 00:00:00-04:00,103.71281405436325,104.69542845856,103.38287913897388,103.94949340820312,157066400,0.0,0.0,0.0
2007-08-22 00:00:00-04:00,104.72411088120454,105.29073608199944,104.23639338886817,105.18314361572266,173156700,0.0,0.0,0.0
2007-08-23 00:00:00-04:00,105.67806600565545,105.90040850105999,104.43724472678754,105.08993530273438,203915300,0.0,0.0,0.0
2007-08-24 00:00:00-04:00,105.06121020942182,106.3881072998047,104.91776453742986,106.38810729980469,128901900,0.0,0.0,0.0
2007-08-27 00:00:00-04:00,106.04383738142,106.38810918915529,105.24052190443311,105.3983154296875,113024300,0.0,0.0,0.0
2007-08-28 00:00:00-04:00,104.83175450162994,104.89630344637139,102.89520954992335,103.0816879272461,219790700,0.0,0.0,0.0
2007-08-29 00:00:00-04:00,103.54781744344444,105.24768175078536,103.25375769573522,105.1042251586914,207654200,0.0,0.0,0.0
2007-08-30 00:00:00-04:00,104.32243580399047,105.5704359082723,104.22202275726903,104.82450103759766,191817300,0.0,0.0,0.0
2007-08-31 00:00:00-04:00,105.9004087179339,106.51006667591629,105.3122780138084,105.85737609863281,185477500,0.0,0.0,0.0
2007-09-04 00:00:00-04:00,105.75695213110653,107.57156701975777,105.72108797064124,106.92605590820312,120062000,0.0,0.0,0.0
2007-09-05 00:00:00-04:00,106.2948489014161,106.4096098018062,105.43416403689407,106.00077819824219,166261800,0.0,0.0,0.0
2007-09-06 00:00:00-04:00,106.11556590101793,106.58894652654091,105.52025589210957,106.24467468261719,127878400,0.0,0.0,0.0
2007-09-07 00:00:00-04:00,105.0612259789456,105.35529676440078,104.18619302098939,104.76716613769531,235447600,0.0,0.0,0.0
2007-09-10 00:00:00-04:00,105.08992261112886,105.23336830591707,103.51916653431633,104.56632995605469,192305900,0.0,0.0,0.0
2007-09-11 00:00:00-04:00,104.88907257445875,105.93623575783909,104.81017581865318,105.7856216430664,162081900,0.0,0.0,0.0
2007-09-12 00:00:00-04:00,105.64216641733144,106.46699813775143,105.41982399648342,106.05816650390625,149554600,0.0,0.0,0.0
2007-09-13 00:00:00-04:00,106.54592391097849,107.1914350469275,106.29488572243964,106.80413055419922,154079000,0.0,0.0,0.0
2007-09-14 00:00:00-04:00,106.12275539418798,106.93322854251727,105.96496183733683,106.79695129394531,121911000,0.0,0.0,0.0
2007-09-17 00:00:00-04:00,106.37376629545834,106.61762504795949,105.88604879045602,106.22315216064453,109870800,0.0,0.0,0.0
2007-09-18 00:00:00-04:00,106.74672160408002,109.37898840518238,106.24465630515907,109.35030364990234,263759500,0.0,0.0,0.0
2007-09-19 00:00:00-04:00,110.03168324550906,110.73457469261463,109.52961792614794,109.99581909179688,193779900,0.0,0.0,0.0
2007-09-20 00:00:00-04:00,109.98149398525412,110.04604290876266,109.09929253135466,109.22122192382812,175186800,0.0,0.0,0.0
2007-09-21 00:00:00-04:00,110.04923970797574,110.34469455763092,109.35021611972981,109.51596069335938,141457500,0.719,0.0,0.0
2007-09-24 00:00:00-04:00,109.8402593402917,110.128522756389,109.07638053085253,109.31419372558594,139450200,0.0,0.0,0.0
2007-09-25 00:00:00-04:00,108.68001826381219,109.2925683622799,108.43500262287482,109.09799194335938,142289900,0.0,0.0,0.0
2007-09-26 00:00:00-04:00,109.71772863669305,110.0924655014273,109.09797616645369,109.67449188232422,135547000,0.0,0.0,0.0
2007-09-27 00:00:00-04:00,110.19337168737947,110.3302954277886,109.6745085637893,110.32308197021484,102713300,0.0,0.0,0.0
2007-09-28 00:00:00-04:00,110.1501199119212,110.39513552129516,109.5231539753053,109.9555435180664,133372100,0.0,0.0,0.0
2007-10-01 00:00:00-04:00,109.96994891598965,111.51932446978675,109.89788033371555,111.19503784179688,148162300,0.0,0.0,0.0
2007-10-02 00:00:00-04:00,111.41843801665128,111.44725885265464,110.84192233148516,111.043701171875,112978800,0.0,0.0,0.0
2007-10-03 00:00:00-04:00,110.84197666299694,111.2743663878469,110.26546069523947,110.82035827636719,119055900,0.0,0.0,0.0
2007-10-04 00:00:00-04:00,111.05816417659382,111.16625610259001,110.68342717292906,110.9933090209961,76864400,0.0,0.0,0.0
2007-10-05 00:00:00-04:00,111.72108025516093,112.49217214114381,111.43282797777864,112.31201171875,134579700,0.0,0.0,0.0
2007-10-08 00:00:00-04:00,111.98053930658283,112.05260789175315,111.53374486766909,111.71390533447266,71280400,0.0,0.0,0.0
2007-10-09 00:00:00-04:00,112.13190996362746,112.78048342513019,111.72113870751721,112.76606750488281,94054300,0.0,0.0,0.0
2007-10-10 00:00:00-04:00,112.44902164667094,112.73728516945722,111.99502446699223,112.57874298095703,101711100,0.0,0.0,0.0
2007-10-11 00:00:00-04:00,113.09035452875524,113.51554170621492,111.36802042492805,112.03822326660156,233529100,0.0,0.0,0.0
2007-10-12 00:00:00-04:00,112.03101917148363,112.67239016323865,111.89409542108788,112.65797424316406,124546700,0.0,0.0,0.0
2007-10-15 00:00:00-04:00,112.6147498338017,112.67960498706476,110.93565233496862,111.70673370361328,161151900,0.0,0.0,0.0
2007-10-16 00:00:00-04:00,111.2743663878469,111.35363747086515,110.59696095044144,110.82035827636719,166525700,0.0,0.0,0.0
2007-10-17 00:00:00-04:00,111.68508500856613,111.76435606197168,109.8762776941058,111.15901947021484,216687300,0.0,0.0,0.0
2007-10-18 00:00:00-04:00,110.58249700303736,111.11577596594049,110.31586301964715,110.75545501708984,148367500,0.0,0.0,0.0
2007-10-19 00:00:00-04:00,110.32310779431401,112.76608432467714,107.85131041528263,107.85851287841797,297169900,0.0,0.0,0.0
2007-10-22 00:00:00-04:00,107.27476981916173,108.64398523678547,107.13064361669466,108.48544311523438,261989800,0.0,0.0,0.0
2007-10-23 00:00:00-04:00,109.14845545279435,109.50156303828403,108.27647368829057,109.36463928222656,180085100,0.0,0.0,0.0
2007-10-24 00:00:00-04:00,108.96824592031734,109.35018517536398,107.26031746309684,109.16281127929688,326694200,0.0,0.0,0.0
2007-10-25 00:00:00-04:00,109.28534037793786,109.74655075679975,108.00981212466026,109.4222640991211,237374500,0.0,0.0,0.0
2007-10-26 00:00:00-04:00,110.30145934173225,110.70501708984375,109.46551200857333,110.70501708984375,176484000,0.0,0.0,0.0
2007-10-29 00:00:00-04:00,110.92842596385586,111.29596044848445,110.6545894610224,111.07256317138672,106841000,0.0,0.0,0.0
2007-10-30 00:00:00-04:00,110.58252549758097,110.79872032182428,110.1645517696774,110.30147552490234,132981600,0.0,0.0,0.0
2007-10-31 00:00:00-04:00,110.96445965974223,111.89409406106404,110.1429281634782,111.4472885131836,220954400,0.0,0.0,0.0
2007-11-01 00:00:00-04:00,110.46717802328678,110.55366251769796,108.52144733891612,108.83853149414062,333040800,0.0,0.0,0.0
2007-11-02 00:00:00-04:00,109.19888802310314,109.53759066339707,107.52700419938363,108.96107482910156,331228200,0.0,0.0,0.0
2007-11-05 00:00:00-05:00,107.83686599577214,108.93224488985753,107.35403718625155,108.13233184814453,226841000,0.0,0.0,0.0
2007-11-06 00:00:00-05:00,108.71603120827292,109.61683353135749,108.02421018585027,109.5880126953125,177800500,0.0,0.0,0.0
2007-11-07 00:00:00-05:00,108.4133565821821,108.91060119471052,106.33070217333047,106.59013366699219,306639700,0.0,0.0,0.0
2007-11-08 00:00:00-05:00,106.64784750479991,106.9433024618447,104.54357351414613,106.04971313476562,374509900,0.0,0.0,0.0
2007-11-09 00:00:00-05:00,104.99033417894506,106.32351527415403,104.41381838279763,104.59397888183594,277745100,0.0,0.0,0.0
2007-11-12 00:00:00-05:00,104.64443567536327,105.65333013492513,103.55625915527344,103.55625915527344,243087800,0.0,0.0,0.0
2007-11-13 00:00:00-05:00,104.7597097220424,106.8783986722314,104.65161783524613,106.71265411376953,191117400,0.0,0.0,0.0
2007-11-14 00:00:00-05:00,107.53418001272975,107.66389027033661,105.77581210213307,106.41718292236328,230558800,0.0,0.0,0.0
2007-11-15 00:00:00-05:00,105.62451173167295,106.28750110557623,104.14719331337346,104.88224029541016,263111100,0.0,0.0,0.0
2007-11-16 00:00:00-05:00,105.43714542362578,105.55245080037136,104.18323518892693,105.06240844726562,308770600,0.0,0.0,0.0
2007-11-19 00:00:00-05:00,104.69488161563578,104.75253430218369,103.18874229149536,103.59950256347656,267746000,0.0,0.0,0.0
2007-11-20 00:00:00-05:00,103.78685572156826,104.87502109701748,102.41042697121223,104.23365020751953,414767500,0.0,0.0,0.0
2007-11-21 00:00:00-05:00,103.10943772437076,103.70757178234554,102.09333007180679,102.10053253173828,259012400,0.0,0.0,0.0
2007-11-23 00:00:00-05:00,103.10221044569285,104.01741746217526,102.83556554670591,103.8660888671875,77688400,0.0,0.0,0.0
2007-11-26 00:00:00-05:00,104.08232463020231,104.40662234532387,101.36551205475523,101.57449340820312,214232000,0.0,0.0,0.0
2007-11-27 00:00:00-05:00,102.14379396248738,103.21754343058275,101.57448066409756,102.74192810058594,293897900,0.0,0.0,0.0
2007-11-28 00:00:00-05:00,103.90935672113568,106.27306125981441,103.87332242711895,106.02804565429688,258596900,0.0,0.0,0.0
2007-11-29 00:00:00-05:00,105.6605215430614,106.45323210416268,105.28579563792603,106.06407928466797,199409900,0.0,0.0,0.0
2007-11-30 00:00:00-05:00,107.40444399878109,108.0025779842762,106.17215273637655,107.13060760498047,222908000,0.0,0.0,0.0
2007-12-03 00:00:00-05:00,106.79192711426433,106.97929005350923,106.14334279326646,106.42439270019531,146430400,0.0,0.0,0.0
2007-12-04 00:00:00-05:00,105.68934693650375,106.32350435060154,105.43711786531415,105.47315216064453,136533900,0.0,0.0,0.0
2007-12-05 00:00:00-05:00,106.60456292252717,107.5197813168941,106.53250532213444,107.23873138427734,171130000,0.0,0.0,0.0
2007-12-06 00:00:00-05:00,107.10904581696417,108.96830387557871,107.0658090475286,108.77372741699219,154457400,0.0,0.0,0.0
2007-12-07 00:00:00-05:00,109.1196445483572,109.1772972459762,108.492689330458,108.75212097167969,148980100,0.0,0.0,0.0
2007-12-10 00:00:00-05:00,109.01873710569429,109.71776082942073,108.7160687401827,109.59525299072266,123914300,0.0,0.0,0.0
2007-12-11 00:00:00-05:00,109.63844547042633,110.17892683254479,106.53248100216497,106.59013366699219,250346400,0.0,0.0,0.0
2007-12-12 00:00:00-05:00,108.86021348281925,109.37187430431395,106.07853403572608,107.64232635498047,322435600,0.0,0.0,0.0
2007-12-13 00:00:00-05:00,106.88565424450287,107.65673566509558,106.15059613628787,107.4189224243164,237551300,0.0,0.0,0.0
2007-12-14 00:00:00-05:00,106.60454573584971,107.44770639389041,106.00642266491064,106.0568618774414,159152900,0.0,0.0,0.0
2007-12-17 00:00:00-05:00,105.65334793526648,105.84071093900182,104.39222415027919,104.54356384277344,177269400,0.0,0.0,0.0
2007-12-18 00:00:00-05:00,105.28580042020279,105.55963690237469,103.74362698265863,105.12725830078125,245569300,0.0,0.0,0.0
2007-12-19 00:00:00-05:00,105.17049506132817,105.85510276094429,104.4498530625482,105.12725830078125,198917200,0.0,0.0,0.0
2007-12-20 00:00:00-05:00,105.81906589711035,105.83348181565135,104.62279756905899,105.79024505615234,214813800,0.0,0.0,0.0
2007-12-21 00:00:00-05:00,106.76462209174767,107.5253141100039,106.56177236081018,107.31522369384766,146084400,0.775,0.0,0.0
2007-12-24 00:00:00-05:00,107.81512157428308,108.29326111493351,107.56879453605883,108.11214447021484,45601400,0.0,0.0,0.0
2007-12-26 00:00:00-05:00,107.69191441196156,108.43811383973757,107.58324888538401,108.34394073486328,67093100,0.0,0.0,0.0
2007-12-27 00:00:00-05:00,107.96001368248041,107.96725436872266,106.72842269784427,106.98197937011719,122981700,0.0,0.0,0.0
2007-12-28 00:00:00-05:00,107.61225969669833,107.66297766286914,106.42413496128574,106.71392822265625,116398100,0.0,0.0,0.0
2007-12-31 00:00:00-05:00,106.56901478380455,106.93848867832236,105.81556351663691,105.92424011230469,108126800,0.0,0.0,0.0
2008-01-02 00:00:00-05:00,106.15606847117375,106.48932790351728,104.23623679256232,104.99691772460938,204935600,0.0,0.0,0.0
2008-01-03 00:00:00-05:00,104.9824688308844,105.40266083013749,104.37391947520096,104.94624328613281,125133300,0.0,0.0,0.0
2008-01-04 00:00:00-05:00,103.84504845539158,103.91749954322987,102.08459977665777,102.37438201904297,232330900,0.0,0.0,0.0
2008-01-07 00:00:00-05:00,102.73666448096778,103.04093929733061,101.49783208966831,102.2874984741211,234991000,0.0,0.0,0.0
2008-01-08 00:00:00-05:00,102.9322004572998,103.52625723210592,100.29514286994659,100.6356430053711,326365700,0.0,0.0,0.0
2008-01-09 00:00:00-05:00,100.76605825620311,101.99764928382666,99.75905010923945,101.69337463378906,301824900,0.0,0.0,0.0
2008-01-10 00:00:00-05:00,101.19347181554605,103.45381473221873,100.96888897724895,102.35986328125,335701200,0.0,0.0,0.0
2008-01-11 00:00:00-05:00,101.99045242744614,102.80185184290971,100.70090219023243,101.5340347290039,267076600,0.0,0.0,0.0
2008-01-14 00:00:00-05:00,102.26574390643606,102.7728684940464,101.71514202175602,102.35267639160156,170365500,0.0,0.0,0.0
2008-01-15 00:00:00-05:00,101.27318068906722,102.50478274704783,99.90393926347885,100.09954833984375,239940100,0.0,0.0,0.0
2008-01-16 00:00:00-05:00,99.51274289045426,100.78780025845909,98.73031755514987,99.23744201660156,378802600,0.0,0.0,0.0
2008-01-17 00:00:00-05:00,99.83876400468326,99.8894819848378,96.30336262257622,96.66559600830078,397892600,0.0,0.0,0.0
2008-01-18 00:00:00-05:00,97.61464157932323,97.81749135941396,94.97758338365978,95.67306518554688,348561500,0.0,0.0,0.0
2008-01-22 00:00:00-05:00,92.15939131041198,95.94110214667887,91.28278742774779,94.7022705078125,435923700,0.0,0.0,0.0
2008-01-23 00:00:00-05:00,92.07243299948537,97.21614891024727,91.89131639776107,96.9770736694336,511913000,0.0,0.0,0.0
2008-01-24 00:00:00-05:00,97.42628362731489,98.13626898829997,96.57865887216506,97.79576873779297,259949300,0.0,0.0,0.0
2008-01-25 00:00:00-05:00,98.89694162332754,99.07805829170887,96.06428533125148,96.38304138183594,269603900,0.0,0.0,0.0
2008-01-28 00:00:00-05:00,96.5424008027374,98.17970215051645,95.67304322270752,97.97685241699219,217934600,0.0,0.0,0.0
2008-01-29 00:00:00-05:00,98.59992308687046,98.85347980122432,97.71607282138463,98.46227264404297,168968300,0.0,0.0,0.0
2008-01-30 00:00:00-05:00,98.22321493985257,100.36763058364755,97.51324053591243,97.73782348632812,334939200,0.0,0.0,0.0
2008-01-31 00:00:00-05:00,96.64384786441454,100.36760604855534,96.4989567435479,99.51998138427734,343680800,0.0,0.0,0.0
2008-02-01 00:00:00-05:00,99.93294582729531,101.14280398008015,99.62867111711758,101.1210708618164,206843600,0.0,0.0,0.0
2008-02-04 00:00:00-05:00,100.853032008497,100.9182313699523,99.71561378217322,99.84602355957031,124694300,0.0,0.0,0.0
2008-02-05 00:00:00-05:00,98.48399708676182,98.70857997707483,96.83945471409017,97.17271423339844,286882500,0.0,0.0,0.0
2008-02-06 00:00:00-05:00,97.4987532573974,97.98414473657803,95.92666146690537,96.39031982421875,250792900,0.0,0.0,0.0
2008-02-07 00:00:00-05:00,95.48471026705484,97.65085855704012,95.43399229349778,97.02781677246094,297368100,0.0,0.0,0.0
2008-02-08 00:00:00-05:00,96.41923600827015,97.23788662427724,95.70202130633457,96.40475463867188,221643500,0.0,0.0,0.0
2008-02-11 00:00:00-05:00,96.42653144154454,97.24517137402337,95.6585873801122,96.89743041992188,188576300,0.0,0.0,0.0
2008-02-12 00:00:00-05:00,97.73781007233592,98.75205908162158,97.06405025907213,97.79576873779297,256654400,0.0,0.0,0.0
2008-02-13 00:00:00-05:00,98.53470852250047,99.29540074242031,97.90442605245919,98.79551696777344,181967800,0.0,0.0,0.0
2008-02-14 00:00:00-05:00,99.21569710437133,99.25192264470027,97.65084661981696,97.9261474609375,215207200,0.0,0.0,0.0
2008-02-15 00:00:00-05:00,97.44079871529894,97.9624157712194,97.01336589445756,97.90445709228516,154110300,0.0,0.0,0.0
2008-02-19 00:00:00-05:00,99.049083435058,99.17224144170905,97.5204583280017,98.17972564697266,145190000,0.0,0.0,0.0
2008-02-20 00:00:00-05:00,97.07128998783651,98.9259228349938,96.90465469983822,98.4695053100586,220085700,0.0,0.0,0.0
2008-02-21 00:00:00-05:00,99.00563165675422,99.25918839411469,97.12926537144702,97.65087127685547,201051200,0.0,0.0,0.0
2008-02-22 00:00:00-05:00,97.78127542477243,98.41880968455752,96.25265018241319,98.2521743774414,205491000,0.0,0.0,0.0
2008-02-25 00:00:00-05:00,98.19418087858845,99.72280557867533,97.64359033876572,99.49098205566406,190107000,0.0,0.0,0.0
2008-02-26 00:00:00-05:00,99.07082130464852,100.66464583503297,98.88970462950292,100.23721313476562,212420700,0.0,0.0,0.0
2008-02-27 00:00:00-05:00,99.6576221037916,100.80228063968228,99.54895653735504,100.13577270507812,168395800,0.0,0.0,0.0
2008-02-28 00:00:00-05:00,99.4258055348579,99.94742239939566,98.92592178513559,99.15774536132812,170831100,0.0,0.0,0.0
2008-02-29 00:00:00-05:00,98.23768516808089,98.29563277390847,96.19468384640837,96.94813537597656,252715200,0.0,0.0,0.0
2008-03-03 00:00:00-05:00,96.4554925195756,96.940883864544,95.80347693486799,96.71630096435547,189483500,0.0,0.0,0.0
2008-03-04 00:00:00-05:00,95.79623049787514,96.64385522672502,94.89789884737685,96.34683227539062,282513100,0.0,0.0,0.0
2008-03-05 00:00:00-05:00,96.65835689596274,97.63639147515758,95.87593144350403,96.95539093017578,270681400,0.0,0.0,0.0
2008-03-06 00:00:00-05:00,96.33957546014945,96.51345144196934,94.57912674397042,94.94860076904297,247911700,0.0,0.0,0.0
2008-03-07 00:00:00-05:00,94.01404728821684,95.44124757968152,93.15193014160285,93.9705810546875,326434600,0.0,0.0,0.0
2008-03-10 00:00:00-04:00,94.06474353127305,94.12994287416586,92.43469363205259,92.73172760009766,235683600,0.0,0.0,0.0
2008-03-11 00:00:00-04:00,94.70229943785795,96.15123301425787,93.41999012748796,96.06430053710938,341440600,0.0,0.0,0.0
2008-03-12 00:00:00-04:00,96.16572997144512,96.91192991405309,95.02107106567598,95.16596221923828,229161100,0.0,0.0,0.0
2008-03-13 00:00:00-04:00,93.89812286751211,96.0932559307559,93.16641553125878,95.37602996826172,351504200,0.0,0.0,0.0
2008-03-14 00:00:00-04:00,96.1874498198786,96.21642362479871,92.57235689580469,93.89813232421875,484687800,0.0,0.0,0.0
2008-03-17 00:00:00-04:00,91.69574404981793,93.64455558787824,91.33351072331517,92.9490737915039,405311100,0.0,0.0,0.0
2008-03-18 00:00:00-04:00,94.62983406146228,96.85395207186073,94.16617582914085,96.81048583984375,334416600,0.0,0.0,0.0
2008-03-19 00:00:00-04:00,97.1799710155032,97.54944508451983,94.20965286941723,94.41251373291016,345971600,0.0,0.0,0.0
2008-03-20 00:00:00-04:00,94.68331548912084,96.76554796689497,94.10814727272204,96.16126251220703,245320700,0.642,0.0,0.0
2008-03-24 00:00:00-04:00,97.05680076437365,98.87693433540824,97.0058428011758,98.08335876464844,208977300,0.0,0.0,0.0
2008-03-25 00:00:00-04:00,98.18527030823316,98.68762887204895,97.39169486268655,98.17799377441406,192947200,0.0,0.0,0.0
2008-03-26 00:00:00-04:00,97.89406952369032,98.3527356323764,96.91119294510887,96.97671508789062,196934300,0.0,0.0,0.0
2008-03-27 00:00:00-04:00,97.70474802149621,97.87948480813276,96.36513265158369,96.67091369628906,225153200,0.0,0.0,0.0
2008-03-28 00:00:00-04:00,96.82381135625502,97.09318751949715,95.41866272512337,95.74628448486328,180896100,0.0,0.0,0.0
2008-03-31 00:00:00-04:00,95.58611760069819,96.63451618207041,95.44050915533256,96.0811996459961,166692100,0.0,0.0,0.0
2008-04-01 00:00:00-04:00,97.2751983931163,99.6268073577894,97.20238862202459,99.45935821533203,254547300,0.0,0.0,0.0
2008-04-02 00:00:00-04:00,99.7797254896883,100.23111506444485,99.00070298180714,99.52490234375,210910800,0.0,0.0,0.0
2008-04-03 00:00:00-04:00,98.9861122676657,100.06362783112225,98.80409897813273,99.77239990234375,175884800,0.0,0.0,0.0
2008-04-04 00:00:00-04:00,99.83069535421883,100.44226875553403,99.10264183241918,99.66324615478516,204446800,0.0,0.0,0.0
2008-04-07 00:00:00-04:00,100.3767230606187,100.88636935011414,99.55403023716887,99.71420288085938,154245500,0.0,0.0,0.0
2008-04-08 00:00:00-04:00,99.15359696077368,99.68507284633023,98.97886014080923,99.61227416992188,148937300,0.0,0.0,0.0
2008-04-09 00:00:00-04:00,99.45939853440818,99.59773049003297,98.20714550662642,98.89151763916016,195610600,0.0,0.0,0.0
2008-04-10 00:00:00-04:00,98.59297164250538,99.50303822217982,98.21438083478168,99.0298080444336,192967800,0.0,0.0,0.0
2008-04-11 00:00:00-04:00,97.9158972161683,98.37456326385664,96.83837027961486,97.10775756835938,222973300,0.0,0.0,0.0
2008-04-14 00:00:00-04:00,96.96941417516881,97.22422614722157,96.50346053939217,96.78011322021484,160522000,0.0,0.0,0.0
2008-04-15 00:00:00-04:00,97.25337197015311,97.33345828643415,96.3433052438744,97.0058364868164,172389200,0.0,0.0,0.0
2008-04-16 00:00:00-04:00,97.95228185630252,99.6777756569176,97.93772878956457,99.63409423828125,189268900,0.0,0.0,0.0
2008-04-17 00:00:00-04:00,99.02982241000245,99.9253249437273,98.76772275266678,99.77971649169922,179665700,0.0,0.0,0.0
2008-04-18 00:00:00-04:00,101.15575605895431,101.60714567842989,100.66067389731008,100.82084655761719,218530600,0.0,0.0,0.0
2008-04-21 00:00:00-04:00,100.63880563396762,101.18484561485752,100.36215293124746,100.87178802490234,118587400,0.0,0.0,0.0
2008-04-22 00:00:00-04:00,100.60967137724067,100.69703420446275,99.67047654776339,100.42765808105469,162166000,0.0,0.0,0.0
2008-04-23 00:00:00-04:00,100.5368626985768,101.03922117893768,99.83065021302744,100.26748657226562,193309000,0.0,0.0,0.0
2008-04-24 00:00:00-04:00,100.52960889807561,101.73818013727222,99.77242718540751,100.704345703125,229381300,0.0,0.0,0.0
2008-04-25 00:00:00-04:00,101.490633797768,101.84738394298348,100.40584140278773,101.6362533569336,190788100,0.0,0.0,0.0
2008-04-28 00:00:00-04:00,101.84009437113049,102.10947052451853,101.47606773824451,101.6580810546875,105610200,0.0,0.0,0.0
2008-04-29 00:00:00-04:00,101.48337760935028,101.73091313481865,100.91549676423354,101.25768280029297,125514100,0.0,0.0,0.0
2008-04-30 00:00:00-04:00,101.41053084986245,102.35700228312892,100.66063690185547,100.66063690185547,208395900,0.0,0.0,0.0
2008-05-01 00:00:00-04:00,100.7480227722429,102.74288177490234,100.66793646204191,102.74288177490234,187279500,0.0,0.0,0.0
2008-05-02 00:00:00-04:00,103.6311028870678,103.65294359708454,102.3351689164199,103.02681732177734,181585500,0.0,0.0,0.0
2008-05-05 00:00:00-04:00,102.69188795753404,103.09959590010317,102.22593443613955,102.5317153930664,118504500,0.0,0.0,0.0
2008-05-06 00:00:00-04:00,101.94205050595689,103.52920174632303,101.70179152651153,103.41999816894531,179339800,0.0,0.0,0.0
2008-05-07 00:00:00-04:00,103.30348575354759,103.41268930852148,101.29406257754329,101.5780029296875,199267300,0.0,0.0,0.0
2008-05-08 00:00:00-04:00,101.73815198522331,102.16042414866928,101.18482447695159,101.31587982177734,178321200,0.0,0.0,0.0
2008-05-09 00:00:00-04:00,100.9082026761263,101.48335995692996,100.79898800385348,101.1266098022461,152588200,0.0,0.0,0.0
2008-05-12 00:00:00-04:00,101.3814254669677,102.33517354487421,101.002834627535,102.26237487792969,147865900,0.0,0.0,0.0
2008-05-13 00:00:00-04:00,102.50989887417369,102.57542099985731,101.7308765714542,102.27691650390625,159132200,0.0,0.0,0.0
2008-05-14 00:00:00-04:00,102.70648584193972,103.52917852851887,102.262372878178,102.48806762695312,181910800,0.0,0.0,0.0
2008-05-15 00:00:00-04:00,102.68464379151987,103.84225710832008,102.53175880293216,103.76944732666016,166927000,0.0,0.0,0.0
2008-05-16 00:00:00-04:00,104.00970604900525,104.01698258347024,103.09963932629913,103.86409759521484,204236800,0.0,0.0,0.0
2008-05-19 00:00:00-04:00,103.97331157329923,105.05811521474675,103.6020083125582,104.1480484008789,165664400,0.0,0.0,0.0
2008-05-20 00:00:00-04:00,103.58013821414987,103.63109616447942,102.65550748297944,103.30347442626953,178552100,0.0,0.0,0.0
2008-05-21 00:00:00-04:00,103.24522235902214,103.47091707320858,101.19939464757712,101.55614471435547,252724800,0.0,0.0,0.0
2008-05-22 00:00:00-04:00,101.51246363293282,102.05122706016519,101.19940605453812,101.57070922851562,170820400,0.0,0.0,0.0
2008-05-23 00:00:00-04:00,101.23580917831579,101.67992211634443,100.12188856656076,100.2092514038086,181376400,0.0,0.0,0.0
2008-05-27 00:00:00-04:00,100.32577023983559,101.19943218070384,100.12919269264559,100.95189666748047,168322900,0.0,0.0,0.0
2008-05-28 00:00:00-04:00,101.32317331046828,101.92745886398154,100.4713523087818,101.4178237915039,181288100,0.0,0.0,0.0
2008-05-29 00:00:00-04:00,101.29404933294947,102.60453625813327,101.25764444964754,101.92745208740234,173927200,0.0,0.0,0.0
2008-05-30 00:00:00-04:00,102.26967487578084,102.46625242913521,101.88380741388704,102.18231201171875,117362000,0.0,0.0,0.0
2008-06-02 00:00:00-04:00,101.80370522085622,101.8255459334682,100.47136620546087,101.1266098022461,181069900,0.0,0.0,0.0
2008-06-03 00:00:00-04:00,101.41786068516177,101.65083204195382,99.91078451986635,100.53691101074219,271965700,0.0,0.0,0.0
2008-06-04 00:00:00-04:00,100.25297181577365,101.31593488897678,100.07824607331847,100.48595428466797,246637700,0.0,0.0,0.0
2008-06-05 00:00:00-04:00,100.8936309782947,102.5754323793486,100.70434111336117,102.49534606933594,237867100,0.0,0.0,0.0
2008-06-06 00:00:00-04:00,101.59980901549062,101.78182228455843,99.17539093840246,99.22634887695312,384276300,0.0,0.0,0.0
2008-06-09 00:00:00-04:00,99.64139637455385,100.10735014175418,98.5857210858109,99.46665954589844,228263900,0.0,0.0,0.0
2008-06-10 00:00:00-04:00,98.77497252075706,99.81609433359704,98.54200128248581,98.97154998779297,260234900,0.0,0.0,0.0
2008-06-11 00:00:00-04:00,98.9933734285218,99.20450392354411,97.50813899539835,97.51542663574219,283890100,0.0,0.0,0.0
2008-06-12 00:00:00-04:00,97.99598682542945,98.92060659518278,97.20968786251498,97.88677215576172,252791800,0.0,0.0,0.0
2008-06-13 00:00:00-04:00,98.41096157217714,99.3938379543254,97.864921606364,99.12445068359375,244726900,0.0,0.0,0.0
2008-06-16 00:00:00-04:00,98.68759981822674,99.69230554085908,98.62207770550894,99.18267059326172,185832500,0.0,0.0,0.0
2008-06-17 00:00:00-04:00,99.79425876944698,99.83065254255767,98.556559425794,98.70217895507812,191707700,0.0,0.0,0.0
2008-06-18 00:00:00-04:00,98.06151807658874,98.66580375543843,97.34802882713345,97.74117279052734,265893000,0.0,0.0,0.0
2008-06-19 00:00:00-04:00,97.66834407162564,98.46193059797855,97.19511387844891,97.86492156982422,304204900,0.0,0.0,0.0
2008-06-20 00:00:00-04:00,97.19832137941705,97.38124505462588,96.01297953679187,96.2763900756836,289275700,0.669,0.0,0.0
2008-06-23 00:00:00-04:00,96.64958161565897,96.75201846031871,96.0861845524198,96.1812973022461,165096400,0.0,0.0,0.0
2008-06-24 00:00:00-04:00,95.88864437114997,96.90570010595582,95.25938614326269,95.99108123779297,267300600,0.0,0.0,0.0
2008-06-25 00:00:00-04:00,96.37885991173921,97.60810207125431,96.02764946113189,96.44470977783203,287853900,0.0,0.0,0.0
2008-06-26 00:00:00-04:00,95.5374002340294,96.15933414666418,93.71547607042999,93.82522583007812,297775000,0.0,0.0,0.0
2008-06-27 00:00:00-04:00,93.86180514060236,94.28618945121738,92.95450517980221,93.31303405761719,303423400,0.0,0.0,0.0
2008-06-30 00:00:00-04:00,93.57647090368583,94.32280291227994,93.14477354338095,93.64232635498047,258842600,0.0,0.0,0.0
2008-07-01 00:00:00-04:00,92.57402393843427,94.00083215247076,92.1423266845878,93.93498229980469,388622000,0.0,0.0,0.0
2008-07-02 00:00:00-04:00,94.23496698214645,94.50570164617999,92.15695646050636,92.32524871826172,288064600,0.0,0.0,0.0
2008-07-03 00:00:00-04:00,93.00571474964933,93.00571474964933,91.45451995954386,92.42035675048828,239352500,0.0,0.0,0.0
2008-07-07 00:00:00-04:00,92.77158919567239,93.17401800720762,90.67162300059562,91.47648620605469,372427300,0.0,0.0,0.0
2008-07-08 00:00:00-04:00,91.45453952170706,93.21060831242646,90.8764999090492,93.1008529663086,375973700,0.0,0.0,0.0
2008-07-09 00:00:00-04:00,93.29112048898067,93.46672574094946,91.01554839752097,91.3082275390625,336729400,0.0,0.0,0.0
2008-07-10 00:00:00-04:00,91.04478944438006,92.03989487643024,90.42284994494584,91.68136596679688,436475700,0.0,0.0,0.0
2008-07-11 00:00:00-04:00,90.70821442148404,92.12038575157658,89.62530355173058,90.61309051513672,481124600,0.0,0.0,0.0
2008-07-14 00:00:00-04:00,91.65206883055396,91.82767397468821,89.55942178979879,89.79356384277344,322720800,0.0,0.0,0.0
2008-07-15 00:00:00-04:00,89.12047074677439,90.35703174375637,87.81804870161693,88.52779388427734,502502500,0.0,0.0,0.0
2008-07-16 00:00:00-04:00,88.86433401863982,91.1472238760146,88.60824194707259,90.70088958740234,371642900,0.0,0.0,0.0
2008-07-17 00:00:00-04:00,91.56427728799551,92.38377738829547,90.79599559506507,91.6081771850586,375490600,0.0,0.0,0.0
2008-07-18 00:00:00-04:00,92.31794279341437,92.50086651564072,91.57161646298208,92.17892456054688,267030100,0.0,0.0,0.0
2008-07-21 00:00:00-04:00,92.56673497114895,92.77892718864732,91.60089780531588,92.23015594482422,222863000,0.0,0.0,0.0
2008-07-22 00:00:00-04:00,91.57163092818669,93.51062380655863,91.35212019388426,93.27648162841797,296904200,0.0,0.0,0.0
2008-07-23 00:00:00-04:00,93.57642979376502,94.4983610477502,93.32765628845108,93.78130340576172,311698400,0.0,0.0,0.0
2008-07-24 00:00:00-04:00,93.90572975356115,93.95695376054606,91.57894510846876,91.83503723144531,248634500,0.0,0.0,0.0
2008-07-25 00:00:00-04:00,92.11306419015081,92.55207998353124,91.58624300513883,91.81307220458984,219131000,0.0,0.0,0.0
2008-07-28 00:00:00-04:00,91.83504571655507,92.23747463773225,90.30580018538949,90.4667739868164,205201300,0.0,0.0,0.0
2008-07-29 00:00:00-04:00,90.71552748160775,92.47159060773481,90.46674833656034,92.39842224121094,261505600,0.0,0.0,0.0
2008-07-30 00:00:00-04:00,93.00575605107693,94.09598566909722,92.39844783417544,94.04476165771484,354710000,0.0,0.0,0.0
2008-07-31 00:00:00-04:00,93.21793104154575,94.07401831408554,92.65452284443221,92.80086517333984,277402100,0.0,0.0,0.0
2008-08-01 00:00:00-04:00,93.01305722891323,93.13012550948093,91.79844102148762,92.31063079833984,248690900,0.0,0.0,0.0
2008-08-04 00:00:00-04:00,92.22281825251913,92.29598662000097,91.28624975101891,91.45453643798828,188239600,0.0,0.0,0.0
2008-08-05 00:00:00-04:00,92.20820278159286,94.0667087784446,91.43992636987987,93.92037200927734,251577600,0.0,0.0,0.0
2008-08-06 00:00:00-04:00,93.67159130781299,94.60815995745635,93.27647536204667,94.3374252319336,209555400,0.0,0.0,0.0
2008-08-07 00:00:00-04:00,93.62768702411813,93.97890306346677,92.58868151389564,92.93257904052734,246312500,0.0,0.0,0.0
2008-08-08 00:00:00-04:00,92.61793899587605,95.06911013827927,92.4715966708445,94.65936279296875,260811700,0.0,0.0,0.0
2008-08-11 00:00:00-04:00,94.7325184210599,96.22517077091183,94.55690766499322,95.63982391357422,249425800,0.0,0.0,0.0
2008-08-12 00:00:00-04:00,95.32520043906874,95.63251092428433,94.19107123294026,94.64472961425781,213200800,0.0,0.0,0.0
2008-08-13 00:00:00-04:00,94.23497535266402,94.8642333738187,93.41548068875187,94.07401275634766,256393200,0.0,0.0,0.0
2008-08-14 00:00:00-04:00,93.53985075644384,95.32518766783775,93.47400091088639,94.78372955322266,239555300,0.0,0.0,0.0
2008-08-15 00:00:00-04:00,95.06911728513944,95.48618875604117,94.60815706940113,95.2447280883789,181000800,0.0,0.0,0.0
2008-08-18 00:00:00-04:00,95.43494368102039,95.47153065254808,93.40815720274507,93.94229125976562,172275100,0.0,0.0,0.0
2008-08-19 00:00:00-04:00,93.2325672777669,93.4301280363546,92.58135923220917,92.91793823242188,194673700,0.0,0.0,0.0
2008-08-20 00:00:00-04:00,93.21060845239961,93.62035579064022,92.44232661080966,93.3496322631836,225498200,0.0,0.0,0.0
2008-08-21 00:00:00-04:00,92.74233059311914,93.97889678739193,92.632575239253,93.51061248779297,180609800,0.0,0.0,0.0
2008-08-22 00:00:00-04:00,94.14720736857588,94.86426544189453,93.51063620301206,94.86426544189453,167715300,0.0,0.0,0.0
2008-08-25 00:00:00-04:00,94.24234061661434,94.86427481546319,92.74236327739625,92.9399185180664,171936900,0.0,0.0,0.0
2008-08-26 00:00:00-04:00,92.93984989439258,93.56179479880045,92.61790805166373,93.21057891845703,159117200,0.0,0.0,0.0
2008-08-27 00:00:00-04:00,93.3276805133281,94.26424902978039,93.14475680050887,94.11791229248047,171032800,0.0,0.0,0.0
2008-08-28 00:00:00-04:00,94.5935162253996,95.36911103669672,94.46912943158573,95.25936126708984,167537100,0.0,0.0,0.0
2008-08-29 00:00:00-04:00,94.92278037380115,95.2227779753782,94.03011166384613,94.2349853515625,189195800,0.0,0.0,0.0
2008-09-02 00:00:00-04:00,95.1423091884495,95.63986764241288,93.30575299717981,93.64965057373047,252364900,0.0,0.0,0.0
2008-09-03 00:00:00-04:00,93.56914520263672,94.0227980667825,92.87403725533217,93.56914520263672,251947000,0.0,0.0,0.0
2008-09-04 00:00:00-04:00,92.90329022457823,93.09353243682521,90.70088729986892,90.75210571289062,340042500,0.0,0.0,0.0
2008-09-05 00:00:00-04:00,90.21067750180303,91.42528830275609,89.26679027896652,91.03749084472656,289503400,0.0,0.0,0.0
2008-09-08 00:00:00-04:00,93.68621456473696,93.83256248355964,91.03748247277066,92.91793823242188,364075300,0.0,0.0,0.0
2008-09-09 00:00:00-04:00,92.99839731747193,93.18863950676256,89.85211338707775,90.159423828125,377326800,0.0,0.0,0.0
2008-09-10 00:00:00-04:00,90.64968587257012,91.3886993266905,89.6692173303261,90.52529907226562,298916600,0.0,0.0,0.0
2008-09-11 00:00:00-04:00,89.35459173017738,92.00332394837721,88.97410721970684,91.83503723144531,375369400,0.0,0.0,0.0
2008-09-12 00:00:00-04:00,90.94235957600247,92.34721244090963,90.60578059268445,92.25940704345703,297851200,0.0,0.0,0.0
2008-09-15 00:00:00-04:00,88.99603519350285,91.93745137198518,87.72288782346703,87.86922454833984,483607000,0.0,0.0,0.0
2008-09-16 00:00:00-04:00,85.75465158216942,89.5009319837533,85.60831481544082,89.33995819091797,581744300,0.0,0.0,0.0
2008-09-17 00:00:00-04:00,87.53996368917016,89.15700849521163,84.87659511658559,85.32292938232422,624095600,0.0,0.0,0.0
2008-09-18 00:00:00-04:00,86.37657038107491,89.11310727521901,83.26686758878768,87.8545913696289,776114700,0.0,0.0,0.0
2008-09-19 00:00:00-04:00,93.24232294420793,94.19903413047555,90.76224259214948,91.3436279296875,501087800,0.691,0.0,0.0
2008-09-22 00:00:00-04:00,91.5865084830696,91.80728978253552,88.57655674758074,89.27568817138672,249966500,0.0,0.0,0.0
2008-09-23 00:00:00-04:00,88.93714252706769,89.79817931003612,87.04580258466754,87.2445068359375,327470400,0.0,0.0,0.0
2008-09-24 00:00:00-04:00,87.83323625759054,88.31159183631051,86.68518736042243,87.5241470336914,311818400,0.0,0.0,0.0
2008-09-25 00:00:00-04:00,87.87004780695163,89.71723377753405,87.1635556430553,88.89299011230469,328253000,0.0,0.0,0.0
2008-09-26 00:00:00-04:00,87.45058776041311,89.41552006366646,87.21509031898988,88.93716430664062,285917400,0.0,0.0,0.0
2008-09-29 00:00:00-04:00,87.67873118621382,87.8259149931034,81.66618227806724,81.96791076660156,459562300,0.0,0.0,0.0
2008-09-30 00:00:00-04:00,83.53546841128433,85.95668030785612,81.3423931614937,85.3605728149414,328154400,0.0,0.0,0.0
2008-10-01 00:00:00-04:00,84.83064013610567,85.87566489864778,83.85921285795507,85.41202545166016,332783000,0.0,0.0,0.0
2008-10-02 00:00:00-04:00,84.5951639579408,84.71291547067993,81.73239627720942,82.31378173828125,365337800,0.0,0.0,0.0
2008-10-03 00:00:00-04:00,83.05705361514664,84.96310946784779,80.7167961774824,81.20250701904297,461798000,0.0,0.0,0.0
2008-10-06 00:00:00-04:00,78.85493848569966,79.20082665013237,74.06403031319493,77.0666275024414,610637500,0.0,0.0,0.0
2008-10-07 00:00:00-04:00,78.62677176499764,78.9873815683971,73.33543799063405,73.6150894165039,540012100,0.0,0.0,0.0
2008-10-08 00:00:00-04:00,71.76789908147292,75.19733595651344,71.24538939734246,71.76054382324219,725414800,0.0,0.0,0.0
2008-10-09 00:00:00-04:00,73.34281077329914,74.04930313340114,66.41770448586543,66.74887084960938,534485200,0.0,0.0,0.0
2008-10-10 00:00:00-04:00,63.84927490202836,69.1332514118719,61.509017771157296,65.12979125976562,871026300,0.0,0.0,0.0
2008-10-13 00:00:00-04:00,69.08177018826643,74.5865249633789,66.19691952485846,74.5865249633789,455584000,0.0,0.0,0.0
2008-10-14 00:00:00-04:00,77.05190414385338,77.66272767193107,71.46619557340853,73.4826431274414,546268300,0.0,0.0,0.0
2008-10-15 00:00:00-04:00,71.72374209104485,71.97396122800951,66.02028419624423,66.24842071533203,484627500,0.0,0.0,0.0
2008-10-16 00:00:00-04:00,67.18305993659553,69.74409355690067,63.68739193902241,69.00816345214844,708811200,0.0,0.0,0.0
2008-10-17 00:00:00-04:00,67.69818820606694,72.55532429952022,67.4479747414903,68.59602355957031,476649000,0.0,0.0,0.0
2008-10-20 00:00:00-04:00,70.1709444147169,72.9306827027737,69.24367077781328,72.7172622680664,321294200,0.0,0.0,0.0
2008-10-21 00:00:00-04:00,71.36312441113337,72.59212601571791,70.07524706610535,70.5462417602539,356502000,0.0,0.0,0.0
2008-10-22 00:00:00-04:00,68.58868355723371,70.54626033207869,64.4159612083708,66.70470428466797,516168000,0.0,0.0,0.0
2008-10-23 00:00:00-04:00,66.44709142985678,68.03669661779126,63.15012399552553,67.4773941040039,634666400,0.0,0.0,0.0
2008-10-24 00:00:00-04:00,61.86226253464125,66.17481198431305,61.818108539531075,64.05533599853516,545812600,0.0,0.0,0.0
2008-10-27 00:00:00-04:00,63.26794331782411,65.8731378518297,61.597378008972036,61.7813606262207,397288600,0.0,0.0,0.0
2008-10-28 00:00:00-04:00,64.27612603339728,69.35404435608926,62.20816444875321,69.00080108642578,639939500,0.0,0.0,0.0
2008-10-29 00:00:00-04:00,69.0081540963765,71.51031723624386,67.7791523355903,68.5003662109375,531270100,0.0,0.0,0.0
2008-10-30 00:00:00-04:00,70.48736943561585,71.04667776753361,68.36789320923786,70.87005615234375,414582100,0.0,0.0,0.0
2008-10-31 00:00:00-04:00,69.97220887020674,72.54060237859325,69.53065209965045,71.26008605957031,411394000,0.0,0.0,0.0
2008-11-03 00:00:00-05:00,71.22332059165097,71.89301973799832,70.61249720613228,71.46617889404297,205419400,0.0,0.0,0.0
2008-11-04 00:00:00-05:00,72.90124226185054,74.22591883950388,71.17180745164325,73.8947525024414,346793400,0.0,0.0,0.0
2008-11-05 00:00:00-05:00,73.00426926315792,74.11552537134942,69.91336485240585,70.78912353515625,387844100,0.0,0.0,0.0
2008-11-06 00:00:00-05:00,69.51595483694096,70.2371687874061,66.2778613548318,66.86660766601562,477721900,0.0,0.0,0.0
2008-11-07 00:00:00-05:00,67.44799695595454,69.17743162360439,66.60167619081062,69.07440185546875,380391000,0.0,0.0,0.0
2008-11-10 00:00:00-05:00,70.06789791928263,70.3033953057625,66.91075739713949,68.16919708251953,301773000,0.0,0.0,0.0
2008-11-11 00:00:00-05:00,66.79303579611837,67.80861759180563,65.2402224093855,66.06446075439453,418498200,0.0,0.0,0.0
2008-11-12 00:00:00-05:00,64.93110666797755,65.46097155405708,62.64236390831467,63.15751266479492,454330600,0.0,0.0,0.0
2008-11-13 00:00:00-05:00,63.38564645968268,67.50685879416258,60.41248869938508,67.09473419189453,753141900,0.0,0.0,0.0
2008-11-14 00:00:00-05:00,65.79953069168418,67.74974149117656,63.67268696324255,63.74628448486328,540352300,0.0,0.0,0.0
2008-11-17 00:00:00-05:00,63.5696801613612,65.17400901709303,62.67184958872444,62.899986267089844,415254900,0.0,0.0,0.0
2008-11-18 00:00:00-05:00,62.664455263779224,64.18783049511056,61.01597325074619,64.08480072021484,523811800,0.0,0.0,0.0
2008-11-19 00:00:00-05:00,63.22376843922532,63.93026078273964,59.55147256724397,59.97831344604492,558327600,0.0,0.0,0.0
2008-11-20 00:00:00-05:00,58.970069727377286,60.7215867459925,55.231549540746514,55.525917053222656,814180400,0.0,0.0,0.0
2008-11-21 00:00:00-05:00,57.00514217351033,59.53674339436414,54.709038348919606,58.521156311035156,718536500,0.0,0.0,0.0
2008-11-24 00:00:00-05:00,60.28740910869894,64.01857552245401,59.13935963206742,62.57615280151367,523305300,0.0,0.0,0.0
2008-11-25 00:00:00-05:00,64.24668911509232,64.4012337362027,61.68565032956288,63.039764404296875,454112400,0.0,0.0,0.0
2008-11-26 00:00:00-05:00,62.03890100963867,65.63759824675896,61.994741391810614,65.47569274902344,370134200,0.0,0.0,0.0
2008-11-28 00:00:00-05:00,65.2254847119106,66.32937989525489,65.11509968533717,66.29994201660156,118308100,0.0,0.0,0.0
2008-12-01 00:00:00-05:00,64.40126734403857,64.43070523218846,60.24325968914324,60.427242279052734,369927100,0.0,0.0,0.0
2008-12-02 00:00:00-05:00,61.428102133272894,62.91467884687638,60.375721595207665,62.75277328491211,469508400,0.0,0.0,0.0
2008-12-03 00:00:00-05:00,61.37656904346795,64.63673948253965,61.18522565289443,64.26141357421875,519863500,0.0,0.0,0.0
2008-12-04 00:00:00-05:00,63.334171096459535,64.7986766967663,61.626812721092506,62.77486801147461,444173800,0.0,0.0,0.0
2008-12-05 00:00:00-05:00,61.56057658041146,65.07096197523957,60.52291206353645,64.71035766601562,471905300,0.0,0.0,0.0
2008-12-08 00:00:00-05:00,66.48394877461533,67.98524744481688,64.82075013487426,66.96966552734375,412859300,0.0,0.0,0.0
2008-12-09 00:00:00-05:00,66.50600676822499,67.80123973299435,65.48306435363838,65.8657455444336,370790000,0.0,0.0,0.0
2008-12-10 00:00:00-05:00,66.46922670125613,67.23459491269627,65.49779889725573,66.31468200683594,396187400,0.0,0.0,0.0
2008-12-11 00:00:00-05:00,65.89519199162801,66.96964942959129,64.29822477583545,64.71770477294922,365061000,0.0,0.0,0.0
2008-12-12 00:00:00-05:00,62.95883644453343,65.54930850801246,62.701256359907404,65.49043273925781,415060400,0.0,0.0,0.0
2008-12-15 00:00:00-05:00,65.51251756679864,65.60819210611785,63.50343084693727,64.57788848876953,256694200,0.0,0.0,0.0
2008-12-16 00:00:00-05:00,67.61727142333984,67.72030121232483,64.89433166067552,67.61727142333984,377699500,0.0,0.0,0.0
2008-12-17 00:00:00-05:00,66.85188201530634,68.0220136963936,66.27785748351661,66.96227264404297,281819800,0.0,0.0,0.0
2008-12-18 00:00:00-05:00,67.26404885121579,67.46274761582949,64.91642875852362,65.71123504638672,374673300,0.0,0.0,0.0
2008-12-19 00:00:00-05:00,66.10366536331912,67.23136295589266,65.35434051064802,65.42853546142578,301451300,0.719,0.0,0.0
2008-12-22 00:00:00-05:00,65.71790031289181,65.78466899927434,63.42541252229783,64.59020233154297,243759500,0.0,0.0,0.0
2008-12-23 00:00:00-05:00,64.93885587134021,65.23561860182834,63.655365127875626,63.92245101928711,221625200,0.0,0.0,0.0
2008-12-24 00:00:00-05:00,64.13762163651029,64.44922573055311,63.803766980376274,64.29342651367188,62061600,0.0,0.0,0.0
2008-12-26 00:00:00-05:00,64.72371570527578,64.76823380274594,64.17470822556537,64.66436767578125,74767700,0.0,0.0,0.0
2008-12-29 00:00:00-05:00,64.72372883862788,64.79050316824286,63.507006252769095,64.4789047241211,127795900,0.0,0.0,0.0
2008-12-30 00:00:00-05:00,64.92403045309348,66.0665634652838,64.45662723975974,66.00720977783203,168256300,0.0,0.0,0.0
2008-12-31 00:00:00-05:00,66.08882645789065,67.49102492107535,65.93302725756789,66.94943237304688,193987200,0.0,0.0,0.0
2009-01-02 00:00:00-05:00,67.09778904227896,69.32350069301945,66.6600628076224,68.9673843383789,227566300,0.0,0.0,0.0
2009-01-05 00:00:00-05:00,68.7225910057866,69.48675716423077,68.17358342676377,68.88581085205078,240349700,0.0,0.0,0.0
2009-01-06 00:00:00-05:00,69.47187883182515,70.0728191630029,68.75965178665369,69.34575653076172,328260900,0.0,0.0,0.0
2009-01-07 00:00:00-05:00,68.2551894945751,68.44808618019908,66.91975960991704,67.2684555053711,280899200,0.0,0.0,0.0
2009-01-08 00:00:00-05:00,66.89007988661648,67.5800453019919,66.52654278311923,67.54295349121094,263834400,0.0,0.0,0.0
2009-01-09 00:00:00-05:00,67.6319763811774,67.75067808665078,63.32893059740143,66.09622955322266,330953600,0.0,0.0,0.0
2009-01-12 00:00:00-05:00,65.91077408795027,65.96271282186844,64.10795210583723,64.50857543945312,277858500,0.0,0.0,0.0
2009-01-13 00:00:00-05:00,64.34538998949324,65.19857577169935,63.952175787438755,64.62731170654297,356432300,0.0,0.0,0.0
2009-01-14 00:00:00-05:00,63.46247448840094,63.61827366303614,61.696744848923174,62.59444808959961,435491600,0.0,0.0,0.0
2009-01-15 00:00:00-05:00,62.40895179461221,63.247301079134445,60.62838148261637,62.61668395996094,532647300,0.0,0.0,0.0
2009-01-16 00:00:00-05:00,63.69987923639574,63.7963247207298,61.61513076371278,63.106353759765625,399237200,0.0,0.0,0.0
2009-01-20 00:00:00-05:00,62.49060291639467,63.106379195769414,59.38944265460245,59.775230407714844,419855200,0.0,0.0,0.0
2009-01-21 00:00:00-05:00,60.791637213930194,62.49801362525618,59.701037040017326,62.3570556640625,364360700,0.0,0.0,0.0
2009-01-22 00:00:00-05:00,61.14772936087763,62.34961593831753,60.220349314782254,61.39255905151367,427940300,0.0,0.0,0.0
2009-01-23 00:00:00-05:00,60.02005640133211,62.3125378720621,59.77522663447346,61.659664154052734,386800600,0.0,0.0,0.0
2009-01-26 00:00:00-05:00,62.01579096301217,63.328965024186516,61.43710639108388,62.08256530761719,317978800,0.0,0.0,0.0
2009-01-27 00:00:00-05:00,62.416406248094155,63.17315179811409,61.800629985575874,62.71316909790039,273789700,0.0,0.0,0.0
2009-01-28 00:00:00-05:00,64.10050806468637,65.25045589242644,63.85567838112963,64.83499145507812,330007000,0.0,0.0,0.0
2009-01-29 00:00:00-05:00,63.88537323468093,64.90919902695299,62.66865075912976,62.728004455566406,294392500,0.0,0.0,0.0
2009-01-30 00:00:00-05:00,63.047065422389764,63.358664045462994,60.99198618389389,61.451969146728516,383383600,0.0,0.0,0.0
2009-02-02 00:00:00-05:00,60.517135466774405,61.71160188093104,60.32423875770517,61.26646041870117,288233300,0.0,0.0,0.0
2009-02-03 00:00:00-05:00,61.652256814371924,62.58705797822188,60.99938295564902,62.1270751953125,278385800,0.0,0.0,0.0
2009-02-04 00:00:00-05:00,62.542531646848076,63.3363689819971,61.60773069041268,61.82288360595703,322989300,0.0,0.0,0.0
2009-02-05 00:00:00-05:00,61.35545449863847,63.27698867554433,57.668196615897514,62.74281692504883,417679400,0.0,0.0,0.0
2009-02-06 00:00:00-05:00,62.95800631442171,64.79792601217265,62.82446329923968,64.53084564208984,366101700,0.0,0.0,0.0
2009-02-09 00:00:00-05:00,64.51600688218832,65.09469141695163,64.04118851211169,64.619873046875,240075200,0.0,0.0,0.0
2009-02-10 00:00:00-05:00,64.00407869712119,64.56792752556767,61.17000462033544,61.659664154052734,536212800,0.0,0.0,0.0
2009-02-11 00:00:00-05:00,61.91191420697504,62.357061334153016,61.132918054975285,62.02320098876953,324442500,0.0,0.0,0.0
2009-02-12 00:00:00-05:00,60.96226949341674,62.18641261045035,60.13134037467788,62.067710876464844,469302200,0.0,0.0,0.0
2009-02-13 00:00:00-05:00,61.98611430503175,62.49802448725809,61.38516789765452,61.40000915527344,293998400,0.0,0.0,0.0
2009-02-17 00:00:00-05:00,59.47102743647968,61.54835524309124,58.73653840009686,58.77363586425781,478910100,0.0,0.0,0.0
2009-02-18 00:00:00-05:00,59.19655848664447,59.30784528947554,58.07628114930044,58.63270950317383,362964800,0.0,0.0,0.0
2009-02-19 00:00:00-05:00,59.23361773913377,59.463611847910194,57.883352569377045,58.00205993652344,316867500,0.0,0.0,0.0
2009-02-20 00:00:00-05:00,56.92630715545138,58.1207676134516,56.214074199971385,57.43821716308594,477176600,0.0,0.0,0.0
2009-02-23 00:00:00-05:00,58.068841703241915,58.068841703241915,55.33863390518058,55.38315200805664,379641400,0.0,0.0,0.0
2009-02-24 00:00:00-05:00,55.857985059851146,57.83144789486098,55.420258504012175,57.482757568359375,426260900,0.0,0.0,0.0
2009-02-25 00:00:00-05:00,57.23047822988393,58.180114512648245,56.110201524304735,57.03016662597656,461985800,0.0,0.0,0.0
2009-02-26 00:00:00-05:00,57.73498938734187,59.10751113867624,56.03602794974927,56.10280227661133,363353900,0.0,0.0,0.0
2009-02-27 00:00:00-05:00,54.908337465643264,56.154736885132245,54.7599532131562,54.84898376464844,470510900,0.0,0.0,0.0
2009-03-02 00:00:00-05:00,53.80290354807731,54.841570819874896,52.20781364741384,52.378448486328125,426452600,0.0,0.0,0.0
2009-03-03 00:00:00-05:00,53.12777048978263,53.194539163761426,51.66621802747225,51.98523712158203,443761000,0.0,0.0,0.0
2009-03-04 00:00:00-05:00,52.84583715613744,54.06255955677018,51.98522559163738,53.21678924560547,462753100,0.0,0.0,0.0
2009-03-05 00:00:00-05:00,52.00748665259632,53.21679419941222,50.575611227549174,51.04301452636719,485549400,0.0,0.0,0.0
2009-03-06 00:00:00-05:00,51.488166160779414,52.267162379598496,49.78178378764579,51.132049560546875,490470000,0.0,0.0,0.0
2009-03-09 00:00:00-04:00,50.41240143592535,51.93330771159164,50.2491872234681,50.53110885620117,379905300,0.0,0.0,0.0
2009-03-10 00:00:00-04:00,51.56976946976763,53.69161622025636,51.465903320606415,53.54323196411133,406227900,0.0,0.0,0.0
2009-03-11 00:00:00-04:00,54.15901563584765,54.715443878681704,53.29098893549392,53.891929626464844,356648300,0.0,0.0,0.0
2009-03-12 00:00:00-04:00,53.87708884788236,56.19924712023198,53.39484995175832,56.013771057128906,409702700,0.0,0.0,0.0
2009-03-13 00:00:00-04:00,56.39214427070623,57.111792307060895,55.442507725517515,56.45149230957031,337474700,0.0,0.0,0.0
2009-03-16 00:00:00-04:00,57.096939022401465,57.84626375045335,56.24374817287059,56.280845642089844,360644900,0.0,0.0,0.0
2009-03-17 00:00:00-04:00,56.43664190902299,58.13560289442372,55.97665935174895,58.00205993652344,356814300,0.0,0.0,0.0
2009-03-18 00:00:00-04:00,57.727579489773234,60.0200670266202,57.178571819250564,59.300418853759766,473273200,0.0,0.0,0.0
2009-03-19 00:00:00-04:00,60.04230961767948,60.094242687417896,58.380445725770045,58.565921783447266,428520400,0.0,0.0,0.0
2009-03-20 00:00:00-04:00,58.85060897102519,58.96269227352799,57.18431831582723,57.318817138671875,371078200,0.561,0.0,0.0
2009-03-23 00:00:00-04:00,58.83566527891804,61.48827890552401,58.5143628314767,61.43597412109375,419933300,0.0,0.0,0.0
2009-03-24 00:00:00-04:00,60.70370357291971,61.54058585402686,60.15824018765058,60.225486755371094,330271000,0.0,0.0,0.0
2009-03-25 00:00:00-04:00,60.69620195084488,61.794601854787494,59.07474307201428,60.8605842590332,441775100,0.0,0.0,0.0
2009-03-26 00:00:00-04:00,61.458370343531136,62.242947564403714,60.763460882435815,62.100975036621094,422025200,0.0,0.0,0.0
2009-03-27 00:00:00-04:00,61.30893204202293,61.667591692792115,60.755989387499206,60.98015594482422,322332300,0.0,0.0,0.0
2009-03-30 00:00:00-04:00,59.62770827275681,59.68001304998161,58.25283088445855,58.87302017211914,324108500,0.0,0.0,0.0
2009-03-31 00:00:00-04:00,59.448361542946174,60.58413035024826,59.06728639516263,59.41847229003906,364238300,0.0,0.0,0.0
2009-04-01 00:00:00-04:00,58.67875813895535,60.838207748568955,58.52931750815369,60.569210052490234,377018300,0.0,0.0,0.0
2009-04-02 00:00:00-04:00,62.078564031599676,63.221800973047934,60.62149275852847,62.340087890625,476230700,0.0,0.0,0.0
2009-04-03 00:00:00-04:00,62.38494204169473,62.97524222841262,61.77222633029554,62.96030044555664,284646300,0.0,0.0,0.0
2009-04-06 00:00:00-04:00,62.27286280311195,62.97524636011323,61.48829088381854,62.467140197753906,264866600,0.0,0.0,0.0
2009-04-07 00:00:00-04:00,61.45840608822869,61.75729309386245,60.90546883332328,61.01007843017578,258947800,0.0,0.0,0.0
2009-04-08 00:00:00-04:00,61.31641465749407,61.97396700821919,60.927865659987724,61.667606353759766,230402800,0.0,0.0,0.0
2009-04-09 00:00:00-04:00,63.266645233194645,64.12594297889956,63.01259506010983,64.11846923828125,269653500,0.0,0.0,0.0
2009-04-13 00:00:00-04:00,63.4534700071356,64.6639598553244,63.19941974931579,64.13343811035156,224847500,0.0,0.0,0.0
2009-04-14 00:00:00-04:00,63.5356212855858,64.0810901493891,62.8257700896256,63.02751541137695,276598800,0.0,0.0,0.0
2009-04-15 00:00:00-04:00,62.64645617926231,63.827056367666515,62.47460004977699,63.70003128051758,250726100,0.0,0.0,0.0
2009-04-16 00:00:00-04:00,64.20813646308696,65.11973898357851,63.341364984326546,64.63404846191406,335202900,0.0,0.0,0.0
2009-04-17 00:00:00-04:00,64.88064021169086,65.49335590962556,64.36506035217212,65.06744384765625,262649000,0.0,0.0,0.0
2009-04-20 00:00:00-04:00,63.91671048462526,65.0450056487546,62.27283564070845,62.340087890625,293690100,0.0,0.0,0.0
2009-04-21 00:00:00-04:00,61.88430462432069,63.61036829401649,61.83199983738428,63.55806350708008,114090900,0.0,0.0,0.0
2009-04-22 00:00:00-04:00,62.98271768662596,64.51450415647042,62.81832956675699,63.16952133178711,340395200,0.0,0.0,0.0
2009-04-23 00:00:00-04:00,63.29652771138073,63.827049222549256,62.48953483490193,63.78969192504883,324903700,0.0,0.0,0.0
2009-04-24 00:00:00-04:00,64.28285993902671,65.23929354845583,64.02880975561946,64.75360870361328,287703000,0.0,0.0,0.0
2009-04-27 00:00:00-04:00,64.02134066933503,65.0151373548335,63.91673109199776,64.1408920288086,289581600,0.0,0.0,0.0
2009-04-28 00:00:00-04:00,63.49083551724933,64.70131971221764,63.33392111052366,63.93916320800781,247926300,0.0,0.0,0.0
2009-04-29 00:00:00-04:00,64.64895585535955,66.02383264535116,64.48457355618257,65.29903411865234,311505700,0.0,0.0,0.0
2009-04-30 00:00:00-04:00,66.16584342413682,66.51702943544274,64.94788019274415,65.32148742675781,301419800,0.0,0.0,0.0
2009-05-01 00:00:00-04:00,65.33643946209155,65.91179213422161,64.79844409549004,65.67268371582031,236110300,0.0,0.0,0.0
2009-05-04 00:00:00-04:00,66.16586211134494,67.9517047382418,66.03883128329959,67.90686798095703,287120000,0.0,0.0,0.0
2009-05-05 00:00:00-04:00,67.67520904541016,67.94420668970858,67.12974001647346,67.67520904541016,243036300,0.0,0.0,0.0
2009-05-06 00:00:00-04:00,68.50460973037892,68.89315867208698,67.70509062848576,68.84832763671875,291941000,0.0,0.0,0.0
2009-05-07 00:00:00-04:00,69.49837992837162,69.60298943861845,67.45848307697703,67.8918685913086,317728000,0.0,0.0,0.0
2009-05-08 00:00:00-04:00,68.7661634735026,69.65535073314666,68.32530956544755,69.47602081298828,299081700,0.0,0.0,0.0
2009-05-11 00:00:00-04:00,68.51957557099063,68.82593628904105,68.02641690637601,68.17585754394531,247923600,0.0,0.0,0.0
2009-05-12 00:00:00-04:00,68.46724908453368,68.61669537554717,67.13720844887558,67.97409057617188,282431300,0.0,0.0,0.0
2009-05-13 00:00:00-04:00,67.0550308127881,67.25678192979768,66.12848638508396,66.26298522949219,269619100,0.0,0.0,0.0
2009-05-14 00:00:00-04:00,66.29286862266045,67.3389700197483,66.12848052730169,66.83086395263672,260098700,0.0,0.0,0.0
2009-05-15 00:00:00-04:00,66.7785877761594,67.24933104116081,65.86698482102956,66.2854232788086,271502700,0.0,0.0,0.0
2009-05-18 00:00:00-04:00,66.91306016043323,68.25056908684333,66.18078744859399,68.16838073730469,241447400,0.0,0.0,0.0
2009-05-19 00:00:00-04:00,68.13099741381339,68.72129737161728,67.85452608143665,68.08616638183594,206102200,0.0,0.0,0.0
2009-05-20 00:00:00-04:00,68.70634035864119,69.34147696107023,67.55563555843743,67.63035583496094,285722200,0.0,0.0,0.0
2009-05-21 00:00:00-04:00,66.84580018383073,67.09985604669065,65.94914517551064,66.65899658203125,258988400,0.0,0.0,0.0
2009-05-22 00:00:00-04:00,66.84582032989074,67.24931691547904,66.2629938287505,66.51704406738281,166811900,0.0,0.0,0.0
2009-05-26 00:00:00-04:00,66.02387535605831,68.41495953658239,65.99398609120247,68.22068786621094,236318500,0.0,0.0,0.0
2009-05-27 00:00:00-04:00,68.32527322803665,68.5569078225842,66.89809126613986,67.00270080566406,246015800,0.0,0.0,0.0
2009-05-28 00:00:00-04:00,67.59301150363625,68.25055809965052,66.57679950020031,67.93672943115234,289095000,0.0,0.0,0.0
2009-05-29 00:00:00-04:00,68.3103241026259,70.0139716489706,67.75738716408065,69.13973236083984,258641500,0.0,0.0,0.0
2009-06-01 00:00:00-04:00,69.99155728810572,71.11237866084453,69.81222746468937,70.81349182128906,276246800,0.0,0.0,0.0
2009-06-02 00:00:00-04:00,70.53701641318486,71.26181504580765,70.40999137675179,70.87326049804688,230874500,0.0,0.0,0.0
2009-06-03 00:00:00-04:00,70.2680213470857,70.33526788611688,69.31158812003089,69.97660827636719,235310500,0.0,0.0,0.0
2009-06-04 00:00:00-04:00,70.238178191279,70.73881064636636,69.71513020847064,70.63420104980469,210102300,0.0,0.0,0.0
2009-06-05 00:00:00-04:00,71.35154033462132,71.48603922793282,70.08875118714867,70.64916229248047,284257900,0.0,0.0,0.0
2009-06-08 00:00:00-04:00,70.11859010385099,71.0600817573907,69.52082205936314,70.35770416259766,238565100,0.0,0.0,0.0
2009-06-09 00:00:00-04:00,70.75374026226291,71.08998449474606,70.25310223282277,70.71637725830078,225125500,0.0,0.0,0.0
2009-06-10 00:00:00-04:00,71.34404134972564,71.35150938998437,69.63291949945156,70.53704833984375,296100400,0.0,0.0,0.0
2009-06-11 00:00:00-04:00,70.67153075765283,71.8147677390117,70.65658327901953,70.85086059570312,275414200,0.0,0.0,0.0
2009-06-12 00:00:00-04:00,70.5370522813343,71.0899894334643,70.23816533125517,71.04515838623047,184361800,0.0,0.0,0.0
2009-06-15 00:00:00-04:00,70.20827480586333,70.25310585229239,69.04262199235319,69.41622924804688,224190500,0.0,0.0,0.0
2009-06-16 00:00:00-04:00,69.66282090361608,69.70765195615792,68.42991565155972,68.47474670410156,227319000,0.0,0.0,0.0
2009-06-17 00:00:00-04:00,68.44484326436596,68.99031232746749,67.86949063962047,68.40748596191406,223445200,0.0,0.0,0.0
2009-06-18 00:00:00-04:00,68.51211161655162,69.24437876543523,68.18333535333312,68.90813446044922,211725100,0.0,0.0,0.0
2009-06-19 00:00:00-04:00,69.56787747236474,69.65804603409167,68.77135220146867,69.16210174560547,215655600,0.518,0.0,0.0
2009-06-22 00:00:00-04:00,68.4858280826794,68.52340214927177,67.06561550705223,67.0881576538086,251913600,0.0,0.0,0.0
2009-06-23 00:00:00-04:00,67.23091373613961,67.53899921207042,66.7650218103219,67.14073944091797,188309800,0.0,0.0,0.0
2009-06-24 00:00:00-04:00,67.74938029163509,68.4406990946941,67.32857280599552,67.71932220458984,211577700,0.0,0.0,0.0
2009-06-25 00:00:00-04:00,67.38120722355497,69.25979561988245,67.30606483430122,69.19216918945312,279411000,0.0,0.0,0.0
2009-06-26 00:00:00-04:00,68.95924055910488,69.31241619849823,68.58352276962235,69.0118408203125,167579000,0.0,0.0,0.0
2009-06-29 00:00:00-04:00,69.2147216203094,69.74824011620362,68.8314879252595,69.65806579589844,168481300,0.0,0.0,0.0
2009-06-30 00:00:00-04:00,69.67306780786318,69.92855300622821,68.5834834039661,69.0944595336914,228888200,0.0,0.0,0.0
2009-07-01 00:00:00-04:00,69.38752273635497,70.05630533023103,69.289838225472,69.38001251220703,173041100,0.0,0.0,0.0
2009-07-02 00:00:00-04:00,68.47829881444035,69.40256678280906,67.44883609265176,67.48640441894531,212309900,0.0,0.0,0.0
2009-07-06 00:00:00-04:00,66.83264711887074,67.57656634600741,66.6222461845691,67.4788818359375,174499600,0.0,0.0,0.0
2009-07-07 00:00:00-04:00,67.41124826371355,67.49390659087044,66.12629481381366,66.17137908935547,197088900,0.0,0.0,0.0
2009-07-08 00:00:00-04:00,66.56961796755257,66.72742434852857,65.37483917583118,66.12627410888672,248050500,0.0,0.0,0.0
2009-07-09 00:00:00-04:00,66.58468458595101,66.80260151809208,66.05868215181505,66.2540512084961,163777600,0.0,0.0,0.0
2009-07-10 00:00:00-04:00,65.90085482539764,66.49448923198518,65.63785369159172,66.09622955322266,173520300,0.0,0.0,0.0
2009-07-13 00:00:00-04:00,66.35923791616266,67.75690778864377,65.81820367739637,67.70430755615234,217413500,0.0,0.0,0.0
2009-07-14 00:00:00-04:00,67.91469184508509,68.14764058874977,67.4262636914844,68.0875244140625,181487400,0.0,0.0,0.0
2009-07-15 00:00:00-04:00,68.98927280114086,70.26671624617437,68.14015297918641,70.078857421875,220877900,0.0,0.0,0.0
2009-07-16 00:00:00-04:00,69.88348240601489,71.01815130623325,69.74822382365113,69.96614074707031,231174500,0.0,0.0,0.0
2009-07-17 00:00:00-04:00,70.67999711339047,70.87537188178548,70.2892533095964,70.73259735107422,138561700,0.0,0.0,0.0
2009-07-20 00:00:00-04:00,71.14590330208208,71.6042793508611,70.77770156442251,71.48404693603516,164179400,0.0,0.0,0.0
2009-07-21 00:00:00-04:00,72.04012257670034,72.06266472414777,70.95053767509305,71.81468963623047,217718300,0.0,0.0,0.0
2009-07-22 00:00:00-04:00,71.35625675519164,72.23543420413094,71.3036565419985,71.79960632324219,196068100,0.0,0.0,0.0
2009-07-23 00:00:00-04:00,71.84472541218054,73.70077141507068,71.7846092156749,73.38516998291016,258795500,0.0,0.0,0.0
2009-07-24 00:00:00-04:00,73.03951797145697,73.74586907606519,72.65629004844354,73.68575286865234,154003100,0.0,0.0,0.0
2009-07-27 00:00:00-04:00,73.55047292664018,73.94122242844443,73.14469724384134,73.90364837646484,159259400,0.0,0.0,0.0
2009-07-28 00:00:00-04:00,73.3851869772841,73.91870544558151,72.93432113207741,73.55801391601562,186685200,0.0,0.0,0.0
2009-07-29 00:00:00-04:00,73.21985431105706,73.70828264861053,72.87419477591325,73.37765502929688,194399300,0.0,0.0,0.0
2009-07-30 00:00:00-04:00,74.26432873656567,75.01576380041924,74.09149614936175,74.14409637451172,225575400,0.0,0.0,0.0
2009-07-31 00:00:00-04:00,74.12909431570824,74.74527103923856,73.9262035719747,74.24932098388672,207358000,0.0,0.0,0.0
2009-08-03 00:00:00-04:00,75.0308170413785,75.54179329841818,74.62504127258256,75.47416687011719,175776900,0.0,0.0,0.0
2009-08-04 00:00:00-04:00,75.13602954951163,75.7747485397412,74.97822879190181,75.66954803466797,176714600,0.0,0.0,0.0
2009-08-05 00:00:00-04:00,75.72214110248075,75.78977326818072,74.82793689420294,75.45162963867188,184726400,0.0,0.0,0.0
2009-08-06 00:00:00-04:00,75.79726097493311,75.90997165409345,74.70767663475917,75.06085205078125,193203800,0.0,0.0,0.0
2009-08-07 00:00:00-04:00,75.84991132822559,76.66897338070657,75.43661945486448,76.04528045654297,220640900,0.0,0.0,0.0
2009-08-10 00:00:00-04:00,75.69956190031249,76.06025323047996,75.34638652554275,75.88742065429688,130898700,0.0,0.0,0.0
2009-08-11 00:00:00-04:00,75.54932712941458,75.60192738597989,74.7377753998371,74.94066619873047,157301000,0.0,0.0,0.0
2009-08-12 00:00:00-04:00,74.81289839037201,76.31576902566592,74.77533006428756,75.74468231201172,219052400,0.0,0.0,0.0
2009-08-13 00:00:00-04:00,76.09036005307938,76.35336133050454,75.33892455586587,76.32330322265625,176449500,0.0,0.0,0.0
2009-08-14 00:00:00-04:00,76.28568888312344,76.34580506708447,74.91807722948158,75.73714447021484,199616100,0.0,0.0,0.0
2009-08-17 00:00:00-04:00,74.27937957796892,74.35452196270455,73.72331905132954,73.87360382080078,237667500,0.0,0.0,0.0
2009-08-18 00:00:00-04:00,74.03893006045023,74.72273903566992,73.90367145727474,74.45973205566406,173461500,0.0,0.0,0.0
2009-08-19 00:00:00-04:00,73.87361009532289,75.36897062365506,73.79846770420498,75.11347961425781,192812800,0.0,0.0,0.0
2009-08-20 00:00:00-04:00,75.21112799335422,76.06025323047996,75.04581710556309,75.88742065429688,174131300,0.0,0.0,0.0
2009-08-21 00:00:00-04:00,76.51116085085475,77.49553950161297,76.36087604705882,77.37531280517578,224605000,0.0,0.0,0.0
2009-08-24 00:00:00-04:00,77.69092300488298,78.11172508888014,77.08977225660267,77.36780548095703,191279000,0.0,0.0,0.0
2009-08-25 00:00:00-04:00,77.6758518375849,78.34462864796531,77.35273450076104,77.51805114746094,215310600,0.0,0.0,0.0
2009-08-26 00:00:00-04:00,77.27762153585871,77.87877220935883,77.01462026607655,77.52559661865234,194620700,0.0,0.0,0.0
2009-08-27 00:00:00-04:00,77.48050832838965,77.93888440336683,76.6013302434652,77.69842529296875,196230100,0.0,0.0,0.0
2009-08-28 00:00:00-04:00,78.32210472555965,78.41227329345973,77.14986174589073,77.68338012695312,147024400,0.0,0.0,0.0
2009-08-31 00:00:00-04:00,76.92443137719513,77.0822320974196,76.48859754057737,76.99205780029297,176051600,0.0,0.0,0.0
2009-09-01 00:00:00-04:00,76.60880411464093,77.57815605582357,75.13599204576495,75.29379272460938,321276800,0.0,0.0,0.0
2009-09-02 00:00:00-04:00,74.97823504318596,75.47418523673585,74.82043427241955,75.00829315185547,171805000,0.0,0.0,0.0
2009-09-03 00:00:00-04:00,75.44406114570263,75.72208837499018,74.83539501022281,75.63191986083984,143572300,0.0,0.0,0.0
2009-09-04 00:00:00-04:00,75.78224654664137,76.71402468497823,75.55681940331591,76.69148254394531,142687900,0.0,0.0,0.0
2009-09-08 00:00:00-04:00,77.39782170192858,77.43539575323445,76.93944579437462,77.35273742675781,132909100,0.0,0.0,0.0
2009-09-09 00:00:00-04:00,77.48801224091555,78.2093894599571,77.24755316790171,77.9463882446289,154612500,0.0,0.0,0.0
2009-09-10 00:00:00-04:00,77.99897021719681,78.79548963504142,77.56313645788761,78.74288940429688,162902400,0.0,0.0,0.0
2009-09-11 00:00:00-04:00,78.89319908643826,79.12614795310576,78.35968065361409,78.7278823852539,152360100,0.0,0.0,0.0
2009-09-14 00:00:00-04:00,78.05909631386042,79.24636545486258,77.51055175945821,79.1111068725586,149593800,0.0,0.0,0.0
2009-09-15 00:00:00-04:00,79.23882836931814,79.73477828319699,78.72034205289319,79.44171905517578,196795900,0.0,0.0,0.0
2009-09-16 00:00:00-04:00,79.72730599347437,80.6590844151312,79.4492785255353,80.64405822753906,206406300,0.0,0.0,0.0
2009-09-17 00:00:00-04:00,80.5312910453219,81.20006776550949,80.08043117248674,80.5237808227539,229170900,0.0,0.0,0.0
2009-09-18 00:00:00-04:00,80.89981366641241,80.90736542512252,80.30335145500477,80.57515716552734,153799100,0.508,0.0,0.0
2009-09-21 00:00:00-04:00,79.94847065433746,80.78653706036732,79.7748205761453,80.37127685546875,151892000,0.0,0.0,0.0
2009-09-22 00:00:00-04:00,80.84695300290505,81.06590789632605,80.48454351303155,80.83940124511719,143126700,0.0,0.0,0.0
2009-09-23 00:00:00-04:00,81.02813528367209,81.56419475098038,80.02396487181335,80.16741943359375,225947400,0.0,0.0,0.0
2009-09-24 00:00:00-04:00,80.34109430961355,80.51474441581689,78.93676690326646,79.28407287597656,228636800,0.0,0.0,0.0
2009-09-25 00:00:00-04:00,79.1104462331968,79.54835617980268,78.58948420153442,78.86128997802734,204059000,0.0,0.0,0.0
2009-09-28 00:00:00-04:00,79.16325268927727,80.4467805281985,79.14815493695451,80.27312469482422,118285800,0.0,0.0,0.0
2009-09-29 00:00:00-04:00,80.41660660501397,80.80165990333694,79.86544341284932,80.03154754638672,133733900,0.0,0.0,0.0
2009-09-30 00:00:00-04:00,80.30334930198579,80.37884960615024,78.98962557655179,79.72198486328125,254383000,0.0,0.0,0.0
2009-10-01 00:00:00-04:00,77.76650785493466,79.82770035494413,77.72875481884442,77.74385833740234,281840600,0.0,0.0,0.0
2009-10-02 00:00:00-04:00,77.0265586674827,77.84197551847292,77.00390915944999,77.38141632080078,224748800,0.0,0.0,0.0
2009-10-05 00:00:00-04:00,77.69099328069925,78.76311248931161,77.46448662634859,78.53660583496094,149875000,0.0,0.0,0.0
2009-10-06 00:00:00-04:00,79.10285290749705,80.11457515733866,79.05755388865276,79.66156768798828,202491100,0.0,0.0,0.0
2009-10-07 00:00:00-04:00,79.4803688128941,79.96358336156413,79.32936822664311,79.88053131103516,159200300,0.0,0.0,0.0
2009-10-08 00:00:00-04:00,80.44680454586542,80.91490989155504,79.91829089194279,80.49210357666016,183305800,0.0,0.0,0.0
2009-10-09 00:00:00-04:00,80.51475327283812,80.98286437988281,80.303350114916,80.98286437988281,135008300,0.0,0.0,0.0
2009-10-12 00:00:00-04:00,81.3603750847833,81.60952552549071,80.9979655414659,81.29997253417969,118031000,0.0,0.0,0.0
2009-10-13 00:00:00-04:00,81.08100694230119,81.32261135262841,80.60534987955484,81.13385772705078,157692700,0.0,0.0,0.0
2009-10-14 00:00:00-04:00,82.08519141153249,82.61369934787169,81.10367008941172,82.53064727783203,191421600,0.0,0.0,0.0
2009-10-15 00:00:00-04:00,82.13047787345367,82.8326416015625,82.09273060395321,82.8326416015625,173873600,0.0,0.0,0.0
2009-10-16 00:00:00-04:00,82.14558295156554,82.50043494107493,81.71522490101222,82.21353149414062,192069400,0.0,0.0,0.0
2009-10-19 00:00:00-04:00,82.34938667453396,83.14969976769372,82.09268464853946,82.89299774169922,159530400,0.0,0.0,0.0
2009-10-20 00:00:00-04:00,83.01385600109353,83.04405727743429,82.05498995856863,82.45514678955078,180921100,0.0,0.0,0.0
2009-10-21 00:00:00-04:00,82.32679283299564,83.28565884229918,81.65483029853232,81.7152328491211,225379300,0.0,0.0,0.0
2009-10-22 00:00:00-04:00,81.6849994853232,82.80996918666933,81.16403777167811,82.54571533203125,238444000,0.0,0.0,0.0
2009-10-23 00:00:00-04:00,82.81756386777519,82.87041466609591,81.26222967662774,81.60198974609375,240033200,0.0,0.0,0.0
2009-10-26 00:00:00-04:00,81.69255325964919,82.53061967865993,80.49208316557043,80.71858978271484,242028200,0.0,0.0,0.0
2009-10-27 00:00:00-04:00,80.80919974046418,81.08100541700705,80.15234082240511,80.34864044189453,253266300,0.0,0.0,0.0
2009-10-28 00:00:00-04:00,80.14480137387667,80.39395757569213,78.78577278243259,78.8310775756836,248821400,0.0,0.0,0.0
2009-10-29 00:00:00-04:00,79.41998019842264,80.68085308016744,79.23122656605472,80.52230072021484,198110600,0.0,0.0,0.0
2009-10-30 00:00:00-04:00,80.25806792840932,80.49967241107116,78.09872534448554,78.18932342529297,325608100,0.0,0.0,0.0
2009-11-02 00:00:00-05:00,78.61965271081424,79.58607604677213,77.82689099342701,78.76310729980469,254222900,0.0,0.0,0.0
2009-11-03 00:00:00-05:00,78.32520967395277,79.12552903306522,78.17420906446952,79.01227569580078,228362600,0.0,0.0,0.0
2009-11-04 00:00:00-05:00,79.66156405284822,80.28067557677952,79.01225126429806,79.21610260009766,247996700,0.0,0.0,0.0
2009-11-05 00:00:00-05:00,79.77483077511302,80.69594357958158,79.60872667191768,80.67329406738281,180015300,0.0,0.0,0.0
2009-11-06 00:00:00-05:00,80.22783806737633,81.08855409025357,80.06928572214139,80.88469696044922,170954100,0.0,0.0,0.0
2009-11-09 00:00:00-05:00,81.50379577587861,82.77222009868903,81.44339900645129,82.72692108154297,159495700,0.0,0.0,0.0
2009-11-10 00:00:00-05:00,82.53065460698359,82.99876579238651,82.27395237519505,82.74205780029297,171899800,0.0,0.0,0.0
2009-11-11 00:00:00-05:00,83.2856400118033,83.67069898436631,82.76468397159763,83.16484069824219,169466200,0.0,0.0,0.0
2009-11-12 00:00:00-05:00,83.05160180200102,83.48195987183558,82.10783359970554,82.3192367553711,157144500,0.0,0.0,0.0
2009-11-13 00:00:00-05:00,82.53066622564063,83.11957684999639,82.10785977949924,82.76472473144531,150963000,0.0,0.0,0.0
2009-11-16 00:00:00-05:00,83.33846288743426,84.32753537754186,83.29316388005414,83.96512603759766,210922200,0.0,0.0,0.0
2009-11-17 00:00:00-05:00,83.74621162003312,84.10106937643812,83.4291068948514,84.06331634521484,147134100,0.0,0.0,0.0
2009-11-18 00:00:00-05:00,84.00291390240893,84.13126498343799,83.48195206019244,84.01045989990234,156486800,0.0,0.0,0.0
2009-11-19 00:00:00-05:00,83.43663402577891,84.0406420249439,82.39471057871326,82.9156723022461,208734600,0.0,0.0,0.0
2009-11-20 00:00:00-05:00,82.48536633259684,82.87042549083371,82.30416439472893,82.62126922607422,134196000,0.0,0.0,0.0
2009-11-23 00:00:00-05:00,83.59519978124608,84.36531197609126,83.50459597466893,83.67070007324219,148010200,0.0,0.0,0.0
2009-11-24 00:00:00-05:00,83.80661639473672,83.95761700303808,83.05915359112824,83.79906463623047,138420100,0.0,0.0,0.0
2009-11-25 00:00:00-05:00,83.93496874897414,84.18412494068862,83.67071480032428,84.09352111816406,109564800,0.0,0.0,0.0
2009-11-27 00:00:00-05:00,81.84355568538098,83.29318183707794,81.76050364707832,82.72692108154297,126001800,0.0,0.0,0.0
2009-11-30 00:00:00-05:00,82.65900347387797,83.20260916386974,81.63218312560835,83.00630950927734,160874800,0.0,0.0,0.0
2009-12-01 00:00:00-05:00,83.74620999466089,84.30492489234172,83.60276115146496,84.03311920166016,159613700,0.0,0.0,0.0
2009-12-02 00:00:00-05:00,84.01802610389552,84.56918931176384,83.74622037950903,83.99537658691406,132315100,0.0,0.0,0.0
2009-12-03 00:00:00-05:00,84.22186463605495,84.69752166829936,83.27054481126297,83.33849334716797,167324900,0.0,0.0,0.0
2009-12-04 00:00:00-05:00,84.44079013400726,84.84849851627916,83.08176795340248,83.81413269042969,274907800,0.0,0.0,0.0
2009-12-07 00:00:00-05:00,83.7386628204798,84.2067681342861,83.42155234560347,83.68580627441406,127973800,0.0,0.0,0.0
2009-12-08 00:00:00-05:00,83.08179758382255,83.63295495176017,82.50043318386777,82.75714111328125,169863700,0.0,0.0,0.0
2009-12-09 00:00:00-05:00,82.73449369035511,83.1875012568993,82.31168163598396,83.06669616699219,155063400,0.0,0.0,0.0
2009-12-10 00:00:00-05:00,83.5800661576974,83.89717648632978,83.39131261555238,83.5347671508789,138014600,0.0,0.0,0.0
2009-12-11 00:00:00-05:00,83.88966369628906,84.07841732610515,83.51215643665688,83.88966369628906,124854000,0.0,0.0,0.0
2009-12-14 00:00:00-05:00,84.46349334716797,84.56164318072157,83.90477834301873,84.46349334716797,107141500,0.0,0.0,0.0
2009-12-15 00:00:00-05:00,84.1539291445064,84.50123517966895,83.80662310934386,84.07087707519531,120408800,0.0,0.0,0.0
2009-12-16 00:00:00-05:00,84.41060471366053,84.65975506566222,84.01044227861082,84.1991958618164,155358200,0.0,0.0,0.0
2009-12-17 00:00:00-05:00,83.59520853182073,83.7537608897004,83.11199970010067,83.1875,183390100,0.0,0.0,0.0
2009-12-18 00:00:00-05:00,83.65053441667939,83.7264469778017,82.95218286835052,83.65812683105469,174591200,0.59,0.0,0.0
2009-12-21 00:00:00-05:00,84.07560303618222,84.78913345462301,84.07560303618222,84.5082778930664,118039600,0.0,0.0,0.0
2009-12-22 00:00:00-05:00,84.69047233465562,84.99410519522682,84.58420170215297,84.81192779541016,91707500,0.0,0.0,0.0
2009-12-23 00:00:00-05:00,85.01686862925094,85.10036780281698,84.63732903715606,84.97891235351562,111783100,0.0,0.0,0.0
2009-12-24 00:00:00-05:00,85.16110715629434,85.47232665282586,85.01688023838331,85.38124084472656,39677500,0.0,0.0,0.0
2009-12-28 00:00:00-05:00,85.70005002645671,85.7683643803556,85.25978266361324,85.56341552734375,87508500,0.0,0.0,0.0
2009-12-29 00:00:00-05:00,85.78355235175616,85.79873138940698,85.43437657263307,85.44196319580078,80572500,0.0,0.0,0.0
2009-12-30 00:00:00-05:00,85.19147031029053,85.51028221860248,85.14592161530645,85.4115982055664,73138400,0.0,0.0,0.0
2009-12-31 00:00:00-05:00,85.60137563714795,85.62415288232287,84.55384822041883,84.59180450439453,90637900,0.0,0.0,0.0
2010-01-04 00:00:00-05:00,85.29772061050753,86.07197874486162,84.64491212075366,86.02643585205078,118944600,0.0,0.0,0.0
2010-01-05 00:00:00-05:00,85.97329484848753,86.29210665966097,85.66206965807044,86.254150390625,111579900,0.0,0.0,0.0
2010-01-06 00:00:00-05:00,86.17067634448487,86.52744452866713,86.10236198988756,86.31490325927734,116074400,0.0,0.0,0.0
2010-01-07 00:00:00-05:00,86.15551647505545,86.78555380042776,85.91261128580928,86.67928314208984,131091100,0.0,0.0,0.0
2010-01-08 00:00:00-05:00,86.4515306790017,87.005661049938,86.27694570400881,86.96770477294922,126402800,0.0,0.0,0.0
2010-01-11 00:00:00-05:00,87.35484131261488,87.39279180025315,86.71721173235223,87.08916473388672,106375700,0.0,0.0,0.0
2010-01-12 00:00:00-05:00,86.51228267733578,86.69446011710065,85.94297311066872,86.27696990966797,163333500,0.0,0.0,0.0
2010-01-13 00:00:00-05:00,86.49710387855879,87.24859672872053,86.05684218436369,87.00569152832031,161822000,0.0,0.0,0.0
2010-01-14 00:00:00-05:00,86.90700051895023,87.40040329649324,86.85386519160353,87.24099731445312,115718800,0.0,0.0,0.0
2010-01-15 00:00:00-05:00,87.089163910948,87.17265729948926,85.9277678069421,86.26176452636719,212283100,0.0,0.0,0.0
2010-01-19 00:00:00-05:00,86.24659041265555,87.39279596280774,86.22381316940962,87.33966064453125,139172700,0.0,0.0,0.0
2010-01-20 00:00:00-05:00,86.74759385064712,86.87663596013735,85.76079409468404,86.45155334472656,216490200,0.0,0.0,0.0
2010-01-21 00:00:00-05:00,86.47429543465807,86.73997197906903,84.68286817618093,84.78913879394531,344859600,0.0,0.0,0.0
2010-01-22 00:00:00-05:00,84.40962954090791,84.8195331243822,82.80797149469625,82.89906311035156,345942400,0.0,0.0,0.0
2010-01-25 00:00:00-05:00,83.65814690231088,83.80996626966467,83.0508868068458,83.32415008544922,186937500,0.0,0.0,0.0
2010-01-26 00:00:00-05:00,82.9977470435842,83.85551055705511,82.77002667580042,82.9749755859375,211168800,0.0,0.0,0.0
2010-01-27 00:00:00-05:00,82.86867201865454,83.55943684668371,82.23104829245638,83.36966705322266,271863600,0.0,0.0,0.0
2010-01-28 00:00:00-05:00,83.6429568069061,83.68849971543489,81.91225678702058,82.41324615478516,316104000,0.0,0.0,0.0
2010-01-29 00:00:00-05:00,82.77000670952665,83.34690859311874,81.38848262949077,81.51752471923828,310677600,0.0,0.0,0.0
2010-02-01 00:00:00-05:00,82.09440491749905,82.79275629187866,81.60100234968007,82.78516387939453,187865000,0.0,0.0,0.0
2010-02-02 00:00:00-05:00,82.9369977551004,83.94656872307321,82.648543943124,83.78716278076172,216327900,0.0,0.0,0.0
2010-02-03 00:00:00-05:00,83.40761753712617,83.86306967448428,83.1267619492451,83.36966705322266,172730700,0.0,0.0,0.0
2010-02-04 00:00:00-05:00,82.72443283512447,82.7623833107343,80.78118663666642,80.79637145996094,356715700,0.0,0.0,0.0
2010-02-05 00:00:00-05:00,80.8875044750415,81.13040966779802,79.38453040464688,80.96341705322266,493585800,0.0,0.0,0.0
2010-02-08 00:00:00-05:00,81.02411480318038,81.47197455712808,80.31817089272869,80.37889862060547,224166900,0.0,0.0,0.0
2010-02-09 00:00:00-05:00,81.32013812464012,82.09440201384787,80.6673296656272,81.38845825195312,337820500,0.0,0.0,0.0
2010-02-10 00:00:00-05:00,81.25943643591063,81.67692655071205,80.54590008411697,81.22907257080078,240511500,0.0,0.0,0.0
2010-02-11 00:00:00-05:00,81.12282580831925,82.17035340191768,80.65219444760973,82.07926177978516,223591600,0.0,0.0,0.0
2010-02-12 00:00:00-05:00,81.21389729559284,82.0564758297276,80.84954245404666,82.01093292236328,304622100,0.0,0.0,0.0
2010-02-16 00:00:00-05:00,82.6333733822634,83.38486027061393,81.84393021223924,83.30136108398438,159317500,0.0,0.0,0.0
2010-02-17 00:00:00-05:00,83.70369258216205,83.8099690384791,83.30138138018764,83.69610595703125,168845100,0.0,0.0,0.0
2010-02-18 00:00:00-05:00,83.55945403814312,84.36407627473969,83.52909016998457,84.18949127197266,193708600,0.0,0.0,0.0
2010-02-19 00:00:00-05:00,83.96932563614253,84.69044840887501,83.7719634638305,84.36404418945312,222684900,0.0,0.0,0.0
2010-02-22 00:00:00-05:00,84.67530532002041,84.69807677431622,84.12876725165714,84.37926483154297,132346900,0.0,0.0,0.0
2010-02-23 00:00:00-05:00,84.15151232711463,84.40959644998722,83.13434328732978,83.35447692871094,207497000,0.0,0.0,0.0
2010-02-24 00:00:00-05:00,83.60498829190902,84.25779691146522,83.39244702811213,84.12116241455078,176350700,0.0,0.0,0.0
2010-02-25 00:00:00-05:00,82.92181774398212,84.0680290620167,82.69409743801636,84.0073013305664,259634700,0.0,0.0,0.0
2010-02-26 00:00:00-05:00,84.08321151586692,84.34889390392891,83.58222218933281,84.06044006347656,173589300,0.0,0.0,0.0
2010-03-01 00:00:00-05:00,84.40961357083404,85.01687931101023,84.3868421190576,84.93338012695312,147709700,0.0,0.0,0.0
2010-03-02 00:00:00-05:00,85.29772614054517,85.57858171950579,85.01686477027023,85.1686782836914,160992400,0.0,0.0,0.0
2010-03-03 00:00:00-05:00,85.3888042172083,85.75316472433927,85.0320361224567,85.24458312988281,150785000,0.0,0.0,0.0
2010-03-04 00:00:00-05:00,85.35843578777596,85.62411808500198,85.03962398068091,85.5026626586914,135770400,0.0,0.0,0.0
2010-03-05 00:00:00-05:00,86.05682762836705,86.79312973003019,85.85187296160187,86.72481536865234,176118800,0.0,0.0,0.0
2010-03-08 00:00:00-05:00,86.73240361101966,86.92976006193813,86.58817668885071,86.739990234375,114631200,0.0,0.0,0.0
2010-03-09 00:00:00-05:00,86.48192798689828,87.2865504066564,86.43638506995107,86.88423919677734,154556700,0.0,0.0,0.0
2010-03-10 00:00:00-05:00,86.92217126686418,87.50665977297655,86.84626449599854,87.27134704589844,186088800,0.0,0.0,0.0
2010-03-11 00:00:00-05:00,87.06638697808177,87.65847365315949,86.80071040092095,87.63569641113281,160791100,0.0,0.0,0.0
2010-03-12 00:00:00-05:00,88.01524252353902,88.03042735267654,87.40039014372458,87.64329528808594,162074800,0.0,0.0,0.0
2010-03-15 00:00:00-04:00,87.49148403032729,87.72679676626744,86.99048889937848,87.66606903076172,146816800,0.0,0.0,0.0
2010-03-16 00:00:00-04:00,87.90896584798324,88.44791141904611,87.66606072030258,88.36441802978516,168673000,0.0,0.0,0.0
2010-03-17 00:00:00-04:00,88.63012223702046,89.17666039250341,88.37203220079044,88.8882064819336,177468100,0.0,0.0,0.0
2010-03-18 00:00:00-04:00,88.89576379028436,89.01721344836201,88.48586033555743,88.8426284790039,196509100,0.0,0.0,0.0
2010-03-19 00:00:00-04:00,88.39293670654297,89.39904732350503,88.0499408823643,88.39293670654297,226641100,0.48,0.0,0.0
2010-03-22 00:00:00-04:00,87.88987213340113,89.02556196988483,87.8365180066321,88.86549377441406,184477800,0.0,0.0,0.0
2010-03-23 00:00:00-04:00,88.99505176352244,89.56670547713547,88.70541016025464,89.49048614501953,182941600,0.0,0.0,0.0
2010-03-24 00:00:00-04:00,89.15512064610375,89.50573425168862,88.09565615102959,89.0560302734375,196072600,0.0,0.0,0.0
2010-03-25 00:00:00-04:00,89.65818978584369,90.06978126505264,88.80452373874108,88.9112319946289,223396300,0.0,0.0,0.0
2010-03-26 00:00:00-04:00,89.07890453786219,89.49811381803303,88.5072507615868,88.85786437988281,205808500,0.0,0.0,0.0
2010-03-29 00:00:00-04:00,89.30758882445474,89.58198318297877,88.94173355653245,89.42192077636719,134513500,0.0,0.0,0.0
2010-03-30 00:00:00-04:00,89.52860245039093,89.81062040597148,89.10939317146963,89.48287200927734,145772500,0.0,0.0,0.0
2010-03-31 00:00:00-04:00,89.13988119459903,89.57433785473964,88.88073426037907,89.17799377441406,161078700,0.0,0.0,0.0
2010-04-01 00:00:00-04:00,89.78773498535156,90.13072484686485,89.25418809335562,89.78773498535156,161215200,0.0,0.0,0.0
2010-04-05 00:00:00-04:00,90.13075162126236,90.58044983173065,89.87922254668011,90.51947784423828,105847600,0.0,0.0,0.0
2010-04-06 00:00:00-04:00,90.26034082602818,90.89297255475311,90.1612562408113,90.73291015625,110384200,0.0,0.0,0.0
2010-04-07 00:00:00-04:00,90.54995641175536,90.97678935130725,89.79536927412416,90.21458435058594,184576300,0.0,0.0,0.0
2010-04-08 00:00:00-04:00,89.9020916431283,90.67954412258369,89.63532101396757,90.527099609375,158704000,0.0,0.0,0.0
2010-04-09 00:00:00-04:00,90.71766178984126,91.15974220851999,90.54998152790917,91.12163543701172,133006500,0.0,0.0,0.0
2010-04-12 00:00:00-04:00,91.2359371882673,91.50271359336337,91.12922895229396,91.26642608642578,110279000,0.0,0.0,0.0
2010-04-13 00:00:00-04:00,91.17497486053821,91.4950996023524,90.7024056117911,91.33503723144531,125043600,0.0,0.0,0.0
2010-04-14 00:00:00-04:00,91.67041748736474,92.37165069580078,91.52560245266214,92.37165069580078,161609000,0.0,0.0,0.0
2010-04-15 00:00:00-04:00,92.21921207424451,92.66129251730483,92.18872316625782,92.4478759765625,144615300,0.0,0.0,0.0
2010-04-16 00:00:00-04:00,92.12012208425554,92.4478705569431,90.51186862701708,90.97681427001953,366786700,0.0,0.0,0.0
2010-04-19 00:00:00-04:00,90.71004825027283,91.4112756832382,90.29845671827196,91.31980895996094,217947800,0.0,0.0,0.0
2010-04-20 00:00:00-04:00,91.8914629002494,92.21159352415123,91.36554523308517,92.13536834716797,157708000,0.0,0.0,0.0
2010-04-21 00:00:00-04:00,92.1886933314147,92.4021156182522,91.45697722203141,91.96765899658203,192910100,0.0,0.0,0.0
2010-04-22 00:00:00-04:00,91.31977522931503,92.35637444957875,90.79385775643061,92.2420425415039,115360300,0.0,0.0,0.0
2010-04-23 00:00:00-04:00,92.18111572742333,92.88234324494098,91.94482811759056,92.84423065185547,177335500,0.0,0.0,0.0
2010-04-26 00:00:00-04:00,92.87469387337178,93.08049251484356,92.40213041475177,92.49359130859375,143457300,0.0,0.0,0.0
2010-04-27 00:00:00-04:00,91.96005996371757,92.48597760553079,90.1307662924241,90.30607604980469,355853300,0.0,0.0,0.0
2010-04-28 00:00:00-04:00,90.74053449519955,91.22072169419357,90.14600953409084,90.99205780029297,300674100,0.0,0.0,0.0
2010-04-29 00:00:00-04:00,91.54085479367075,92.3106837700957,91.51798956524033,92.12013244628906,193775000,0.0,0.0,0.0
2010-04-30 00:00:00-04:00,92.1353742917243,92.23446470213,90.53474432960105,90.55760955810547,270000900,0.0,0.0,0.0
2010-05-03 00:00:00-04:00,90.99206709028414,91.98293631146545,90.85486990296927,91.73140716552734,182747900,0.0,0.0,0.0
2010-05-04 00:00:00-04:00,90.71003060657229,90.72527214990497,89.11701892320741,89.5743408203125,360353400,0.0,0.0,0.0
2010-05-05 00:00:00-04:00,88.84263465466285,89.78777327259711,88.39293638602265,89.04080963134766,328973200,0.0,0.0,0.0
2010-05-06 00:00:00-04:00,88.61398685529593,89.17801713026688,80.03155383485489,86.08346557617188,647356600,0.0,0.0,0.0
2010-05-07 00:00:00-04:00,85.85478902871446,86.71607876877943,83.39286961062008,84.80294799804688,637558800,0.0,0.0,0.0
2010-05-10 00:00:00-04:00,88.27098140426553,88.91123678928288,87.58500138375537,88.53775787353516,396159600,0.0,0.0,0.0
2010-05-11 00:00:00-04:00,87.70693924073275,89.45238959001621,87.5849894505416,88.28621673583984,317849800,0.0,0.0,0.0
2010-05-12 00:00:00-04:00,88.63686377067893,89.65059831523001,88.48441920655536,89.5210189819336,235607100,0.0,0.0,0.0
2010-05-13 00:00:00-04:00,89.27713222854831,89.69634759890003,88.33199899331603,88.40821838378906,234452500,0.0,0.0,0.0
2010-05-14 00:00:00-04:00,87.74503261706565,87.9050949526892,86.03007154446213,86.8075180053711,345601400,0.0,0.0,0.0
2010-05-17 00:00:00-04:00,87.04381511908983,87.28772050454329,85.19165659934033,86.85326385498047,325739800,0.0,0.0,0.0
2010-05-18 00:00:00-04:00,87.56211745277146,87.82127020372563,85.3898341388999,85.6718521118164,360556800,0.0,0.0,0.0
2010-05-19 00:00:00-04:00,85.19165411830791,85.95385915254768,84.11694804391455,85.18403625488281,394742700,0.0,0.0,0.0
2010-05-20 00:00:00-04:00,83.3699992750645,83.75872553942256,81.91419042645131,81.96754455566406,530418300,0.0,0.0,0.0
2010-05-21 00:00:00-04:00,80.72516802560185,83.37001559448512,80.30595277461015,83.16422271728516,500909400,0.0,0.0,0.0
2010-05-24 00:00:00-04:00,82.71449886276402,83.37761942504574,82.02089521236323,82.09711456298828,269823000,0.0,0.0,0.0
2010-05-25 00:00:00-04:00,80.11537141038124,82.21905892777788,79.55895917812975,82.18094635009766,396505200,0.0,0.0,0.0
2010-05-26 00:00:00-04:00,82.68402440364316,83.43860593935845,81.4416261796583,81.68553161621094,349719300,0.0,0.0,0.0
2010-05-27 00:00:00-04:00,83.22519766578797,84.45234865070027,82.91269070489601,84.42185974121094,300870500,0.0,0.0,0.0
2010-05-28 00:00:00-04:00,84.33035582827002,84.39133362036124,82.9660082598311,83.36235809326172,297933500,0.0,0.0,0.0
2010-06-01 00:00:00-04:00,82.58489237310451,83.80441894110886,81.83793489433494,81.95988464355469,277909400,0.0,0.0,0.0
2010-06-02 00:00:00-04:00,82.37913178159549,84.10171118713012,81.9446750904419,84.0940933227539,240243700,0.0,0.0,0.0
2010-06-03 00:00:00-04:00,84.33802045683544,84.65052161650544,83.52246099089375,84.38375091552734,226618300,0.0,0.0,0.0
2010-06-04 00:00:00-04:00,82.78310250547263,83.33189114853107,81.14436025610749,81.41875457763672,398475600,0.0,0.0,0.0
2010-06-07 00:00:00-04:00,81.7083995620087,82.02090650229988,80.34405729708057,80.405029296875,264609100,0.0,0.0,0.0
2010-06-08 00:00:00-04:00,80.4659939468139,81.42637402221389,79.7647666350072,81.26631164550781,357774300,0.0,0.0,0.0
2010-06-09 00:00:00-04:00,81.73887591770932,82.53156994495635,80.48885997882537,80.83185577392578,268023300,0.0,0.0,0.0
2010-06-10 00:00:00-04:00,82.2114717808221,83.29380201199643,80.82425823821633,83.19471740722656,317890600,0.0,0.0,0.0
2010-06-11 00:00:00-04:00,82.46296420282026,83.65200219087718,82.40961008323214,83.59864807128906,214128200,0.0,0.0,0.0
2010-06-14 00:00:00-04:00,84.23890869031301,84.69623642197155,83.38524266356623,83.46908569335938,207196100,0.0,0.0,0.0
2010-06-15 00:00:00-04:00,84.05598764564535,85.44320086251693,83.91116679830884,85.36698150634766,238268700,0.0,0.0,0.0
2010-06-16 00:00:00-04:00,84.92488775019777,85.68709282240955,84.75720170388506,85.33647918701172,216374000,0.0,0.0,0.0
2010-06-17 00:00:00-04:00,85.58040211441921,85.61851470190501,84.64289293997825,85.47369384765625,263185800,0.0,0.0,0.0
2010-06-18 00:00:00-04:00,85.6429500952345,85.87269607185598,85.29066825681639,85.56636810302734,174006600,0.531,0.0,0.0
2010-06-21 00:00:00-04:00,86.63089119458434,86.69215329511437,84.84650178326619,85.32131958007812,213140700,0.0,0.0,0.0
2010-06-22 00:00:00-04:00,85.32130362990827,85.69655948789641,83.78964038916958,83.91217041015625,239355400,0.0,0.0,0.0
2010-06-23 00:00:00-04:00,83.96577471654193,84.26444856799309,83.07741311404986,83.65178680419922,254639900,0.0,0.0,0.0
2010-06-24 00:00:00-04:00,83.23823435587013,83.3454503071396,82.05119309746108,82.265625,268523600,0.0,0.0,0.0
2010-06-25 00:00:00-04:00,82.51068291808042,83.03144856386686,81.76782543953483,82.61024475097656,238726500,0.0,0.0,0.0
2010-06-28 00:00:00-04:00,82.7327615693937,82.95485336676792,82.05117212078953,82.34984588623047,169218600,0.0,0.0,0.0
2010-06-29 00:00:00-04:00,81.19342655759971,82.3345193269848,79.30182827799561,79.8072738647461,373649500,0.0,0.0,0.0
2010-06-30 00:00:00-04:00,79.5852130471225,80.32041063188949,78.7887475362505,79.04913330078125,284101700,0.0,0.0,0.0
2010-07-01 00:00:00-04:00,78.99551216536985,79.25589204368988,77.44852942451887,78.69683837890625,382924800,0.0,0.0,0.0
2010-07-02 00:00:00-04:00,78.96490739627568,79.20231335459714,77.82381979432878,78.26799774169922,233385200,0.0,0.0,0.0
2010-07-06 00:00:00-04:00,79.37079284941092,79.92985253258125,78.0229274905539,78.7811050415039,256935300,0.0,0.0,0.0
2010-07-07 00:00:00-04:00,78.9802390978986,81.36197669454181,78.89599712429384,81.26242065429688,253769400,0.0,0.0,0.0
2010-07-08 00:00:00-04:00,81.94396958893257,82.15840147169557,81.10921606777222,82.0665054321289,210842100,0.0,0.0,0.0
2010-07-09 00:00:00-04:00,82.04352714880064,82.68682865222581,81.89036318470596,82.67916870117188,144999900,0.0,0.0,0.0
2010-07-12 00:00:00-04:00,82.4034574620781,82.89358909059605,82.05883566924919,82.7327651977539,131283600,0.0,0.0,0.0
2010-07-13 00:00:00-04:00,83.59050342844189,84.31038101394567,83.42201957561221,83.9810791015625,213025900,0.0,0.0,0.0
2010-07-14 00:00:00-04:00,83.71304106538098,84.30273460413062,83.36841922063799,83.97342681884766,184426800,0.0,0.0,0.0
2010-07-15 00:00:00-04:00,83.94279095463995,84.28741279157252,82.83999172792669,83.99639892578125,232337900,0.0,0.0,0.0
2010-07-16 00:00:00-04:00,83.5445275449237,83.6364293975577,81.52273352960519,81.68356323242188,282693400,0.0,0.0,0.0
2010-07-19 00:00:00-04:00,81.98225586712249,82.42643365027455,81.34661438609604,82.16605377197266,186709000,0.0,0.0,0.0
2010-07-20 00:00:00-04:00,81.07860939223414,83.13869282448168,81.04031546764064,83.07743072509766,258162400,0.0,0.0,0.0
2010-07-21 00:00:00-04:00,83.50629383648759,83.52926785389099,81.66063653398055,81.99760437011719,264527000,0.0,0.0,0.0
2010-07-22 00:00:00-04:00,82.97019313622103,84.19552837634596,82.96253902702304,83.82792663574219,274781300,0.0,0.0,0.0
2010-07-23 00:00:00-04:00,83.65944587728481,84.67800335053346,83.4220399409756,84.55547332763672,222020800,0.0,0.0,0.0
2010-07-26 00:00:00-04:00,84.70098240511976,85.52042206673961,84.46357645468277,85.4361801147461,184445700,0.0,0.0,0.0
2010-07-27 00:00:00-04:00,85.90330138406738,85.99520324976078,85.09152202034564,85.4284896850586,204855600,0.0,0.0,0.0
2010-07-28 00:00:00-04:00,85.25234618195836,85.51273188085969,84.59373074940913,84.87709045410156,163056200,0.0,0.0,0.0
2010-07-29 00:00:00-04:00,85.40554697141444,85.63529881413082,83.78964749088226,84.46357727050781,220149100,0.0,0.0,0.0
2010-07-30 00:00:00-04:00,83.60582865366138,84.90008583888017,83.46032463273473,84.4482421875,220070600,0.0,0.0,0.0
2010-08-02 00:00:00-04:00,85.7654700335883,86.49301348112178,85.42084818774615,86.35516357421875,188263200,0.0,0.0,0.0
2010-08-03 00:00:00-04:00,86.14078360001992,86.3628697323163,85.65830571366091,85.94166564941406,146657300,0.0,0.0,0.0
2010-08-04 00:00:00-04:00,86.17901585926977,86.62319952175163,85.89566194993141,86.51598358154297,158171700,0.0,0.0,0.0
2010-08-05 00:00:00-04:00,85.96458977214917,86.47004138962221,85.83439981352645,86.42408752441406,140473800,0.0,0.0,0.0
2010-08-06 00:00:00-04:00,85.57400859753793,86.20965013310732,84.94602701282002,86.0718002319336,239728300,0.0,0.0,0.0
2010-08-09 00:00:00-04:00,86.47768018274968,86.67679798250497,86.0181825118628,86.53128814697266,120800400,0.0,0.0,0.0
2010-08-10 00:00:00-04:00,85.79611567947438,86.52365922608747,85.29066984721699,86.06415557861328,242916300,0.0,0.0,0.0
2010-08-11 00:00:00-04:00,84.73926235630864,84.76989631951352,83.56754101716933,83.70539093017578,273406900,0.0,0.0,0.0
2010-08-12 00:00:00-04:00,82.44177194314543,83.490957483447,82.4034780264613,83.1922836303711,239542600,0.0,0.0,0.0
2010-08-13 00:00:00-04:00,82.93187527532758,83.44498086321113,82.84763336175514,82.94718933105469,158698500,0.0,0.0,0.0
2010-08-16 00:00:00-04:00,82.38052500350723,83.17699076225347,82.0818510743315,82.90895080566406,147895300,0.0,0.0,0.0
2010-08-17 00:00:00-04:00,83.6211394348156,84.54013485460379,83.38372770781986,83.9274673461914,172270300,0.0,0.0,0.0
2010-08-18 00:00:00-04:00,83.88917720949816,84.53247281891646,83.40670550243443,84.08063507080078,182922100,0.0,0.0,0.0
2010-08-19 00:00:00-04:00,83.64412196783114,83.8508939133644,82.27328280625348,82.61790466308594,265847600,0.0,0.0,0.0
2010-08-20 00:00:00-04:00,82.37281989236753,82.66383955098254,81.75249835534858,82.34984588623047,209714200,0.0,0.0,0.0
2010-08-23 00:00:00-04:00,82.74043699964986,83.14632676489144,81.99757950047302,82.03587341308594,163490300,0.0,0.0,0.0
2010-08-24 00:00:00-04:00,81.13985465274631,81.47682242217435,80.38934296626012,80.81820678710938,280677800,0.0,0.0,0.0
2010-08-25 00:00:00-04:00,80.37401709412991,81.43852245814179,79.86857132035213,81.13219451904297,272234800,0.0,0.0,0.0
2010-08-26 00:00:00-04:00,81.51511065872026,81.6223266064616,80.32040948801102,80.58845520019531,224439500,0.0,0.0,0.0
2010-08-27 00:00:00-04:00,81.09388124154658,81.92098050241185,79.88386630540994,81.83673858642578,272649000,0.0,0.0,0.0
2010-08-30 00:00:00-04:00,81.62231314292585,81.87503891069964,80.64204987222388,80.64970397949219,167238600,0.0,0.0,0.0
2010-08-31 00:00:00-04:00,80.35103019678861,81.16281546513805,80.02172245652186,80.64970397949219,273933100,0.0,0.0,0.0
2010-09-01 00:00:00-04:00,81.73721023000958,83.17697155204914,81.68360225107277,83.06209564208984,256828100,0.0,0.0,0.0
2010-09-02 00:00:00-04:00,83.2612052682542,83.8508929782835,83.08506144467974,83.83557891845703,156112200,0.0,0.0,0.0
2010-09-03 00:00:00-04:00,84.65503290091397,84.9996548128304,84.20318918055465,84.9230728149414,212197300,0.0,0.0,0.0
2010-09-07 00:00:00-04:00,84.52483416418944,84.6320501186938,83.89685249802201,83.96577453613281,141973700,0.0,0.0,0.0
2010-09-08 00:00:00-04:00,84.1342635927349,84.89243527272652,84.09596967398684,84.55547332763672,149924400,0.0,0.0,0.0
2010-09-09 00:00:00-04:00,85.5050892360746,85.52806324651523,84.71628371584885,84.94602966308594,147017900,0.0,0.0,0.0
2010-09-10 00:00:00-04:00,85.09918579244713,85.47444153593305,84.90772794577455,85.37488555908203,127819000,0.0,0.0,0.0
2010-09-13 00:00:00-04:00,86.21732322762705,86.50067718119217,85.87269550073964,86.32453918457031,178503500,0.0,0.0,0.0
2010-09-14 00:00:00-04:00,86.15605914450141,86.76106683874482,85.83441125930821,86.27093505859375,209823600,0.0,0.0,0.0
2010-09-15 00:00:00-04:00,86.018224092882,86.69981390012302,85.75784409588326,86.60025787353516,168608400,0.0,0.0,0.0
2010-09-16 00:00:00-04:00,86.33218939753716,86.6308632214476,86.04116968195103,86.57725524902344,199962900,0.0,0.0,0.0
2010-09-17 00:00:00-04:00,87.03306094401374,87.11775388232822,86.37091935761595,86.6095962524414,195836900,0.602,0.0,0.0
2010-09-20 00:00:00-04:00,86.90985065022937,88.12634362068692,86.63267488799575,87.9338607788086,214555200,0.0,0.0,0.0
2010-09-21 00:00:00-04:00,88.00315269108242,88.41891043686469,87.3949062401723,87.75677490234375,268389100,0.0,0.0,0.0
2010-09-22 00:00:00-04:00,87.61821557528307,88.11097131330148,87.0792599483736,87.32563781738281,191322400,0.0,0.0,0.0
2010-09-23 00:00:00-04:00,86.6096009804386,87.5181204713167,86.37092407258383,86.61730194091797,202354300,0.0,0.0,0.0
2010-09-24 00:00:00-04:00,87.57971502995377,88.46513749958443,87.50272304870582,88.4035415649414,209671800,0.0,0.0,0.0
2010-09-27 00:00:00-04:00,88.43431166550975,88.53440062218166,87.8953620924921,87.98004913330078,128761800,0.0,0.0,0.0
2010-09-28 00:00:00-04:00,88.09553445555423,88.5728939573732,87.1408213260257,88.28801727294922,209207500,0.0,0.0,0.0
2010-09-29 00:00:00-04:00,88.06478207483082,88.4728507931423,87.78760620441027,88.13407897949219,179665800,0.0,0.0,0.0
2010-09-30 00:00:00-04:00,88.58059464817323,89.1503421411967,87.45648982875397,87.87225341796875,287106700,0.0,0.0,0.0
2010-10-01 00:00:00-04:00,88.53440835961466,88.63450319914412,87.7182829708316,88.24183654785156,174638700,0.0,0.0,0.0
2010-10-04 00:00:00-04:00,88.05704089547865,88.42660461318893,87.14082081038504,87.57968139648438,166153200,0.0,0.0,0.0
2010-10-05 00:00:00-04:00,88.38814388793016,89.55843725400221,88.28804902745368,89.34285736083984,229634100,0.0,0.0,0.0
2010-10-06 00:00:00-04:00,89.32743545508093,89.56611817549124,88.9732677278223,89.33513641357422,148626600,0.0,0.0,0.0
2010-10-07 00:00:00-04:00,89.69699160641514,89.72008860431038,88.68838353759448,89.22733306884766,164860000,0.0,0.0,0.0
2010-10-08 00:00:00-04:00,89.35054894724801,89.9741915547713,89.0117772226127,89.72781372070312,177760100,0.0,0.0,0.0
2010-10-11 00:00:00-04:00,89.86637969569918,90.05886251517279,89.50451105523126,89.81248474121094,103098300,0.0,0.0,0.0
2010-10-12 00:00:00-04:00,89.51991484957821,90.35144211150981,89.0425611753697,90.08966827392578,182210000,0.0,0.0,0.0
2010-10-13 00:00:00-04:00,90.59012055112174,91.27535894555706,90.37453485055279,90.79029846191406,194347200,0.0,0.0,0.0
2010-10-14 00:00:00-04:00,90.70562443635669,90.85961425454377,89.86640195515311,90.43614959716797,217764300,0.0,0.0,0.0
2010-10-15 00:00:00-04:00,91.06748753729308,91.1213825017994,89.8971943619654,90.62092590332031,243705000,0.0,0.0,0.0
2010-10-18 00:00:00-04:00,90.65173353682046,91.36777006971987,90.32066275549899,91.06749725341797,141204800,0.0,0.0,0.0
2010-10-19 00:00:00-04:00,90.22826748956534,90.73641918630774,89.32744323888123,89.87409973144531,280604700,0.0,0.0,0.0
2010-10-20 00:00:00-04:00,90.03580963917314,91.19070712197787,89.98191465827341,90.75184631347656,200051800,0.0,0.0,0.0
2010-10-21 00:00:00-04:00,91.15991120828708,91.69116006797074,90.24369063820096,90.9520263671875,221585500,0.0,0.0,0.0
2010-10-22 00:00:00-04:00,91.09058570486467,91.2599715595107,90.85190884101469,91.12138366699219,108212400,0.0,0.0,0.0
2010-10-25 00:00:00-04:00,91.72962557403525,92.20698515176062,91.32156287612808,91.39085388183594,151145700,0.0,0.0,0.0
2010-10-26 00:00:00-04:00,90.92889045256022,91.498638001749,90.75180953313466,91.40625,158982900,0.0,0.0,0.0
2010-10-27 00:00:00-04:00,90.76723589301136,91.24459559989646,90.28218109948357,91.14450073242188,190024000,0.0,0.0,0.0
2010-10-28 00:00:00-04:00,91.66802560414722,91.70652452169142,90.72101332330492,91.15987396240234,168576000,0.0,0.0,0.0
2010-10-29 00:00:00-04:00,91.06751732410412,91.40628913987138,90.90583237770043,91.22920227050781,144305500,0.0,0.0,0.0
2010-11-01 00:00:00-04:00,91.67571996817203,92.199273488919,90.73640283911631,91.25995635986328,174074800,0.0,0.0,0.0
2010-11-02 00:00:00-04:00,91.94524282534874,92.19932169785223,91.69886491464885,91.9837417602539,158345900,0.0,0.0,0.0
2010-11-03 00:00:00-04:00,92.14540781001526,92.40718171650721,91.19838942228692,92.35328674316406,226702800,0.0,0.0,0.0
2010-11-04 00:00:00-04:00,93.37728527344719,94.17801468597436,92.36867695412381,94.13182067871094,215039400,0.0,0.0,0.0
2010-11-05 00:00:00-04:00,94.19340710321538,94.63996873660186,94.07022113055288,94.4859848022461,180654100,0.0,0.0,0.0
2010-11-08 00:00:00-05:00,94.19343089696913,94.46291166132981,93.8854629504633,94.30892181396484,156107100,0.0,0.0,0.0
2010-11-09 00:00:00-05:00,94.56297925281153,94.66306822536023,93.25409815408244,93.63136291503906,186621600,0.0,0.0,0.0
2010-11-10 00:00:00-05:00,93.60825947902727,94.05482109345398,92.89992401248786,94.00862121582031,221387400,0.0,0.0,0.0
2010-11-11 00:00:00-05:00,93.20019278344698,93.79303734162276,92.91531606768923,93.65444946289062,158017600,0.0,0.0,0.0
2010-11-12 00:00:00-05:00,93.02314374466235,93.43120658819454,92.12232510432383,92.54578399658203,239068800,0.0,0.0,0.0
2010-11-15 00:00:00-05:00,92.83835885699901,93.20022766881078,92.37640104634852,92.4148941040039,163940800,0.0,0.0,0.0
2010-11-16 00:00:00-05:00,91.84511032707289,91.99909424555226,90.53622352355832,90.97509002685547,299566200,0.0,0.0,0.0
2010-11-17 00:00:00-05:00,91.01360793866456,91.39857371416392,90.74413307063732,91.02130889892578,172308900,0.0,0.0,0.0
2010-11-18 00:00:00-05:00,91.89902706322805,92.69205559212944,91.8913261032462,92.3609848022461,197723700,0.0,0.0,0.0
2010-11-19 00:00:00-05:00,92.31480129946523,92.65356721378335,91.81434457767854,92.61507415771484,156852900,0.0,0.0,0.0
2010-11-22 00:00:00-05:00,92.15308212819765,92.57654083229441,91.44474084518754,92.53804779052734,181361000,0.0,0.0,0.0
2010-11-23 00:00:00-05:00,91.44476500000255,91.63724788201108,90.84421934799377,91.1983871459961,222309000,0.0,0.0,0.0
2010-11-24 00:00:00-05:00,91.7758523298081,92.56888688083971,91.7604562810821,92.54578399658203,140046100,0.0,0.0,0.0
2010-11-26 00:00:00-05:00,91.7450254964705,92.24547619110632,91.46784973144531,91.46784973144531,76007800,0.0,0.0,0.0
2010-11-29 00:00:00-05:00,91.23686810675005,91.99140344025825,90.6517186159137,91.74502563476562,223642300,0.0,0.0,0.0
2010-11-30 00:00:00-05:00,90.83654134671849,91.75275604300609,90.70564849800955,91.22920227050781,233930700,0.0,0.0,0.0
2010-12-01 00:00:00-05:00,92.54576978623842,93.34649930162531,92.53807470011323,93.16941833496094,221037200,0.0,0.0,0.0
2010-12-02 00:00:00-05:00,93.31571594641038,94.43212039108644,93.26182096453722,94.36282348632812,191213600,0.0,0.0,0.0
2010-12-03 00:00:00-05:00,94.03945644308223,94.72469517941309,94.01635943216745,94.61690521240234,151288900,0.0,0.0,0.0
2010-12-06 00:00:00-05:00,94.41668982192161,94.73236453005387,94.31660084998515,94.51678466796875,103050500,0.0,0.0,0.0
2010-12-07 00:00:00-05:00,95.42528766926456,95.47918262556423,94.51676849584875,94.57066345214844,206581000,0.0,0.0,0.0
2010-12-08 00:00:00-05:00,94.6861917057164,94.99415964952684,94.24733092426332,94.91716766357422,138019200,0.0,0.0,0.0
2010-12-09 00:00:00-05:00,95.44837461016145,95.48686764682786,94.8170312425635,95.28668975830078,123705100,0.0,0.0,0.0
2010-12-10 00:00:00-05:00,95.57926950220813,95.93343718934966,95.26360072906203,95.84104919433594,117571700,0.0,0.0,0.0
2010-12-13 00:00:00-05:00,96.27991952391619,96.3954045293553,95.8718509662941,95.90264892578125,133812700,0.0,0.0,0.0
2010-12-14 00:00:00-05:00,96.04893875408136,96.4185083976234,95.69477102749661,95.98734283447266,147249600,0.0,0.0,0.0
2010-12-15 00:00:00-05:00,95.8102492300988,96.18751390808754,95.38678468146185,95.54846954345703,160823100,0.0,0.0,0.0
2010-12-16 00:00:00-05:00,95.61010375622773,96.1721563937482,95.27903294215113,96.10285949707031,185035200,0.0,0.0,0.0
2010-12-17 00:00:00-05:00,96.03552621948427,96.32963675829328,95.83428958503386,96.20580291748047,141075300,0.653,0.0,0.0
2010-12-20 00:00:00-05:00,96.46894821600206,96.67018483938855,95.95812405510253,96.43798828125,119085500,0.0,0.0,0.0
2010-12-21 00:00:00-05:00,96.73983741377211,97.11135071484786,96.64696351725587,97.04943084716797,94965500,0.0,0.0,0.0
2010-12-22 00:00:00-05:00,97.11909718352732,97.38224777723359,97.06491877276403,97.35128784179688,78878100,0.0,0.0,0.0
2010-12-23 00:00:00-05:00,97.24291977072231,97.35127657971363,96.97202774824402,97.21195983886719,70053700,0.0,0.0,0.0
2010-12-27 00:00:00-05:00,96.84817534211088,97.34352237693888,96.77851993330809,97.25064849853516,58126000,0.0,0.0,0.0
2010-12-28 00:00:00-05:00,97.4441701724207,97.4828656639661,97.1345767150373,97.3899917602539,55309100,0.0,0.0,0.0
2010-12-29 00:00:00-05:00,97.50610625569473,97.67637707581,97.44418637292281,97.45966339111328,58033100,0.0,0.0,0.0
2010-12-30 00:00:00-05:00,97.36675231763994,97.62216140285341,97.15777426928017,97.3048324584961,76616900,0.0,0.0,0.0
2010-12-31 00:00:00-05:00,97.15778728189395,97.42094376599916,97.00299351830516,97.32806396484375,91218900,0.0,0.0,0.0
2011-01-03 00:00:00-05:00,98.07106445633575,98.7599066009097,97.28934252973973,98.33422088623047,138725200,0.0,0.0,0.0
2011-01-04 00:00:00-05:00,98.55093654433684,98.58189647232837,97.66859926408695,98.28004455566406,137409700,0.0,0.0,0.0
2011-01-05 00:00:00-05:00,97.9704683571884,98.85280579213197,97.87758855692988,98.79088592529297,133975300,0.0,0.0,0.0
2011-01-06 00:00:00-05:00,98.82960106041155,98.9379578899449,98.30329392910485,98.59740447998047,122519000,0.0,0.0,0.0
2011-01-07 00:00:00-05:00,98.72897060485316,98.89150583403756,97.63766095032828,98.40390014648438,156034600,0.0,0.0,0.0
2011-01-10 00:00:00-05:00,97.97045118075125,98.4193612791247,97.67633481733297,98.28004455566406,122401700,0.0,0.0,0.0
2011-01-11 00:00:00-05:00,98.63606787371502,98.86825845967827,98.25681321147154,98.62832641601562,110287000,0.0,0.0,0.0
2011-01-12 00:00:00-05:00,99.23207116556638,99.62679707264269,98.65157973309267,99.51844024658203,107929200,0.0,0.0,0.0
2011-01-13 00:00:00-05:00,99.55711559652029,99.60355253696719,99.10820548885832,99.35587310791016,129048400,0.0,0.0,0.0
2011-01-14 00:00:00-05:00,99.2165723080848,100.09890969571319,99.14691689037882,100.07569122314453,117677900,0.0,0.0,0.0
2011-01-18 00:00:00-05:00,99.982778859833,100.33881502761677,99.86668652794876,100.24594116210938,114401300,0.0,0.0,0.0
2011-01-19 00:00:00-05:00,100.16082841341455,100.26143785672566,98.99985755823705,99.26300811767578,151958400,0.0,0.0,0.0
2011-01-20 00:00:00-05:00,99.03855940879981,99.37910686613621,98.39615407711443,99.13143920898438,175745700,0.0,0.0,0.0
2011-01-21 00:00:00-05:00,99.75061072171916,99.97505987054755,99.247516310199,99.35587310791016,151462900,0.0,0.0,0.0
2011-01-24 00:00:00-05:00,99.29397182357783,100.03699843972684,99.27075334901137,99.92090606689453,113715500,0.0,0.0,0.0
2011-01-25 00:00:00-05:00,99.65773227587445,100.06020547234908,99.1546496377857,99.97506713867188,167552200,0.0,0.0,0.0
2011-01-26 00:00:00-05:00,100.22274971106226,100.65617694693269,100.02150720154641,100.362060546875,141281500,0.0,0.0,0.0
2011-01-27 00:00:00-05:00,100.3852878384616,100.78002552795532,100.20727559594906,100.60974884033203,123302700,0.0,0.0,0.0
2011-01-28 00:00:00-05:00,100.72580668551542,100.88834776253137,98.69024040171624,98.85277557373047,295637300,0.0,0.0,0.0
2011-01-31 00:00:00-05:00,99.12370833252258,99.67322798495442,98.87602885367451,99.5958251953125,149249200,0.0,0.0,0.0
2011-02-01 00:00:00-05:00,100.19955217588391,101.36825884610224,100.1376322992486,101.19024658203125,167194300,0.0,0.0,0.0
2011-02-02 00:00:00-05:00,100.92702926758417,101.26758249887396,100.87285678624396,100.99669647216797,118323600,0.0,0.0,0.0
2011-02-03 00:00:00-05:00,100.81871814974184,101.37598517875072,100.2846814061155,101.22119140625,145886700,0.0,0.0,0.0
2011-02-04 00:00:00-05:00,101.25988544458126,101.54625449340112,100.79549235081292,101.50755310058594,134634800,0.0,0.0,0.0
2011-02-07 00:00:00-05:00,101.73203357127332,102.47504849155743,101.72428620522274,102.14224243164062,112439100,0.0,0.0,0.0
2011-02-08 00:00:00-05:00,102.23510157210418,102.66079329305472,101.95646806475543,102.60662078857422,99072800,0.0,0.0,0.0
2011-02-09 00:00:00-05:00,102.32799847017021,102.65306896262032,101.86360530380786,102.37443542480469,146436700,0.0,0.0,0.0
2011-02-10 00:00:00-05:00,101.85584949027974,102.5292088185751,101.62365295327935,102.41311645507812,162708500,0.0,0.0,0.0
2011-02-11 00:00:00-05:00,102.01065387022123,103.1561419460607,101.98743539510345,103.02456665039062,137710300,0.0,0.0,0.0
2011-02-14 00:00:00-05:00,102.96265212740452,103.3573780349147,102.84655974578632,103.2722396850586,101690700,0.0,0.0,0.0
2011-02-15 00:00:00-05:00,102.95486802829774,103.10966173413887,102.41308415285243,102.9471206665039,119575400,0.0,0.0,0.0
2011-02-16 00:00:00-05:00,103.29547616571836,103.7211561305174,103.08649805626548,103.59732818603516,130183500,0.0,0.0,0.0
2011-02-17 00:00:00-05:00,103.2954741725863,104.04622462093207,103.20258845350561,103.90691375732422,109810500,0.0,0.0,0.0
2011-02-18 00:00:00-05:00,103.9997488561241,104.24742826789935,103.75981680721954,104.12358856201172,130002400,0.0,0.0,0.0
2011-02-22 00:00:00-05:00,103.03230439300567,104.14683846235438,101.75524099438157,102.03387451171875,233116400,0.0,0.0,0.0
2011-02-23 00:00:00-05:00,101.9719775090674,102.21965705113928,100.78005219037556,101.40697479248047,227584000,0.0,0.0,0.0
2011-02-24 00:00:00-05:00,101.29858306267644,101.73201030203892,100.38527982829991,101.33727264404297,260431400,0.0,0.0,0.0
2011-02-25 00:00:00-05:00,101.76297201750052,102.48278015940107,101.7010521486268,102.42086029052734,141686900,0.0,0.0,0.0
2011-02-28 00:00:00-05:00,102.80010827112875,103.18709856853248,102.4595549198124,103.05551147460938,141585500,0.0,0.0,0.0
2011-03-01 00:00:00-05:00,103.38059273247725,103.47346662376735,101.30631861694845,101.33727264404297,258565500,0.0,0.0,0.0
2011-03-02 00:00:00-05:00,101.19795697547347,102.02612183329168,100.88836947928321,101.55399322509766,200277400,0.0,0.0,0.0
2011-03-03 00:00:00-05:00,102.47499695084142,103.41925395337059,102.46726139869071,103.30316162109375,176480100,0.0,0.0,0.0
2011-03-04 00:00:00-05:00,103.2258061431913,103.42704869132336,101.85586875479797,102.52922821044922,277202300,0.0,0.0,0.0
2011-03-07 00:00:00-05:00,102.83108760458379,103.06328420216943,101.19025211899512,101.72428894042969,216790400,0.0,0.0,0.0
2011-03-08 00:00:00-05:00,101.88678298572846,102.93939683934295,101.44562028333338,102.61432647705078,174615000,0.0,0.0,0.0
2011-03-09 00:00:00-05:00,102.41312790935044,102.784635324098,101.85586088222519,102.46730041503906,153806000,0.0,0.0,0.0
2011-03-10 00:00:00-05:00,101.39147019146175,101.53078104658508,100.47043128256396,100.57105255126953,301291800,0.0,0.0,0.0
2011-03-11 00:00:00-05:00,100.24599070465646,101.63141105984418,100.22277222680482,101.26763916015625,225621800,0.0,0.0,0.0
2011-03-14 00:00:00-04:00,100.60973676227893,100.98897967645166,99.88992870373653,100.65617370605469,234974100,0.0,0.0,0.0
2011-03-15 00:00:00-04:00,97.97819469321418,100.09890564539035,97.90853927832667,99.50293731689453,359585400,0.0,0.0,0.0
2011-03-16 00:00:00-04:00,99.18561800008013,99.51070027383986,96.96429725943774,97.66088104248047,468670300,0.0,0.0,0.0
2011-03-17 00:00:00-04:00,99.06953609879245,99.3713881191931,98.37295224209691,98.95343780517578,254303700,0.0,0.0,0.0
2011-03-18 00:00:00-04:00,100.15285743749213,100.18395779615199,99.11899587696998,99.3133316040039,230435400,0.553,0.0,0.0
2011-03-21 00:00:00-04:00,100.54932235948739,101.06235972777225,100.43271379204448,100.85248565673828,153992600,0.0,0.0,0.0
2011-03-22 00:00:00-04:00,100.83693394276598,100.96908082814231,100.40939292459977,100.50267028808594,129538600,0.0,0.0,0.0
2011-03-23 00:00:00-04:00,100.22281434630507,101.05457694225926,99.74864656443489,100.790283203125,148603100,0.0,0.0,0.0
2011-03-24 00:00:00-04:00,101.36550945803991,101.90187795707496,100.79805246196881,101.75418090820312,159129800,0.0,0.0,0.0
2011-03-25 00:00:00-04:00,102.01850108763325,102.50821911912922,101.74642628911424,102.06513977050781,155642800,0.0,0.0,0.0
2011-03-28 00:00:00-04:00,102.28280923751693,102.5471030518199,101.78531011475823,101.81639862060547,109762400,0.0,0.0,0.0
2011-03-29 00:00:00-04:00,101.73083842102757,102.5315004772665,101.39658674337635,102.50041198730469,129798800,0.0,0.0,0.0
2011-03-30 00:00:00-04:00,103.036777845572,103.51095736973177,102.88908083391938,103.20779418945312,135835000,0.0,0.0,0.0
2011-03-31 00:00:00-04:00,103.07570552218455,103.35554952816021,102.95909693392758,103.06792449951172,132537100,0.0,0.0,0.0
2011-04-01 00:00:00-04:00,103.70532873905336,103.98517268341998,103.25446839194535,103.50321197509766,153850100,0.0,0.0,0.0
2011-04-04 00:00:00-04:00,103.72087675262928,103.9074433534153,103.29334756712917,103.58872985839844,100768900,0.0,0.0,0.0
2011-04-05 00:00:00-04:00,103.38661457026481,104.03181065597808,103.33997589007316,103.57318115234375,120791500,0.0,0.0,0.0
2011-04-06 00:00:00-04:00,104.07072044724545,104.16399784372288,103.47993197270984,103.89970397949219,120411600,0.0,0.0,0.0
2011-04-07 00:00:00-04:00,103.71309552580051,104.1484056823417,103.12231915068206,103.63536834716797,170731500,0.0,0.0,0.0
2011-04-08 00:00:00-04:00,104.09398335667231,104.15617220771082,102.85023005852304,103.27777099609375,147945400,0.0,0.0,0.0
2011-04-11 00:00:00-04:00,103.38657194375836,103.73637376228402,102.7180567935795,102.96681213378906,121385400,0.0,0.0,0.0
2011-04-12 00:00:00-04:00,102.39160133785482,102.59370620915203,101.82414437748571,102.197265625,161187400,0.0,0.0,0.0
2011-04-13 00:00:00-04:00,102.67144768511088,102.7491748553184,101.80082746639688,102.18949890136719,162059000,0.0,0.0,0.0
2011-04-14 00:00:00-04:00,101.59870424352964,102.42268573525895,101.264452524221,102.26721954345703,161220400,0.0,0.0,0.0
2011-04-15 00:00:00-04:00,102.45381086982766,102.89689021669157,102.15064757103245,102.64036560058594,170006700,0.0,0.0,0.0
2011-04-18 00:00:00-04:00,101.51320276009574,102.63257839305983,100.67367103537266,101.48988342285156,210759300,0.0,0.0,0.0
2011-04-19 00:00:00-04:00,101.64536547580715,102.10400685619003,101.39662188597579,102.07290649414062,124258800,0.0,0.0,0.0
2011-04-20 00:00:00-04:00,103.29334668088637,103.68978736017752,103.22337679287098,103.46436309814453,156133800,0.0,0.0,0.0
2011-04-21 00:00:00-04:00,104.00068144992015,104.03955095973667,103.46432491516475,103.99291229248047,135935400,0.0,0.0,0.0
2011-04-25 00:00:00-04:00,103.91519036385671,104.05511824994844,103.54206910313049,103.88410186767578,65757100,0.0,0.0,0.0
2011-04-26 00:00:00-04:00,104.20283466696661,104.98794685058763,104.09400711813485,104.77806091308594,146600000,0.0,0.0,0.0
2011-04-27 00:00:00-04:00,104.98016361246324,105.6175786383388,104.55262263463179,105.46211242675781,143031000,0.0,0.0,0.0
2011-04-28 00:00:00-04:00,105.27555404829947,105.94406948530006,105.26001572885038,105.80415344238281,124791100,0.0,0.0,0.0
2011-04-29 00:00:00-04:00,105.84299007554431,106.16170344490693,105.70306221479362,106.05286407470703,115094100,0.0,0.0,0.0
2011-05-02 00:00:00-04:00,106.55042534037068,106.63592169525505,105.67979299507827,105.88967895507812,126278700,0.0,0.0,0.0
2011-05-03 00:00:00-04:00,105.68751011515464,105.86629560044726,104.9723444513695,105.50871276855469,138375000,0.0,0.0,0.0
2011-05-04 00:00:00-04:00,105.46211592287402,105.50875460176324,104.34274018428445,104.80915069580078,182678500,0.0,0.0,0.0
2011-05-05 00:00:00-04:00,104.22613855374345,104.90242308825084,103.40215696886975,103.86078643798828,226900000,0.0,0.0,0.0
2011-05-06 00:00:00-04:00,104.89463489038215,105.43100329749115,103.91517541259726,104.31939697265625,222787200,0.0,0.0,0.0
2011-05-09 00:00:00-04:00,104.31162683990377,105.02678075559373,104.14837964136262,104.72361755371094,114104500,0.0,0.0,0.0
2011-05-10 00:00:00-04:00,105.07346929879051,105.80417373768854,104.94132239024947,105.61760711669922,114806900,0.0,0.0,0.0
2011-05-11 00:00:00-04:00,105.4621098917995,105.47766007097732,104.02403264260238,104.5059814453125,193564200,0.0,0.0,0.0
2011-05-12 00:00:00-04:00,104.22615883265297,105.22115699982706,103.68979022383132,105.00350189208984,171550700,0.0,0.0,0.0
2011-05-13 00:00:00-04:00,105.0578966339913,105.20559369467155,103.82192417037076,104.1950454711914,157444900,0.0,0.0,0.0
2011-05-16 00:00:00-04:00,103.82189953126272,104.63811182041984,103.36327013895968,103.53428649902344,141675400,0.0,0.0,0.0
2011-05-17 00:00:00-04:00,103.14561657539673,103.65866566287679,102.70252549221586,103.51873779296875,192686200,0.0,0.0,0.0
2011-05-18 00:00:00-04:00,103.57317398367005,104.55262178384056,103.3477378965972,104.44379425048828,135217900,0.0,0.0,0.0
2011-05-19 00:00:00-04:00,104.78584752205677,104.96463310581807,104.1173320117821,104.69255828857422,119489500,0.0,0.0,0.0
2011-05-20 00:00:00-04:00,104.42047428079145,104.69253718187178,103.66645071094028,103.86078643798828,182594900,0.0,0.0,0.0
2011-05-23 00:00:00-04:00,102.59374831782854,103.16898653405197,102.29058495579677,102.65593719482422,168700000,0.0,0.0,0.0
2011-05-24 00:00:00-04:00,102.9513063838016,103.17673062949437,102.37606830732894,102.57040405273438,147199600,0.0,0.0,0.0
2011-05-25 00:00:00-04:00,102.15841379366272,103.3399784535144,102.12732529320122,102.91243743896484,151050100,0.0,0.0,0.0
2011-05-26 00:00:00-04:00,102.6325580360669,103.57314794315761,102.43822235670432,103.38658142089844,164850000,0.0,0.0,0.0
2011-05-27 00:00:00-04:00,103.67424586531104,104.06291741686286,103.35554420763752,103.78307342529297,120921900,0.0,0.0,0.0
2011-05-31 00:00:00-04:00,104.76252463766312,104.8791213489326,104.03958944385194,104.86357116699219,164731200,0.0,0.0,0.0
2011-06-01 00:00:00-04:00,104.56037075978207,104.87908413926144,102.42267816196707,102.50818634033203,233094300,0.0,0.0,0.0
2011-06-02 00:00:00-04:00,102.5781427500956,102.79579774624034,101.80080008920501,102.39934539794922,200466800,0.0,0.0,0.0
2011-06-03 00:00:00-04:00,101.1711413845332,102.15836987345884,101.11673356678858,101.38102722167969,234690200,0.0,0.0,0.0
2011-06-06 00:00:00-04:00,101.12454686348737,101.33443279224778,100.17618746545907,100.30833435058594,179951200,0.0,0.0,0.0
2011-06-07 00:00:00-04:00,100.82138866577866,101.10901365270591,100.16065420675835,100.24616241455078,161660500,0.0,0.0,0.0
2011-06-08 00:00:00-04:00,100.09064866994285,100.42491222182643,99.63978844955867,99.82635498046875,198696400,0.0,0.0,0.0
2011-06-09 00:00:00-04:00,100.09844732789422,101.00015606625107,99.85747292965613,100.58816528320312,160964400,0.0,0.0,0.0
2011-06-10 00:00:00-04:00,100.16066492513083,100.2228419362578,98.9246862906484,99.18898010253906,238629400,0.0,0.0,0.0
2011-06-13 00:00:00-04:00,99.41438253394752,99.68645729217866,98.76141734776634,99.26668548583984,207599800,0.0,0.0,0.0
2011-06-14 00:00:00-04:00,100.17618714265147,100.87580294916086,100.13732948227263,100.5260009765625,160570400,0.0,0.0,0.0
2011-06-15 00:00:00-04:00,99.68650192920964,100.51048387044051,98.47384243513109,98.7381362915039,300958000,0.0,0.0,0.0
2011-06-16 00:00:00-04:00,98.76919818326651,99.47658314924631,98.19396603258005,98.95576477050781,308032800,0.0,0.0,0.0
2011-06-17 00:00:00-04:00,99.93851155650829,99.9463251936917,98.9151456076596,99.25106048583984,233284900,0.628,0.0,0.0
2011-06-20 00:00:00-04:00,98.91513164518636,99.96974603384459,98.88388306092251,99.75881958007812,159479000,0.0,0.0,0.0
2011-06-21 00:00:00-04:00,100.27441394225902,101.32121471218609,99.79788345443905,101.12591552734375,193157300,0.0,0.0,0.0
2011-06-22 00:00:00-04:00,100.81342958494056,101.40713474486309,100.45407388280664,100.51657104492188,176703000,0.0,0.0,0.0
2011-06-23 00:00:00-04:00,99.33697530069618,100.49314307985371,98.57921354756921,100.2275390625,334286500,0.0,0.0,0.0
2011-06-24 00:00:00-04:00,100.20408986306563,100.28220236993965,98.9151142985044,99.06353759765625,226129300,0.0,0.0,0.0
2011-06-27 00:00:00-04:00,99.12603786325771,100.3290754038412,98.93073870977818,99.94629669189453,168904700,0.0,0.0,0.0
2011-06-28 00:00:00-04:00,100.34474708151818,101.26656569235361,100.2041373504407,101.25093841552734,165556300,0.0,0.0,0.0
2011-06-29 00:00:00-04:00,101.71183913421629,102.28210956239175,101.26656307718373,102.1180648803711,244295500,0.0,0.0,0.0
2011-06-30 00:00:00-04:00,102.44615625894986,103.25859575258487,102.11024732911676,103.09455108642578,223322700,0.0,0.0,0.0
2011-07-01 00:00:00-04:00,103.18825999403592,104.7584728491813,102.94609094595856,104.61785125732422,202385700,0.0,0.0,0.0
2011-07-05 00:00:00-04:00,104.50850932397947,104.7428707533257,104.2038430418646,104.53194427490234,165936000,0.0,0.0,0.0
2011-07-06 00:00:00-04:00,104.28191230330582,104.78968519806638,103.98505385523039,104.6568832397461,143331600,0.0,0.0,0.0
2011-07-07 00:00:00-04:00,105.58657611400659,106.00841719614988,105.36784193509989,105.74281311035156,170464200,0.0,0.0,0.0
2011-07-08 00:00:00-04:00,104.54756005981585,105.7427901060047,104.20383159056382,104.99283599853516,194100500,0.0,0.0,0.0
2011-07-11 00:00:00-04:00,103.70388368668158,104.03979261651467,102.85238196582644,103.09455108642578,195918600,0.0,0.0,0.0
2011-07-12 00:00:00-04:00,102.87583052917857,103.72733236269212,102.61803409955967,102.64927673339844,214675700,0.0,0.0,0.0
2011-07-13 00:00:00-04:00,103.18827250881932,104.07102862220188,102.74299657418331,102.99297332763672,204062600,0.0,0.0,0.0
2011-07-14 00:00:00-04:00,103.25080064199807,103.72733126379923,102.08681288182942,102.28211212158203,226111800,0.0,0.0,0.0
2011-07-15 00:00:00-04:00,102.85234325475409,103.01638785917085,102.15707878434159,102.87577819824219,220012800,0.0,0.0,0.0
2011-07-18 00:00:00-04:00,102.3992449351475,102.55548186071398,101.26651232464876,102.0320816040039,196872100,0.0,0.0,0.0
2011-07-19 00:00:00-04:00,102.60237705854526,103.81323439060436,102.57894210993452,103.68824005126953,166554900,0.0,0.0,0.0
2011-07-20 00:00:00-04:00,103.95386081664248,104.01634606908739,103.44607575962203,103.62574768066406,137145400,0.0,0.0,0.0
2011-07-21 00:00:00-04:00,104.21165017117032,105.32096013623861,103.64137983484795,105.06316375732422,245246300,0.0,0.0,0.0
2011-07-22 00:00:00-04:00,105.08659872632211,105.24283570505315,104.4928815189798,105.13346862792969,126019400,0.0,0.0,0.0
2011-07-25 00:00:00-04:00,104.13355112247437,105.06317735826623,104.02418403121175,104.5475845336914,136653800,0.0,0.0,0.0
2011-07-26 00:00:00-04:00,104.47726070080886,104.64912494445936,103.92260574718827,104.15696716308594,131278200,0.0,0.0,0.0
2011-07-27 00:00:00-04:00,103.57888126024112,103.61013580763019,101.89149330474892,102.02430725097656,249020100,0.0,0.0,0.0
2011-07-28 00:00:00-04:00,102.02429845438567,102.93829720477584,101.56338332101666,101.7274398803711,207939900,0.0,0.0,0.0
2011-07-29 00:00:00-04:00,100.7040567557474,101.98521870534628,99.96973004315154,101.03215789794922,307038400,0.0,0.0,0.0
2011-08-01 00:00:00-04:00,102.21178731814213,102.30553904061702,99.62602779542821,100.60252380371094,325790900,0.0,0.0,0.0
2011-08-02 00:00:00-04:00,99.84473207289211,100.38375961539923,98.03235626220703,98.03235626220703,346653800,0.0,0.0,0.0
2011-08-03 00:00:00-04:00,98.1651925568339,98.67296570779392,96.5012395616508,98.5635986328125,370830800,0.0,0.0,0.0
2011-08-04 00:00:00-04:00,97.19651514391538,97.3527580971802,93.79049624351252,93.94673919677734,520721800,0.0,0.0,0.0
2011-08-05 00:00:00-04:00,95.11851733734832,95.36068642107291,91.29065209494405,93.80610656738281,655619200,0.0,0.0,0.0
2011-08-08 00:00:00-04:00,91.32973325219416,93.83737460829217,87.50967489396065,87.6971664428711,702263900,0.0,0.0,0.0
2011-08-09 00:00:00-04:00,89.11111761073711,91.89998991306788,86.14256742425266,91.7750015258789,717828700,0.0,0.0,0.0
2011-08-10 00:00:00-04:00,90.04076760865611,90.83758592375037,87.4550014938608,87.72061157226562,662607400,0.0,0.0,0.0
2011-08-11 00:00:00-04:00,88.47835092874628,92.89992170212048,87.74402403208437,91.65782165527344,487979700,0.0,0.0,0.0
2011-08-12 00:00:00-04:00,92.49369751795965,93.12646498594384,91.6187550016878,92.27496337890625,313731600,0.0,0.0,0.0
2011-08-15 00:00:00-04:00,93.11081687859206,94.32166793134938,92.9623876297802,94.2279281616211,258810600,0.0,0.0,0.0
2011-08-16 00:00:00-04:00,93.32958478125741,94.2826458526347,92.42339361173188,93.42332458496094,294095200,0.0,0.0,0.0
2011-08-17 00:00:00-04:00,93.93888951792452,94.68102389100801,92.74365969429934,93.48579406738281,238201100,0.0,0.0,0.0
2011-08-18 00:00:00-04:00,91.00942924121472,93.51707031025059,88.57990666191922,89.45484924316406,512956300,0.0,0.0,0.0
2011-08-19 00:00:00-04:00,88.24400897596625,90.5251026969172,87.88465908513643,87.99402618408203,428281300,0.0,0.0,0.0
2011-08-22 00:00:00-04:00,89.97040071169137,90.01727655517419,87.81430263328527,88.06428527832031,275090600,0.0,0.0,0.0
2011-08-23 00:00:00-04:00,88.39240198367582,91.06409309155184,87.94712013236315,90.96253967285156,331136600,0.0,0.0,0.0
2011-08-24 00:00:00-04:00,90.76725951015455,92.3687093990132,90.55633303324298,92.24372100830078,246869700,0.0,0.0,0.0
2011-08-25 00:00:00-04:00,92.75150607901153,93.27490654631413,90.51728257613223,90.83757019042969,312365400,0.0,0.0,0.0
2011-08-26 00:00:00-04:00,90.37665583408358,92.5796304774667,88.93925068432657,92.15778350830078,314495900,0.0,0.0,0.0
2011-08-29 00:00:00-04:00,93.39989640356423,94.86073670443112,92.22810109186989,94.8060531616211,190977200,0.0,0.0,0.0
2011-08-30 00:00:00-04:00,94.39198385722447,95.64189718878255,93.16550546937422,95.05599975585938,241315700,0.0,0.0,0.0
2011-08-31 00:00:00-04:00,95.66536032082253,96.48561935263164,94.75917512345174,95.47787475585938,301828400,0.0,0.0,0.0
2011-09-01 00:00:00-04:00,95.53255791421627,96.3996868438045,94.35294907089249,94.47794342041016,254585900,0.0,0.0,0.0
2011-09-02 00:00:00-04:00,92.50930774004084,94.42324314741818,91.73592470966129,92.06402587890625,255517200,0.0,0.0,0.0
2011-09-06 00:00:00-04:00,89.36109396732786,91.52501225915435,89.35328033116794,91.39220428466797,285130500,0.0,0.0,0.0
2011-09-07 00:00:00-04:00,92.77493131747795,94.00921770097672,92.46245141327812,93.97016143798828,209803200,0.0,0.0,0.0
2011-09-08 00:00:00-04:00,93.40767029865673,94.47791170693306,92.78271068096637,92.99363708496094,250568200,0.0,0.0,0.0
2011-09-09 00:00:00-04:00,91.93122805362722,93.00927735587358,90.05635477836837,90.55632019042969,380195100,0.0,0.0,0.0
2011-09-12 00:00:00-04:00,89.4236041211128,91.21254561777862,89.09550287545154,91.1422348022461,305793500,0.0,0.0,0.0
2011-09-13 00:00:00-04:00,91.43908951794424,92.32183977267621,90.79069473151858,91.97811126708984,272514700,0.0,0.0,0.0
2011-09-14 00:00:00-04:00,92.4468271274149,94.36857651432395,91.18129211659509,93.25146484375,319389500,0.0,0.0,0.0
2011-09-15 00:00:00-04:00,94.25139286695563,94.89197398929473,93.27489689021564,94.86072540283203,326777200,0.0,0.0,0.0
2011-09-16 00:00:00-04:00,95.24155583026574,95.77551812345676,94.47987370709251,95.42215728759766,284528300,0.625,0.0,0.0
2011-09-19 00:00:00-04:00,93.85956080182223,94.95889594515725,93.22351950778244,94.4720458984375,241517000,0.0,0.0,0.0
2011-09-20 00:00:00-04:00,94.8725202020247,95.7912478563863,94.23647890145045,94.36211395263672,218932200,0.0,0.0,0.0
2011-09-21 00:00:00-04:00,94.40923828878392,94.69977273284063,91.4331833144987,91.5823745727539,316251300,0.0,0.0,0.0
2011-09-22 00:00:00-04:00,88.92825178434948,89.68207995474003,87.39703924932083,88.62200927734375,513911300,0.0,0.0,0.0
2011-09-23 00:00:00-04:00,88.03307657263714,89.64281767197733,87.96240200211963,89.15596771240234,307242500,0.0,0.0,0.0
2011-09-26 00:00:00-04:00,89.9961713829629,91.40174880475475,88.71623497783986,91.27610778808594,260673700,0.0,0.0,0.0
2011-09-27 00:00:00-04:00,93.07429740880956,93.88309192245408,91.74724272667845,92.29691314697266,311753900,0.0,0.0,0.0
2011-09-28 00:00:00-04:00,92.48538251825836,93.0429010918331,90.2788644186199,90.412353515625,286696800,0.0,0.0,0.0
2011-09-29 00:00:00-04:00,91.91216873608792,92.36760251258572,89.46222246163886,91.1269302368164,298108900,0.0,0.0,0.0
2011-09-30 00:00:00-04:00,89.8705301144713,90.65576849377081,88.7869033077596,88.84972381591797,288392300,0.0,0.0,0.0
2011-10-03 00:00:00-04:00,88.33145914790288,89.47790640486036,86.22702015804984,86.32125091552734,365136800,0.0,0.0,0.0
2011-10-04 00:00:00-04:00,85.08058436228497,88.40214562237391,84.35816643031983,88.21368408203125,459177500,0.0,0.0,0.0
2011-10-05 00:00:00-04:00,88.43355169357703,90.08255115271847,87.6169030300922,89.84697723388672,284108000,0.0,0.0,0.0
2011-10-06 00:00:00-04:00,89.79986409983023,91.60591482014082,89.13241265654798,91.47241973876953,257800800,0.0,0.0,0.0
2011-10-07 00:00:00-04:00,92.00637925809636,92.06919976611367,90.34952580222361,90.85993194580078,312657900,0.0,0.0,0.0
2011-10-10 00:00:00-04:00,92.4068496417191,93.93806203406052,92.39899558073722,93.8988037109375,230666300,0.0,0.0,0.0
2011-10-11 00:00:00-04:00,93.34127588895113,94.26000323271938,93.24704513924698,93.9930191040039,209088000,0.0,0.0,0.0
2011-10-12 00:00:00-04:00,94.69974844395057,95.9090162810077,94.48773671507325,94.81753540039062,281544900,0.0,0.0,0.0
2011-10-13 00:00:00-04:00,94.26001111808004,94.91176037854778,93.53759328259183,94.62907409667969,212538800,0.0,0.0,0.0
2011-10-14 00:00:00-04:00,95.7283813968001,96.27019162189978,95.19441923940218,96.24663543701172,211397600,0.0,0.0,0.0
2011-10-17 00:00:00-04:00,95.79122539859326,96.23096295188736,94.17363630185297,94.40921020507812,202311600,0.0,0.0,0.0
2011-10-18 00:00:00-04:00,94.3385331458934,96.97693443239434,93.60040719345173,96.2545166015625,318857900,0.0,0.0,0.0
2011-10-19 00:00:00-04:00,96.09747668513954,96.64714717940862,94.78612994787716,95.11592864990234,226601300,0.0,0.0,0.0
2011-10-20 00:00:00-04:00,95.35148941324552,95.87759764969884,94.08725523909216,95.53209686279297,262075600,0.0,0.0,0.0
2011-10-21 00:00:00-04:00,96.65500222930157,97.4638029010879,96.3644678240651,97.34601593017578,278999400,0.0,0.0,0.0
2011-10-24 00:00:00-04:00,97.50302138562134,98.78296342710622,97.41664470831039,98.53953552246094,203215600,0.0,0.0,0.0
2011-10-25 00:00:00-04:00,98.06841661454003,98.11552899824395,96.41156322416326,96.62358093261719,268596800,0.0,0.0,0.0
2011-10-26 00:00:00-04:00,97.64439138111516,97.97419006298955,95.96398172673412,97.60513305664062,289053800,0.0,0.0,0.0
2011-10-27 00:00:00-04:00,100.21993627015891,101.6255131841933,99.41899604635778,101.00518035888672,393220200,0.0,0.0,0.0
2011-10-28 00:00:00-04:00,100.51052630954457,101.17798381603427,100.3534810085436,100.98167419433594,225906500,0.0,0.0,0.0
2011-10-31 00:00:00-04:00,99.85090754309158,100.99734877930042,98.40606592052832,98.54740905761719,228146700,0.0,0.0,0.0
2011-11-01 00:00:00-04:00,95.82262845599993,96.9847837719364,95.42215524694775,95.799072265625,416565800,0.0,0.0,0.0
2011-11-02 00:00:00-04:00,97.23605170468913,97.68363725728568,96.41940322451622,97.36168670654297,244717600,0.0,0.0,0.0
2011-11-03 00:00:00-04:00,98.3668238060074,99.33266979255298,97.05547695486105,99.13636016845703,291174800,0.0,0.0,0.0
2011-11-04 00:00:00-04:00,98.33539056801521,98.70444752023829,97.37739892611326,98.53170013427734,249401600,0.0,0.0,0.0
2011-11-07 00:00:00-05:00,98.46102088309337,99.2462591107221,97.52658547512968,99.14418029785156,196617200,0.0,0.0,0.0
2011-11-08 00:00:00-05:00,99.66243180572808,100.52619862623797,98.71229429405929,100.416259765625,224426300,0.0,0.0,0.0
2011-11-09 00:00:00-05:00,98.06840449537123,98.78297417800513,96.47437180751697,96.70994567871094,337982000,0.0,0.0,0.0
2011-11-10 00:00:00-05:00,97.98988202818533,98.10766896397413,96.60000696948381,97.62081909179688,231866500,0.0,0.0,0.0
2011-11-11 00:00:00-05:00,98.80652568731325,99.71739889827855,98.77511543991554,99.4582748413086,189924400,0.0,0.0,0.0
2011-11-14 00:00:00-05:00,99.08921777574245,100.07861366819502,98.09196183236106,98.5159912109375,159258300,0.0,0.0,0.0
2011-11-15 00:00:00-05:00,98.28829118806841,99.52896932436411,97.93493629688376,99.00286102294922,184709400,0.0,0.0,0.0
2011-11-16 00:00:00-05:00,98.00559367065492,99.20700735235916,97.29102990838668,97.432373046875,235782500,0.0,0.0,0.0
2011-11-17 00:00:00-05:00,97.25177301560505,97.49520098934214,95.19445227617886,95.88545989990234,331219600,0.0,0.0,0.0
2011-11-18 00:00:00-05:00,96.19172290149906,96.38803254007355,95.38292814911533,95.78340148925781,215580400,0.0,0.0,0.0
2011-11-21 00:00:00-05:00,94.38563992009178,94.50342686159368,93.16852416695274,93.96161651611328,229611600,0.0,0.0,0.0
2011-11-22 00:00:00-05:00,93.7574744328884,94.30713896504247,93.06646074573005,93.59257507324219,216494900,0.0,0.0,0.0
2011-11-23 00:00:00-05:00,92.7130935054388,93.59256263086102,91.52738189697266,91.52738189697266,224329100,0.0,0.0,0.0
2011-11-25 00:00:00-05:00,91.38605503449084,92.42256962122043,91.24471186398706,91.35464477539062,99557000,0.0,0.0,0.0
2011-11-28 00:00:00-05:00,93.86738068691218,94.3699326853012,93.30200819100146,94.00086975097656,210686000,0.0,0.0,0.0
2011-11-29 00:00:00-05:00,94.26786041259766,95.0138344020417,93.92235364314091,94.26786041259766,199241500,0.0,0.0,0.0
2011-11-30 00:00:00-05:00,96.96909212210853,98.32755724310655,94.22861167663014,98.1469497680664,324439500,0.0,0.0,0.0
2011-12-01 00:00:00-05:00,98.03700246078058,98.65734144873522,97.7072038061899,98.13123321533203,176954800,0.0,0.0,0.0
2011-12-02 00:00:00-05:00,99.03424742531732,99.33263579509521,97.9820250850302,98.04484558105469,221109700,0.0,0.0,0.0
2011-12-05 00:00:00-05:00,99.59964461515717,99.86662881010413,98.50031555035825,99.11280059814453,225263900,0.0,0.0,0.0
2011-12-06 00:00:00-05:00,99.10491599011323,99.81163159315753,98.7515611840372,99.14418029785156,178842100,0.0,0.0,0.0
2011-12-07 00:00:00-05:00,98.8143998122681,99.92944292078926,98.13124622162705,99.51326751708984,237802500,0.0,0.0,0.0
2011-12-08 00:00:00-05:00,98.86153338376077,99.0813992164167,97.09474666876825,97.33031463623047,240862800,0.0,0.0,0.0
2011-12-09 00:00:00-05:00,97.77001100461891,99.2305545515036,97.68363432242418,98.97927856445312,209111400,0.0,0.0,0.0
2011-12-12 00:00:00-05:00,98.11552137008849,98.13122949069731,96.70995011112618,97.5344467163086,215826100,0.0,0.0,0.0
2011-12-13 00:00:00-05:00,98.04486042268807,98.60237892979264,96.15243313200543,96.62358093261719,245159800,0.0,0.0,0.0
2011-12-14 00:00:00-05:00,96.23882020063816,96.60788322180625,95.38291318634943,95.59492492675781,238618800,0.0,0.0,0.0
2011-12-15 00:00:00-05:00,96.6078657764541,96.7413548478242,95.79121723665453,95.94041442871094,199109200,0.0,0.0,0.0
2011-12-16 00:00:00-05:00,96.58842521526446,97.15737756116681,95.85352165263973,96.08267974853516,220481400,0.77,0.0,0.0
2011-12-19 00:00:00-05:00,96.45408131646175,96.65953984253119,94.84993850762197,95.0553970336914,183903000,0.0,0.0,0.0
2011-12-20 00:00:00-05:00,96.54888807144943,98.09771547163136,95.11859464161006,97.93177032470703,225418100,0.0,0.0,0.0
2011-12-21 00:00:00-05:00,97.93177107729221,98.27156524614513,96.9993130810601,98.12142181396484,194230900,0.0,0.0,0.0
2011-12-22 00:00:00-05:00,98.48491470988138,99.0933862397761,98.16883218041109,98.99065399169922,119465400,0.0,0.0,0.0
2011-12-23 00:00:00-05:00,99.30675128438281,99.90731899519615,99.10129882793453,99.8757095336914,92187200,0.0,0.0,0.0
2011-12-27 00:00:00-05:00,99.70185751729193,100.21550070077222,99.61493300798503,99.95472717285156,86075700,0.0,0.0,0.0
2011-12-28 00:00:00-05:00,99.97051895222901,99.98632066553938,98.56393134100581,98.64295196533203,119107100,0.0,0.0,0.0
2011-12-29 00:00:00-05:00,98.96696499428786,99.76508738142816,98.66668412940116,99.66236114501953,123507200,0.0,0.0,0.0
2011-12-30 00:00:00-05:00,99.58334295533503,99.82831481516462,99.17243194580078,99.17243194580078,95599000,0.0,0.0,0.0
2012-01-03 00:00:00-05:00,100.95828894586256,101.44822644891546,100.69751546703343,100.7528305053711,193697900,0.0,0.0,0.0
2012-01-04 00:00:00-05:00,100.51577946637997,100.99781317939494,100.12857413308349,100.910888671875,127186500,0.0,0.0,0.0
2012-01-05 00:00:00-05:00,100.36564741650349,101.32970886502105,99.90731926677145,101.1795654296875,173895000,0.0,0.0,0.0
2012-01-06 00:00:00-05:00,101.30600571726553,101.32181346288597,100.58691004263679,100.9188003540039,148050000,0.0,0.0,0.0
2012-01-09 00:00:00-05:00,101.14794958091967,101.29018309728573,100.68172364468617,101.16375732421875,99530200,0.0,0.0,0.0
2012-01-10 00:00:00-05:00,102.24636890739882,102.45182137192654,101.89867084606179,102.0409164428711,115282000,0.0,0.0,0.0
2012-01-11 00:00:00-05:00,101.72481068389965,102.23054997474522,101.5588715731871,102.0962142944336,111540700,0.0,0.0,0.0
2012-01-12 00:00:00-05:00,102.38858685990445,102.49130703554592,101.5746509500176,102.3411636352539,118983700,0.0,0.0,0.0
2012-01-13 00:00:00-05:00,101.65368817253504,101.97768059025437,100.92668873667532,101.81172943115234,179836200,0.0,0.0,0.0
2012-01-17 00:00:00-05:00,102.791606446493,102.9812631950404,101.85914250502084,102.20684051513672,132209200,0.0,0.0,0.0
2012-01-18 00:00:00-05:00,102.18318178484245,103.39221547401746,102.00143485358748,103.33690643310547,163395200,0.0,0.0,0.0
2012-01-19 00:00:00-05:00,103.6924614645453,103.9690427331288,103.36057117691078,103.88211822509766,126328900,0.0,0.0,0.0
2012-01-20 00:00:00-05:00,103.70827689203578,104.26932525634766,103.45540119256557,104.26932525634766,138230200,0.0,0.0,0.0
2012-01-23 00:00:00-05:00,103.92160658489288,104.5063724805926,103.50279184127506,104.0006332397461,129295800,0.0,0.0,0.0
2012-01-24 00:00:00-05:00,103.36057117691078,103.91372165630165,103.20252990533855,103.88211822509766,103083300,0.0,0.0,0.0
2012-01-25 00:00:00-05:00,103.72408672295462,104.99633912216845,103.3210795869721,104.75137329101562,198613200,0.0,0.0,0.0
2012-01-26 00:00:00-05:00,105.21760399583866,105.41515865002368,103.80311797729664,104.21403503417969,184880500,0.0,0.0,0.0
2012-01-27 00:00:00-05:00,103.7082977225472,104.34837288595118,103.63716888167386,104.1666259765625,135259100,0.0,0.0,0.0
2012-01-30 00:00:00-05:00,103.13142379862853,103.86633335707796,102.77582784482728,103.8110122680664,147311800,0.0,0.0,0.0
2012-01-31 00:00:00-05:00,104.3246194942536,104.45104525368198,103.26571784740176,103.77146911621094,157212000,0.0,0.0,0.0
2012-02-01 00:00:00-05:00,104.53799122837869,105.20968171974633,104.41156544296975,104.68023681640625,166234500,0.0,0.0,0.0
2012-02-02 00:00:00-05:00,104.8857047452981,105.11487487711011,104.47479978097682,104.84619140625,113090400,0.0,0.0,0.0
2012-02-03 00:00:00-05:00,105.8892587714508,106.37919028936798,105.70751192734846,106.31597137451172,160598500,0.0,0.0,0.0
2012-02-06 00:00:00-05:00,105.87345418832942,106.29226896119945,105.75492625554561,106.24485778808594,107694500,0.0,0.0,0.0
2012-02-07 00:00:00-05:00,106.02358779989372,106.69527817759689,105.60477306576917,106.51351928710938,135528100,0.0,0.0,0.0
2012-02-08 00:00:00-05:00,106.5688544704092,106.85333357822607,106.13423193655346,106.82962799072266,139361400,0.0,0.0,0.0
2012-02-09 00:00:00-05:00,107.00347970238957,107.14571323099649,106.33178921878691,106.9639663696289,148602900,0.0,0.0,0.0
2012-02-10 00:00:00-05:00,106.01568769789039,106.26065343627658,105.762812059702,106.1737289428711,167907500,0.0,0.0,0.0
2012-02-13 00:00:00-05:00,106.93236293808611,107.09040421135255,106.47403480517008,106.9639663696289,115841900,0.0,0.0,0.0
2012-02-14 00:00:00-05:00,106.67948456468376,106.8928469099904,106.08682076154663,106.82962799072266,165329500,0.0,0.0,0.0
2012-02-15 00:00:00-05:00,107.1773265941298,107.33536786426102,106.11842476292107,106.331787109375,195195100,0.0,0.0,0.0
2012-02-16 00:00:00-05:00,106.33967380729523,107.60401575024362,106.15001708985496,107.50919342041016,186567800,0.0,0.0,0.0
2012-02-17 00:00:00-05:00,107.88064858993431,107.96757311981004,107.43812809521397,107.7937240600586,129869400,0.0,0.0,0.0
2012-02-21 00:00:00-05:00,108.0465703246562,108.29944602816683,107.50922754136192,107.84111785888672,134042300,0.0,0.0,0.0
2012-02-22 00:00:00-05:00,107.67516270160664,107.90433280668654,107.3037590618786,107.49341583251953,124455300,0.0,0.0,0.0
2012-02-23 00:00:00-05:00,107.43809967113917,108.04655916151461,107.0745938993436,107.96754455566406,137704300,0.0,0.0,0.0
2012-02-24 00:00:00-05:00,108.20462036132812,108.41798274619839,107.96756444233692,108.20462036132812,105539100,0.0,0.0,0.0
2012-02-27 00:00:00-05:00,107.48553435999608,108.67876007202307,107.3116853082069,108.38638305664062,145728900,0.0,0.0,0.0
2012-02-28 00:00:00-05:00,108.41792881784964,108.82884563600318,108.20456653910827,108.70240783691406,129355900,0.0,0.0,0.0
2012-02-29 00:00:00-05:00,108.86050321715558,109.20030346404344,107.89643562055956,108.27574920654297,185934700,0.0,0.0,0.0
2012-03-01 00:00:00-05:00,108.50488645270487,109.04224123414389,108.20459960255435,108.83677673339844,145023500,0.0,0.0,0.0
2012-03-02 00:00:00-05:00,108.7656792655827,108.9079248726995,108.25993988274814,108.5049057006836,120638300,0.0,0.0,0.0
2012-03-05 00:00:00-05:00,108.33892862713289,108.41794321872976,107.69094386406012,108.06234741210938,140765000,0.0,0.0,0.0
2012-03-06 00:00:00-05:00,106.95608480226642,107.01929167497053,106.1737641025497,106.48194885253906,202129900,0.0,0.0,0.0
2012-03-07 00:00:00-05:00,106.72688242490302,107.39857280777161,106.62415018668739,107.22472381591797,143692200,0.0,0.0,0.0
2012-03-08 00:00:00-05:00,107.88059149652263,108.5127684648914,107.65933136625947,108.29149627685547,116968900,0.0,0.0,0.0
2012-03-09 00:00:00-05:00,108.49703338100664,108.99486297858934,108.36269764465698,108.71039581298828,122836800,0.0,0.0,0.0
2012-03-12 00:00:00-04:00,108.69456375631209,108.86050289913916,108.33105791858445,108.71826934814453,104003500,0.0,0.0,0.0
2012-03-13 00:00:00-04:00,109.30299125494906,110.73328432061327,109.1212323806292,110.67796325683594,184090500,0.0,0.0,0.0
2012-03-14 00:00:00-04:00,110.70959165249914,110.98616083032746,110.21964809393883,110.5594482421875,145163600,0.0,0.0,0.0
2012-03-15 00:00:00-04:00,110.72539570339632,111.2469427287986,110.44091660388376,111.19953155517578,165118500,0.0,0.0,0.0
2012-03-16 00:00:00-04:00,111.40113457676772,111.49637248030314,111.115408755543,111.353515625,152893500,0.614,0.0,0.0
2012-03-19 00:00:00-04:00,111.28207581517397,112.13130862627978,111.20270282993393,111.79003143310547,125291100,0.0,0.0,0.0
2012-03-20 00:00:00-04:00,111.155072006394,111.5995316107675,110.8296597565434,111.46460723876953,121729700,0.0,0.0,0.0
2012-03-21 00:00:00-04:00,111.52815914749652,111.6313295363011,111.05194526927454,111.28211975097656,122388400,0.0,0.0,0.0
2012-03-22 00:00:00-04:00,110.46458409981294,110.75825448669161,110.11537441670657,110.48046112060547,135216700,0.0,0.0,0.0
2012-03-23 00:00:00-04:00,110.57571934207675,110.96461555072051,109.96458115769741,110.8376235961914,120521000,0.0,0.0,0.0
2012-03-26 00:00:00-04:00,111.63127197460274,112.39321136474608,111.59159759739366,112.3932113647461,120164000,0.0,0.0,0.0
2012-03-27 00:00:00-04:00,112.49641057717635,112.56783899953713,111.97257792529545,112.04400634765625,119868500,0.0,0.0,0.0
2012-03-28 00:00:00-04:00,111.98848767938725,112.1630986143867,110.82970712081104,111.48846435546875,148562100,0.0,0.0,0.0
2012-03-29 00:00:00-04:00,110.82973475822114,111.50436918537144,110.39320731186646,111.29800415039062,164963700,0.0,0.0,0.0
2012-03-30 00:00:00-04:00,111.84558333297284,111.9487657921215,111.15508437865113,111.7582778930664,135486800,0.0,0.0,0.0
2012-04-02 00:00:00-04:00,111.62337494827872,112.86946081988967,111.40114507866728,112.57579040527344,151741100,0.0,0.0,0.0
2012-04-03 00:00:00-04:00,112.41705850323022,112.60754644224735,111.4566984627878,112.1154556274414,155806700,0.0,0.0,0.0
2012-04-04 00:00:00-04:00,111.2900211742529,111.38525907909063,110.59157757712656,111.0042953491211,146896000,0.0,0.0,0.0
2012-04-05 00:00:00-04:00,110.6233226539915,111.27413513533708,110.52807264625442,110.94872283935547,137439400,0.0,0.0,0.0
2012-04-09 00:00:00-04:00,109.55188103860725,110.98844293799758,109.40107958209731,109.70268249511719,127555900,0.0,0.0,0.0
2012-04-10 00:00:00-04:00,109.48833915795531,109.7978743981862,107.75017507411411,107.86128997802734,235360300,0.0,0.0,0.0
2012-04-11 00:00:00-04:00,108.96452203534889,109.16294239984016,108.53593937671967,108.73435974121094,154133000,0.0,0.0,0.0
2012-04-12 00:00:00-04:00,108.83755007366818,110.24235763617051,108.75817707788688,110.1550521850586,154321500,0.0,0.0,0.0
2012-04-13 00:00:00-04:00,109.90107203148045,110.17886538494926,108.74229177862686,108.84547424316406,169246700,0.0,0.0,0.0
2012-04-16 00:00:00-04:00,109.40106623073903,109.55980012483283,108.4010317983902,108.77406311035156,147825300,0.0,0.0,0.0
2012-04-17 00:00:00-04:00,109.40105397851926,110.60745323763885,109.28993905403577,110.38522338867188,147877600,0.0,0.0,0.0
2012-04-18 00:00:00-04:00,109.89314439325254,110.38522304147186,109.82964842080192,110.01219177246094,123884200,0.0,0.0,0.0
2012-04-19 00:00:00-04:00,110.02806971864545,110.44077537711804,108.78992852199063,109.30581665039062,198666700,0.0,0.0,0.0
2012-04-20 00:00:00-04:00,109.78996803160331,110.18680879853142,109.42486919735705,109.48836517333984,143199600,0.0,0.0,0.0
2012-04-23 00:00:00-04:00,108.36925999612708,108.66293036823147,107.89305839187469,108.56768035888672,171844900,0.0,0.0,0.0
2012-04-24 00:00:00-04:00,108.66294755784912,109.25820874029363,108.57564209999914,108.98041534423828,137484200,0.0,0.0,0.0
2012-04-25 00:00:00-04:00,110.04393937122546,110.52015313382348,109.94870146295348,110.4725341796875,150252200,0.0,0.0,0.0
2012-04-26 00:00:00-04:00,110.2344297947993,111.36940070675932,110.17093381764033,111.2424087524414,136291600,0.0,0.0,0.0
2012-04-27 00:00:00-04:00,111.57575107457612,111.74241741412946,110.9566804492827,111.4249496459961,130725000,0.0,0.0,0.0
2012-04-30 00:00:00-04:00,111.20273312832894,111.28210613519502,110.71065439549669,111.01224517822266,115092200,0.0,0.0,0.0
2012-05-01 00:00:00-04:00,110.94872880607474,112.43292140950447,110.82174897329251,111.7027359008789,138832200,0.0,0.0,0.0
2012-05-02 00:00:00-04:00,111.05194296350084,111.4805378671261,110.68685616031667,111.36942291259766,121081000,0.0,0.0,0.0
2012-05-03 00:00:00-04:00,111.38524378396576,111.47254922161801,110.31378116981583,110.52013397216797,143759700,0.0,0.0,0.0
2012-05-04 00:00:00-04:00,109.94075894829082,110.55982951665412,108.67086377129958,108.73435974121094,193927300,0.0,0.0,0.0
2012-05-07 00:00:00-04:00,108.3454622803032,109.1788303164636,108.30578789193964,108.8137435913086,127765900,0.0,0.0,0.0
2012-05-08 00:00:00-04:00,108.16285421144556,108.551762291829,107.0834474821928,108.37715148925781,213377700,0.0,0.0,0.0
2012-05-09 00:00:00-04:00,107.22641152434745,108.42486663222832,106.74226516224039,107.73436737060547,220752500,0.0,0.0,0.0
2012-05-10 00:00:00-04:00,108.48036346708791,108.61529995686854,107.71050368259105,107.95654296875,150600000,0.0,0.0,0.0
2012-05-11 00:00:00-04:00,107.28191988773048,108.63117592739363,107.23430093854275,107.63114166259766,153032400,0.0,0.0,0.0
2012-05-14 00:00:00-04:00,106.59933900970712,107.63112717549521,106.28187131744131,106.44060516357422,163910000,0.0,0.0,0.0
2012-05-15 00:00:00-04:00,106.36919272286602,106.99619574796365,105.6628167074744,105.82948303222656,207629300,0.0,0.0,0.0
2012-05-16 00:00:00-04:00,106.30570776093217,106.78985398637658,105.40091128673004,105.42472076416016,207265500,0.0,0.0,0.0
2012-05-17 00:00:00-04:00,105.44854649650665,105.57553846945594,103.80561963685568,103.8611831665039,247992900,0.0,0.0,0.0
2012-05-18 00:00:00-04:00,104.26592917352201,104.4484846283519,102.82143521870996,102.97223663330078,319615900,0.0,0.0,0.0
2012-05-21 00:00:00-04:00,103.30558776435396,104.78183585046523,103.13890931936228,104.74214935302734,177861100,0.0,0.0,0.0
2012-05-22 00:00:00-04:00,105.01198805890664,105.74217352118599,104.24211610300632,104.9246826171875,197531200,0.0,0.0,0.0
2012-05-23 00:00:00-04:00,104.17068146693404,105.13104126855774,103.17064728467352,104.98023986816406,204958400,0.0,0.0,0.0
2012-05-24 00:00:00-04:00,105.26598035443433,105.43264668611685,104.30562041866249,105.18660736083984,167357600,0.0,0.0,0.0
2012-05-25 00:00:00-04:00,105.14690471184825,105.44057505454072,104.59133017388721,104.8453140258789,135465600,0.0,0.0,0.0
2012-05-29 00:00:00-04:00,105.68665921047783,106.29778540637555,104.10722825073798,106.11524200439453,152883500,0.0,0.0,0.0
2012-05-30 00:00:00-04:00,105.21040224072678,106.10726607932287,104.36116945805051,104.57545471191406,162370400,0.0,0.0,0.0
2012-05-31 00:00:00-04:00,104.53578667047022,105.123103178979,103.44843487410638,104.34529876708984,196186000,0.0,0.0,0.0
2012-06-01 00:00:00-04:00,102.71031773931472,104.36910903723664,101.71821594238281,101.71821594238281,253240900,0.0,0.0,0.0
2012-06-04 00:00:00-04:00,101.90074789482044,102.17854121116554,100.9086462087541,101.67058563232422,202545800,0.0,0.0,0.0
2012-06-05 00:00:00-04:00,101.47219213895781,102.59128005490933,101.41663466873767,102.44049072265625,164149400,0.0,0.0,0.0
2012-06-06 00:00:00-04:00,103.15478634046119,104.78976830570534,103.1230322982634,104.74214935302734,184202800,0.0,0.0,0.0
2012-06-07 00:00:00-04:00,105.93265199243613,105.98027093629452,104.59132855754815,104.80562591552734,184772700,0.0,0.0,0.0
2012-06-08 00:00:00-04:00,104.5357681700704,105.66279415005741,104.20241137049676,105.63898468017578,143915400,0.0,0.0,0.0
2012-06-11 00:00:00-04:00,106.48820903022586,106.55170498181278,104.19447076308664,104.29765319824219,169756100,0.0,0.0,0.0
2012-06-12 00:00:00-04:00,104.59928315451192,105.56757558667037,104.09927202753232,105.49614715576172,181931800,0.0,0.0,0.0
2012-06-13 00:00:00-04:00,105.18661229590958,105.84536941967168,104.46435919641654,104.82152557373047,172223900,0.0,0.0,0.0
2012-06-14 00:00:00-04:00,105.03582175399538,106.35333613807563,104.75009588890111,105.93268585205078,230615500,0.0,0.0,0.0
2012-06-15 00:00:00-04:00,106.40974855589695,107.11179887225737,106.18636724977752,107.01606750488281,169444500,0.688,0.0,0.0
2012-06-18 00:00:00-04:00,106.56931839722085,107.48677657980349,106.32997777508677,107.22350311279297,131360900,0.0,0.0,0.0
2012-06-19 00:00:00-04:00,107.76599183888364,108.69940915763499,107.19955286423911,108.2606201171875,137382600,0.0,0.0,0.0
2012-06-20 00:00:00-04:00,108.26862252848024,108.57976168267106,107.11979729043114,108.08512115478516,206451800,0.0,0.0,0.0
2012-06-21 00:00:00-04:00,108.21277409637491,108.32446476574846,105.57207799139547,105.65983581542969,205272200,0.0,0.0,0.0
2012-06-22 00:00:00-04:00,106.21031356907676,106.67303552571742,105.80343085936752,106.47358703613281,130029200,0.0,0.0,0.0
2012-06-25 00:00:00-04:00,105.34865181346878,105.38854392984517,104.39130188725906,104.76626586914062,146375700,0.0,0.0,0.0
2012-06-26 00:00:00-04:00,105.06948056428475,105.61198688258766,104.45517569857131,105.29286193847656,141634000,0.0,0.0,0.0
2012-06-27 00:00:00-04:00,105.64386497339993,106.44963241622922,105.28486015920345,106.2422103881836,108088000,0.0,0.0,0.0
2012-06-28 00:00:00-04:00,105.54015940969032,106.09862492989797,104.73439187877949,105.93905639648438,169242100,0.0,0.0,0.0
2012-06-29 00:00:00-04:00,107.86173585636428,108.71538119641144,107.58251528759094,108.57975769042969,212250900,0.0,0.0,0.0
2012-07-02 00:00:00-04:00,108.88294275959474,109.01856630500765,108.1170671886309,108.90687561035156,129524500,0.0,0.0,0.0
2012-07-03 00:00:00-04:00,108.88290043632524,109.70462712189466,108.77120978508381,109.6248550415039,80450000,0.0,0.0,0.0
2012-07-05 00:00:00-04:00,109.2179915898631,109.93601347981132,108.73133677246723,109.13023376464844,126177500,0.0,0.0,0.0
2012-07-06 00:00:00-04:00,108.07714221468414,108.31648282291847,107.58251388480382,108.09310150146484,151192100,0.0,0.0,0.0
2012-07-09 00:00:00-04:00,108.00534707275213,108.15692986850189,107.46284086550929,107.95748138427734,103780500,0.0,0.0,0.0
2012-07-10 00:00:00-04:00,108.5079381221879,108.68345374462004,106.64907697433335,107.01606750488281,167884800,0.0,0.0,0.0
2012-07-11 00:00:00-04:00,107.07195848748613,107.38309771980589,106.40978788057532,107.03206634521484,141733400,0.0,0.0,0.0
2012-07-12 00:00:00-04:00,106.40973045787447,107.08784781705796,105.78745232903968,106.51343536376953,143583200,0.0,0.0,0.0
2012-07-13 00:00:00-04:00,106.7926768212104,108.41219723504895,106.77671753692665,108.30050659179688,129642600,0.0,0.0,0.0
2012-07-16 00:00:00-04:00,108.05320515114968,108.36434427769198,107.6223896384797,108.04521942138672,97525200,0.0,0.0,0.0
2012-07-17 00:00:00-04:00,108.47598564861099,109.0105058450265,107.34312031351742,108.78712463378906,138860300,0.0,0.0,0.0
2012-07-18 00:00:00-04:00,108.53189663068062,109.80837197326589,108.4680838195853,109.59296417236328,113349700,0.0,0.0,0.0
2012-07-19 00:00:00-04:00,109.81630199396243,110.23913169671901,109.46528297861762,109.880126953125,129847300,0.0,0.0,0.0
2012-07-20 00:00:00-04:00,109.25787664398018,109.42541872612261,108.75527474429154,108.87493896484375,142904500,0.0,0.0,0.0
2012-07-23 00:00:00-04:00,107.27929768475222,108.8030862590536,106.77668386194753,107.77392578125,145210900,0.0,0.0,0.0
2012-07-24 00:00:00-04:00,107.85373865482957,107.9016043319332,106.13050123890017,106.8485107421875,173301200,0.0,0.0,0.0
2012-07-25 00:00:00-04:00,107.0719384298205,107.35115902666809,106.30605083115175,106.87248992919922,129122300,0.0,0.0,0.0
2012-07-26 00:00:00-04:00,108.41222351773932,108.866971929819,107.90960941457126,108.63560485839844,156526500,0.0,0.0,0.0
2012-07-27 00:00:00-04:00,109.21000814757299,110.94920520621658,108.61166271345888,110.63805389404297,236768900,0.0,0.0,0.0
2012-07-30 00:00:00-04:00,110.51041611985909,111.16460079767195,110.31096764182105,110.63805389404297,106782000,0.0,0.0,0.0
2012-07-31 00:00:00-04:00,110.48645199056247,110.78960531344721,109.86417388916017,109.86417388916016,120575900,0.0,0.0,0.0
2012-08-01 00:00:00-04:00,110.6540456415469,110.67797849206272,109.6169108168285,109.76849365234375,138293800,0.0,0.0,0.0
2012-08-02 00:00:00-04:00,108.93873767882451,109.75249070251932,108.16487677682026,109.01053619384766,199556600,0.0,0.0,0.0
2012-08-03 00:00:00-04:00,110.54234329573436,111.40396234359832,109.04248656352249,111.172607421875,157825000,0.0,0.0,0.0
2012-08-06 00:00:00-04:00,111.46776185742357,111.8267666686531,111.34011191504952,111.38797760009766,86326200,0.0,0.0,0.0
2012-08-07 00:00:00-04:00,111.83474644396988,112.42511833025294,111.71508222469524,111.94644927978516,109545100,0.0,0.0,0.0
2012-08-08 00:00:00-04:00,111.5714817878912,112.2097071692164,111.53956321480364,112.08206939697266,89754700,0.0,0.0,0.0
2012-08-09 00:00:00-04:00,111.92251836722167,112.40119965138287,111.81082769070015,112.17781829833984,90291700,0.0,0.0,0.0
2012-08-10 00:00:00-04:00,111.72305242321933,112.4011821077095,111.539563234724,112.36128997802734,99792700,0.0,0.0,0.0
2012-08-13 00:00:00-04:00,112.1697964568618,112.36125914941431,111.7230217697198,112.305419921875,79426900,0.0,0.0,0.0
2012-08-14 00:00:00-04:00,112.72030047358524,112.79211117997613,111.9863315092818,112.32140350341797,102379400,0.0,0.0,0.0
2012-08-15 00:00:00-04:00,112.2017367351688,112.64052582706786,112.1299382037769,112.44905090332031,71085900,0.0,0.0,0.0
2012-08-16 00:00:00-04:00,112.6086066743949,113.41438632266025,112.32938610707164,113.27876281738281,112014200,0.0,0.0,0.0
2012-08-17 00:00:00-04:00,113.47022813001652,113.5260795487643,113.17504826911937,113.43033599853516,90813700,0.0,0.0,0.0
2012-08-20 00:00:00-04:00,113.27078950654492,113.46226445030227,112.95965033129572,113.4383316040039,78255700,0.0,0.0,0.0
2012-08-21 00:00:00-04:00,113.71758492605366,114.1563741900766,112.84799213131889,113.09530639648438,105581100,0.0,0.0,0.0
2012-08-22 00:00:00-04:00,112.8080509251833,113.32662425654851,112.5447896546346,113.14313507080078,133243500,0.0,0.0,0.0
2012-08-23 00:00:00-04:00,112.86389293262013,112.87186648842498,112.04216627011778,112.21768188476562,111466400,0.0,0.0,0.0
2012-08-24 00:00:00-04:00,111.93849297985314,113.15114347192632,111.86669442941147,112.89584350585938,99481200,0.0,0.0,0.0
2012-08-27 00:00:00-04:00,113.19899443758246,113.35057725103225,112.76020528637798,112.91976165771484,68785900,0.0,0.0,0.0
2012-08-28 00:00:00-04:00,112.63254404946387,113.15909097822069,112.46501413700372,112.80805969238281,75689600,0.0,0.0,0.0
2012-08-29 00:00:00-04:00,112.90382923815672,113.19900917222077,112.58470428057304,112.89584350585938,65421300,0.0,0.0,0.0
2012-08-30 00:00:00-04:00,112.40915564422274,112.44107421731029,111.84272879229128,112.08206939697266,96589900,0.0,0.0,0.0
2012-08-31 00:00:00-04:00,112.72024388375333,113.14308565934795,111.97830173494259,112.61653900146484,151970400,0.0,0.0,0.0
2012-09-04 00:00:00-04:00,112.52086723482856,112.85595144773734,111.79488390251578,112.51289367675781,120226200,0.0,0.0,0.0
2012-09-05 00:00:00-04:00,112.56074183852272,112.86390742518273,112.19376345049457,112.41714477539062,100660300,0.0,0.0,0.0
2012-09-06 00:00:00-04:00,113.09526368224898,114.70681083719913,113.0872901253233,114.69883728027344,158272500,0.0,0.0,0.0
2012-09-07 00:00:00-04:00,114.89030707692346,115.19347268585615,114.78660213705446,115.1456069946289,107272100,0.0,0.0,0.0
2012-09-10 00:00:00-04:00,115.033892539846,115.2333409943021,114.45150646137706,114.49138641357422,86458500,0.0,0.0,0.0
2012-09-11 00:00:00-04:00,114.56322504950181,115.17751767422041,114.53130647191844,114.81053924560547,88760000,0.0,0.0,0.0
2012-09-12 00:00:00-04:00,115.19348907470703,115.32113905172082,114.80256558511674,115.19348907470703,87640900,0.0,0.0,0.0
2012-09-13 00:00:00-04:00,115.17745231630511,117.3075596598615,114.87429904151193,116.94855499267578,225470200,0.0,0.0,0.0
2012-09-14 00:00:00-04:00,117.17999488570514,118.16127816641759,117.08425132105599,117.46720123291016,169777000,0.0,0.0,0.0
2012-09-17 00:00:00-04:00,117.227869988023,117.42731851810379,116.77312149622016,117.06831359863281,119427800,0.0,0.0,0.0
2012-09-18 00:00:00-04:00,116.8688292537193,117.12411696383542,116.67735434110587,116.9725341796875,98326600,0.0,0.0,0.0
2012-09-19 00:00:00-04:00,117.10817549126324,117.411341105674,116.80502205022279,117.036376953125,128318300,0.0,0.0,0.0
2012-09-20 00:00:00-04:00,116.50183588845522,117.10815483697034,116.18272321520898,117.04434204101562,154009800,0.0,0.0,0.0
2012-09-21 00:00:00-04:00,117.61301403304263,117.63707463632348,116.94730878611409,116.99542999267578,108737500,0.779,0.0,0.0
2012-09-24 00:00:00-04:00,116.41789015802652,117.08359505683345,116.32966391268229,116.81891632080078,95682000,0.0,0.0,0.0
2012-09-25 00:00:00-04:00,117.06764744567931,117.29222128010099,115.5437395825538,115.5758285522461,133165200,0.0,0.0,0.0
2012-09-26 00:00:00-04:00,115.55173693027947,115.58381365300633,114.65342959534071,114.9261245727539,146502200,0.0,0.0,0.0
2012-09-27 00:00:00-04:00,115.40736397082178,116.27358236636267,115.10258002470003,116.00890350341797,111830300,0.0,0.0,0.0
2012-09-28 00:00:00-04:00,115.5678000494346,115.94476589354382,115.06251504178127,115.4715576171875,150696100,0.0,0.0,0.0
2012-10-01 00:00:00-04:00,115.91265363568945,116.85105377755266,115.50359894730002,115.77630615234375,135911200,0.0,0.0,0.0
2012-10-02 00:00:00-04:00,116.23347473697928,116.41794342952893,115.35924023929516,115.89661407470703,113422200,0.0,0.0,0.0
2012-10-03 00:00:00-04:00,116.20944202934707,116.64254520241238,115.59988624249624,116.3698501586914,121283100,0.0,0.0,0.0
2012-10-04 00:00:00-04:00,116.81093879942917,117.37237316514997,116.65053072898769,117.20394897460938,124311600,0.0,0.0,0.0
2012-10-05 00:00:00-04:00,117.82957441101667,118.03008760187129,116.85908518240454,117.21199035644531,124842100,0.0,0.0,0.0
2012-10-08 00:00:00-04:00,116.77886688344863,117.19592543607858,116.54626476914366,116.81094360351562,78415400,0.0,0.0,0.0
2012-10-09 00:00:00-04:00,116.7227298019204,116.81897221076056,115.61589314684603,115.65599822998047,148872900,0.0,0.0,0.0
2012-10-10 00:00:00-04:00,115.63994858990482,115.7522477130124,114.76571411300137,114.91810607910156,124247500,0.0,0.0,0.0
2012-10-11 00:00:00-04:00,115.72016394059692,115.88860039445711,114.9582163142886,114.9822769165039,123601500,0.0,0.0,0.0
2012-10-12 00:00:00-04:00,115.0624997606736,115.4554977990604,114.35668938231525,114.6053237915039,124181900,0.0,0.0,0.0
2012-10-15 00:00:00-04:00,114.87798098076642,115.68003351450591,114.50904366872251,115.55973052978516,107689100,0.0,0.0,0.0
2012-10-16 00:00:00-04:00,116.10510534498465,116.81091539955895,116.02490744500501,116.73070526123047,108815500,0.0,0.0,0.0
2012-10-17 00:00:00-04:00,116.81096136839776,117.35636359929713,116.63450878531445,117.2601089477539,128834100,0.0,0.0,0.0
2012-10-18 00:00:00-04:00,116.95526123046875,117.51669533985107,116.56225123472828,116.95526123046875,148108500,0.0,0.0,0.0
2012-10-19 00:00:00-04:00,116.7387381326452,116.74675425144851,114.73360698037835,115.00630187988281,185645200,0.0,0.0,0.0
2012-10-22 00:00:00-04:00,114.81381263950959,115.2308833740934,114.11603086765507,115.02235412597656,125578600,0.0,0.0,0.0
2012-10-23 00:00:00-04:00,113.77916695632152,113.93957500698342,112.95305386898043,113.42626190185547,192056300,0.0,0.0,0.0
2012-10-24 00:00:00-04:00,113.83532736435481,113.97168708535254,112.92901618696418,113.10546875,120179400,0.0,0.0,0.0
2012-10-25 00:00:00-04:00,113.90756962764127,114.11609900025981,112.744595234084,113.4343490600586,134457400,0.0,0.0,0.0
2012-10-26 00:00:00-04:00,113.33005025134426,113.76315332941287,112.600179348808,113.37015533447266,146023500,0.0,0.0,0.0
2012-10-31 00:00:00-04:00,113.77118168905041,113.9155453022889,112.83276924958773,113.37015533447266,103438500,0.0,0.0,0.0
2012-11-01 00:00:00-04:00,113.61077651318652,114.70156883269317,113.50651796916743,114.55720520019531,100995600,0.0,0.0,0.0
2012-11-02 00:00:00-04:00,115.2389374533513,115.27102641800106,113.41828645598788,113.53858947753906,137702200,0.0,0.0,0.0
2012-11-05 00:00:00-05:00,113.37012244340904,114.02779911016708,113.0332496335469,113.77114868164062,98378500,0.0,0.0,0.0
2012-11-06 00:00:00-05:00,114.11603589007535,115.11058545836218,113.99573290285748,114.66143798828125,107068100,0.0,0.0,0.0
2012-11-07 00:00:00-05:00,113.61878938514607,113.63482162766823,111.53344745207615,112.06280517578125,264304500,0.0,0.0,0.0
2012-11-08 00:00:00-05:00,112.0467422425108,112.6162049554456,110.62710575849535,110.71533203125,181517300,0.0,0.0,0.0
2012-11-09 00:00:00-05:00,110.37851483482918,111.83825696942752,110.32237749645931,110.81163024902344,201055300,0.0,0.0,0.0
2012-11-12 00:00:00-05:00,111.15646889307664,111.33292144731371,110.65118406808111,110.89981842041016,97677500,0.0,0.0,0.0
2012-11-13 00:00:00-05:00,110.31433360742832,111.68584924151777,110.1699699819211,110.51484680175781,123018300,0.0,0.0,0.0
2012-11-14 00:00:00-05:00,110.85170154535794,111.02814186812525,108.77437589187944,109.02301025390625,191505000,0.0,0.0,0.0
2012-11-15 00:00:00-05:00,109.06311288020714,109.47216755285046,108.42146833042207,108.83853912353516,178128400,0.0,0.0,0.0
2012-11-16 00:00:00-05:00,108.99896501048072,109.5924884577179,108.03650414772481,109.37593078613281,239483900,0.0,0.0,0.0
2012-11-19 00:00:00-05:00,110.60306594544609,111.60563185226977,109.40801521705842,111.589599609375,151495800,0.0,0.0,0.0
2012-11-20 00:00:00-05:00,111.41315203592895,111.82219453848198,110.74744677528889,111.63772583007812,119807400,0.0,0.0,0.0
2012-11-21 00:00:00-05:00,111.7339426818379,111.94248418466036,111.50936893906842,111.84622955322266,81710800,0.0,0.0,0.0
2012-11-23 00:00:00-05:00,112.39165005023469,113.41024817924794,112.31945600526232,113.37015533447266,65409200,0.0,0.0,0.0
2012-11-26 00:00:00-05:00,112.8087186639793,113.37818152291928,112.43978123848655,113.12954711914062,100124400,0.0,0.0,0.0
2012-11-27 00:00:00-05:00,113.01725504821422,113.4022369384384,112.47988117855553,112.55206298828125,128646200,0.0,0.0,0.0
2012-11-28 00:00:00-05:00,112.09487471850743,113.5225274661227,111.48531910617974,113.4583740234375,177086500,0.0,0.0,0.0
2012-11-29 00:00:00-05:00,113.8834581542381,114.30051671320841,113.38617719800122,113.98771667480469,151085900,0.0,0.0,0.0
2012-11-30 00:00:00-05:00,114.00380180871964,114.22837564774254,113.61881983301703,114.0118179321289,136568300,0.0,0.0,0.0
2012-12-03 00:00:00-05:00,114.53311619970687,114.62935859751167,113.3621139935578,113.4503402709961,124656300,0.0,0.0,0.0
2012-12-04 00:00:00-05:00,113.44237768407747,113.78725459785984,112.98520160205993,113.28998565673828,127512200,0.0,0.0,0.0
2012-12-05 00:00:00-05:00,113.38620010624531,114.01982866997201,112.58414730846276,113.49047088623047,147300500,0.0,0.0,0.0
2012-12-06 00:00:00-05:00,113.38618985294349,113.92356371026155,113.21776563411794,113.87544250488281,103220600,0.0,0.0,0.0
2012-12-07 00:00:00-05:00,114.31657169352451,114.44490306423528,113.62680587389545,114.22032928466797,108726400,0.0,0.0,0.0
2012-12-10 00:00:00-05:00,114.05991096663348,114.54113520613444,114.01177752816658,114.26844024658203,98840700,0.0,0.0,0.0
2012-12-11 00:00:00-05:00,114.74161813929747,115.58377563451585,114.68548083340227,115.04640197753906,152570400,0.0,0.0,0.0
2012-12-12 00:00:00-05:00,115.49556446729642,115.93669580702908,114.94214626275456,115.10255432128906,145880100,0.0,0.0,0.0
2012-12-13 00:00:00-05:00,115.03041352059229,115.35925811269612,114.10805767658421,114.39679718017578,135715000,0.0,0.0,0.0
2012-12-14 00:00:00-05:00,114.1481475214953,114.3566768202149,113.79524237108284,113.97169494628906,137701700,0.0,0.0,0.0
2012-12-17 00:00:00-05:00,114.26844813119794,115.3752847636212,114.23635917000584,115.31111907958984,143238200,0.0,0.0,0.0
2012-12-18 00:00:00-05:00,115.49562798993342,116.6987074481619,115.3271914809043,116.59443664550781,177762800,0.0,0.0,0.0
2012-12-19 00:00:00-05:00,116.72272969604833,116.7628347791464,115.68808708689566,115.72817993164062,150895400,0.0,0.0,0.0
2012-12-20 00:00:00-05:00,115.80037918239772,116.4099348624905,115.47955074154338,116.39389038085938,168487000,0.0,0.0,0.0
2012-12-21 00:00:00-05:00,114.83656098461535,116.3874225563826,114.6507839660326,115.33735656738281,245883800,1.022,0.0,0.0
2012-12-24 00:00:00-05:00,115.08696208564109,115.15158286030044,114.85272256200945,114.98196411132812,53874600,0.0,0.0,0.0
2012-12-26 00:00:00-05:00,115.21620362405739,115.27275142381116,114.1742229050114,114.497314453125,106947700,0.0,0.0,0.0
2012-12-27 00:00:00-05:00,114.52961093468741,114.76386276761197,113.01913894539086,114.34383392333984,167920600,0.0,0.0,0.0
2012-12-28 00:00:00-05:00,113.60070901944279,114.23074609813284,112.97874491478423,113.10798645019531,148806700,0.0,0.0,0.0
2012-12-31 00:00:00-05:00,112.80913026697152,115.15157463660951,112.71219294932915,115.0304183959961,243935200,0.0,0.0,0.0
2013-01-02 00:00:00-05:00,117.21135449848542,118.05140012748573,116.90440882387205,117.97870635986328,192059000,0.0,0.0,0.0
2013-01-03 00:00:00-05:00,117.92211772443054,118.2290509355554,117.39707865842611,117.71209716796875,144761800,0.0,0.0,0.0
2013-01-04 00:00:00-05:00,117.90595059468554,118.4229043234344,117.66362583820815,118.22904205322266,116817700,0.0,0.0,0.0
2013-01-07 00:00:00-05:00,117.80903510267659,118.01904333511094,117.46977302121712,117.90596008300781,110002500,0.0,0.0,0.0
2013-01-08 00:00:00-05:00,117.69597586420916,117.85752163943825,117.10631591315169,117.56673431396484,121265100,0.0,0.0,0.0
2013-01-09 00:00:00-05:00,117.8252186855759,118.18871212822694,117.6394416388826,117.86560821533203,90745600,0.0,0.0,0.0
2013-01-10 00:00:00-05:00,118.51987503731182,118.81066239228082,117.90599609911231,118.8025894165039,130735400,0.0,0.0,0.0
2013-01-11 00:00:00-05:00,118.77029682274431,118.85914887482998,118.4229739169634,118.79454040527344,113917300,0.0,0.0,0.0
2013-01-14 00:00:00-05:00,118.64910145557562,118.79450127707733,118.27753508965105,118.7137222290039,89567200,0.0,0.0,0.0
2013-01-15 00:00:00-05:00,118.16449073811182,118.90762371473191,118.09179696599345,118.79454040527344,93172600,0.0,0.0,0.0
2013-01-16 00:00:00-05:00,118.55216904101589,118.96411258005242,118.42292750224507,118.77833557128906,104849500,0.0,0.0,0.0
2013-01-17 00:00:00-05:00,119.30339047105706,119.88496520733335,118.85913028013012,119.54571533203125,133833500,0.0,0.0,0.0
2013-01-18 00:00:00-05:00,119.52144569643401,119.9414744988948,119.08525862172269,119.8122329711914,169906000,0.0,0.0,0.0
2013-01-22 00:00:00-05:00,119.81227006275573,120.45846557617188,119.52955567402546,120.45846557617188,111797300,0.0,0.0,0.0
2013-01-23 00:00:00-05:00,120.45845559267663,120.75731590873616,120.24036200587881,120.65230560302734,104596100,0.0,0.0,0.0
2013-01-24 00:00:00-05:00,120.47461833635845,121.27428671598048,120.36153503950679,120.68463897705078,146426400,0.0,0.0,0.0
2013-01-25 00:00:00-05:00,121.06424549743285,121.36310577392578,120.65228962967058,121.36310577392578,147211600,0.0,0.0,0.0
2013-01-28 00:00:00-05:00,121.39544994810227,121.42776650628664,120.7654126402195,121.21775817871094,113357700,0.0,0.0,0.0
2013-01-29 00:00:00-05:00,120.97540858221316,121.84777059766517,120.89462952840805,121.69429779052734,105694400,0.0,0.0,0.0
2013-01-30 00:00:00-05:00,121.67816436901497,121.92048925477503,121.10466255022132,121.21775817871094,137447700,0.0,0.0,0.0
2013-01-31 00:00:00-05:00,121.07231127983798,121.46810885031476,120.83807178720537,120.91883850097656,108975800,0.0,0.0,0.0
2013-02-01 00:00:00-05:00,121.68622689627611,122.30819117377995,121.47621858673472,122.16280364990234,131173000,0.0,0.0,0.0
2013-02-04 00:00:00-05:00,121.41965361292304,122.18700522793534,120.70075216894809,120.78960418701172,159073600,0.0,0.0,0.0
2013-02-05 00:00:00-05:00,121.44387631155294,122.35661535087668,121.39540149362492,122.00929260253906,113912400,0.0,0.0,0.0
2013-02-06 00:00:00-05:00,121.58117553920842,122.1788959752243,121.49232353856428,122.09812927246094,138762800,0.0,0.0,0.0
2013-02-07 00:00:00-05:00,122.1385350028887,122.25161826189097,121.04807960703404,121.93659973144531,162490000,0.0,0.0,0.0
2013-02-08 00:00:00-05:00,122.1466285464204,122.68781368600722,122.1466285464204,122.61511993408203,103133700,0.0,0.0,0.0
2013-02-11 00:00:00-05:00,122.5666500984645,122.69587931910307,122.28393575769127,122.59088134765625,73775000,0.0,0.0,0.0
2013-02-12 00:00:00-05:00,122.59895384417935,123.018982703785,122.4616393242443,122.79281616210938,65392700,0.0,0.0,0.0
2013-02-13 00:00:00-05:00,123.04321170672972,123.26937824427668,122.55048910882701,122.89781188964844,82322600,0.0,0.0,0.0
2013-02-14 00:00:00-05:00,122.5262650779862,123.1563022304317,122.38895055246886,123.01090240478516,80834300,0.0,0.0,0.0
2013-02-15 00:00:00-05:00,123.1239874422255,123.25322899461584,122.4131835543843,122.86551666259766,215226500,0.0,0.0,0.0
2013-02-19 00:00:00-05:00,123.07546950755169,123.81051663990583,122.90585083094521,123.78628540039062,95105400,0.0,0.0,0.0
2013-02-20 00:00:00-05:00,123.69748210114541,123.73787162461717,122.17892475970216,122.24354553222656,160574800,0.0,0.0,0.0
2013-02-21 00:00:00-05:00,121.93662970048918,122.30818378917947,121.11273013946351,121.50044250488281,183257000,0.0,0.0,0.0
2013-02-22 00:00:00-05:00,122.0901026449538,122.68783569335938,121.55700271005708,122.68783569335938,106356600,0.0,0.0,0.0
2013-02-25 00:00:00-05:00,123.2855438440413,123.47132086981831,120.35343933105469,120.35343933105469,245824800,0.0,0.0,0.0
2013-02-26 00:00:00-05:00,120.93501282271082,121.322725145657,120.13534460180385,121.17733764648438,186596200,0.0,0.0,0.0
2013-02-27 00:00:00-05:00,121.07233867297262,123.04322934714537,120.96732836364507,122.7039794921875,150781900,0.0,0.0,0.0
2013-02-28 00:00:00-05:00,122.69587127678626,123.47938114970188,122.3000860158288,122.46163177490234,126866000,0.0,0.0,0.0
2013-03-01 00:00:00-05:00,122.0416171725503,123.05129369093825,121.49235906262062,122.86551666259766,170634800,0.0,0.0,0.0
2013-03-04 00:00:00-05:00,122.58275483938155,123.51973724365234,122.38890491101382,123.51973724365234,99010200,0.0,0.0,0.0
2013-03-05 00:00:00-05:00,124.1175123594151,124.95755776139976,124.10135408481379,124.62638092041016,121431900,0.0,0.0,0.0
2013-03-06 00:00:00-05:00,125.07067250756812,125.13529329708307,124.52141428442407,124.7960433959961,94469900,0.0,0.0,0.0
2013-03-07 00:00:00-05:00,124.95758837839414,125.18375497761868,124.81220084681632,125.02220916748047,86101400,0.0,0.0,0.0
2013-03-08 00:00:00-05:00,125.5714790182172,125.72493952564953,124.92528345608002,125.5553207397461,123477800,0.0,0.0,0.0
2013-03-11 00:00:00-04:00,125.45836339831702,126.03992569674615,125.30489060526754,126.03185272216797,83746800,0.0,0.0,0.0
2013-03-12 00:00:00-04:00,125.942992552725,126.08839236178898,125.36950326597864,125.74913024902344,105755800,0.0,0.0,0.0
2013-03-13 00:00:00-04:00,125.81375846660585,126.10454577680066,125.38565663842347,125.92684173583984,92550900,0.0,0.0,0.0
2013-03-14 00:00:00-04:00,126.25804778226033,126.65384547873388,125.93495617402199,126.59729766845703,126329900,0.0,0.0,0.0
2013-03-15 00:00:00-04:00,126.44636777539775,126.60051078614532,126.0082406249394,126.43013763427734,138601100,0.694,0.0,0.0
2013-03-18 00:00:00-04:00,125.22126233362705,126.27599880532098,125.10767609082752,125.73240661621094,126704300,0.0,0.0,0.0
2013-03-19 00:00:00-04:00,126.00015285811558,126.17052603853287,124.61276648914132,125.4403305053711,167567300,0.0,0.0,0.0
2013-03-20 00:00:00-04:00,126.17863358017861,126.52750116498468,125.96767887311348,126.31655883789062,113759300,0.0,0.0,0.0
2013-03-21 00:00:00-04:00,125.56203166431008,126.27600946789272,125.02656069159613,125.23750305175781,128605000,0.0,0.0,0.0
2013-03-22 00:00:00-04:00,125.6350527685798,126.24355316162108,125.5376842873121,126.2435531616211,111163600,0.0,0.0,0.0
2013-03-25 00:00:00-04:00,126.5762061663993,126.78716091838851,125.22940120664848,125.71619415283203,151322300,0.0,0.0,0.0
2013-03-26 00:00:00-04:00,126.23539336849583,126.75464638353169,126.09746814043598,126.72219848632812,86856600,0.0,0.0,0.0
2013-03-27 00:00:00-04:00,125.9676517916849,126.76276764280888,125.75670950994073,126.72219848632812,99950600,0.0,0.0,0.0
2013-03-28 00:00:00-04:00,126.64103552494039,127.25765687150937,126.36518512251006,127.11161041259766,102932800,0.0,0.0,0.0
2013-04-01 00:00:00-04:00,127.04669613869436,127.3063287731728,126.30027088451695,126.60858154296875,99194100,0.0,0.0,0.0
2013-04-02 00:00:00-04:00,127.06298999998978,127.54979524380445,126.86826542646959,127.2333755493164,101504300,0.0,0.0,0.0
2013-04-03 00:00:00-04:00,127.30640678130038,127.4037628889029,125.61072188070037,125.943359375,154167400,0.0,0.0,0.0
2013-04-04 00:00:00-04:00,126.1055954620377,126.70598687783922,125.82974496557627,126.45447540283203,131885000,0.0,0.0,0.0
2013-04-05 00:00:00-04:00,124.90480888334642,126.04068338442326,124.7587747734762,125.88652801513672,159666000,0.0,0.0,0.0
2013-04-08 00:00:00-04:00,125.97578581605346,126.74655034741562,125.553888829846,126.73844146728516,86571200,0.0,0.0,0.0
2013-04-09 00:00:00-04:00,126.97371078564218,127.63901029252692,126.55181383932428,127.17654418945312,101922200,0.0,0.0,0.0
2013-04-10 00:00:00-04:00,127.51729832609959,128.89656294738842,127.48485042982006,128.7342987060547,135711100,0.0,0.0,0.0
2013-04-11 00:00:00-04:00,128.75869191842534,129.57814710902073,128.62887551873075,129.15625,110142500,0.0,0.0,0.0
2013-04-12 00:00:00-04:00,128.74242950827755,129.03451014440301,128.1258203342217,128.8397979736328,116359900,0.0,0.0,0.0
2013-04-15 00:00:00-04:00,128.190740771344,128.29621812724037,125.83787769651674,125.85409545898438,217259000,0.0,0.0,0.0
2013-04-16 00:00:00-04:00,126.80334915306476,127.77695957863783,126.49505073960606,127.71205139160156,147507800,0.0,0.0,0.0
2013-04-17 00:00:00-04:00,126.80336103555571,126.8277124404507,125.1725844658544,125.84599304199219,226834800,0.0,0.0,0.0
2013-04-18 00:00:00-04:00,126.056958339577,126.08941863203333,124.58033691214379,125.05902099609375,167583200,0.0,0.0,0.0
2013-04-19 00:00:00-04:00,125.35106035730574,126.20296324349505,125.042749580597,126.14616394042969,149687600,0.0,0.0,0.0
2013-04-22 00:00:00-04:00,126.38960441791808,127.00621377618924,125.55393142211388,126.70602416992188,106553500,0.0,0.0,0.0
2013-04-23 00:00:00-04:00,127.33885941059049,128.13396320542032,126.70601992777054,128.01226806640625,166141300,0.0,0.0,0.0
2013-04-24 00:00:00-04:00,128.05276886136272,128.4340965999487,127.81747521161385,128.0933380126953,96781200,0.0,0.0,0.0
2013-04-25 00:00:00-04:00,128.46657861447562,129.22112541377962,128.27186644430952,128.6126251220703,131060600,0.0,0.0,0.0
2013-04-26 00:00:00-04:00,128.45845406662554,128.67751761131444,127.97164894064315,128.38543701171875,95918800,0.0,0.0,0.0
2013-04-29 00:00:00-04:00,128.73433911681423,129.5294428149167,128.53150565648394,129.2454833984375,88572800,0.0,0.0,0.0
2013-04-30 00:00:00-04:00,129.22116497105003,129.5862627818456,128.68568157923048,129.55380249023438,116010700,0.0,0.0,0.0
2013-05-01 00:00:00-04:00,129.26977992658902,129.33468809815315,128.27184309622223,128.41787719726562,138874200,0.0,0.0,0.0
2013-05-02 00:00:00-04:00,128.74243213988385,129.72415141414135,128.62073703066494,129.61056518554688,96407600,0.0,0.0,0.0
2013-05-03 00:00:00-04:00,130.7383234567416,131.3387149044982,129.63490903219787,130.9249267578125,144202300,0.0,0.0,0.0
2013-05-06 00:00:00-04:00,131.02230225896952,131.44418692924742,130.96550294952547,131.25758361816406,66882100,0.0,0.0,0.0
2013-05-07 00:00:00-04:00,131.54156941475577,131.96345412996482,131.16835037286927,131.9228973388672,90359200,0.0,0.0,0.0
2013-05-08 00:00:00-04:00,131.77679846956352,132.56379303191332,131.7037814186159,132.52322387695312,97419200,0.0,0.0,0.0
2013-05-09 00:00:00-04:00,132.46648991765986,132.81535755384851,131.81742031873384,132.1500701904297,106738600,0.0,0.0,0.0
2013-05-10 00:00:00-04:00,132.23930414645957,132.69364910612805,131.84985499819663,132.58006286621094,103203000,0.0,0.0,0.0
2013-05-13 00:00:00-04:00,132.4096810799959,132.9045952208391,132.1013826371558,132.68553161621094,81843200,0.0,0.0,0.0
2013-05-14 00:00:00-04:00,132.79097736717878,134.15402434042997,132.79097736717878,134.05665588378906,119000900,0.0,0.0,0.0
2013-05-15 00:00:00-04:00,133.83759474215128,135.04647387067814,133.7970255865702,134.7787322998047,120718500,0.0,0.0,0.0
2013-05-16 00:00:00-04:00,134.50287803326154,134.97345298871969,133.94305589004466,134.14588928222656,109913600,0.0,0.0,0.0
2013-05-17 00:00:00-04:00,134.64077571858164,135.52512615644142,134.46228137956854,135.44400024414062,129801000,0.0,0.0,0.0
2013-05-20 00:00:00-04:00,135.31424848702096,135.96331799492512,135.17632322833666,135.43594360351562,85071200,0.0,0.0,0.0
2013-05-21 00:00:00-04:00,135.55762869412507,136.14178991668769,135.08705368817357,135.63064575195312,95804200,0.0,0.0,0.0
2013-05-22 00:00:00-04:00,135.76854066547065,137.17215649007443,134.00794851122225,134.6245574951172,244031800,0.0,0.0,0.0
2013-05-23 00:00:00-04:00,133.18853821134127,134.60837213355288,133.01004381357998,134.2351531982422,211064400,0.0,0.0,0.0
2013-05-24 00:00:00-04:00,133.44006464329883,134.17838133689796,133.0425066436753,134.12158203125,151573900,0.0,0.0,0.0
2013-05-28 00:00:00-04:00,135.52518373747893,136.12557516742834,134.52724669442898,134.9248046875,143679800,0.0,0.0,0.0
2013-05-29 00:00:00-04:00,134.2107871745434,134.51909786863703,133.33454550183004,134.04852294921875,160363400,0.0,0.0,0.0
2013-05-30 00:00:00-04:00,134.15403557078193,135.160081460527,134.04855822557832,134.54347229003906,107793800,0.0,0.0,0.0
2013-05-31 00:00:00-04:00,134.17024697617882,134.93290261774376,132.3528674524185,132.61248779296875,176850100,0.0,0.0,0.0
2013-06-03 00:00:00-04:00,132.9208153681138,133.43195961381605,131.9715563260747,133.34271240234375,168390700,0.0,0.0,0.0
2013-06-04 00:00:00-04:00,133.41574474126693,133.95122807138705,132.02835836413252,132.70176696777344,157631500,0.0,0.0,0.0
2013-06-05 00:00:00-04:00,132.32043217725186,132.588173828395,130.73022479345659,130.84381103515625,211737800,0.0,0.0,0.0
2013-06-06 00:00:00-04:00,130.78696571327964,132.03642631238574,130.01620131718994,132.02830505371094,200225500,0.0,0.0,0.0
2013-06-07 00:00:00-04:00,132.93702966224444,133.82948929060254,132.36097729687484,133.70779418945312,188337800,0.0,0.0,0.0
2013-06-10 00:00:00-04:00,134.12156991333072,134.19458697402035,133.3589142662088,133.70779418945312,105667100,0.0,0.0,0.0
2013-06-11 00:00:00-04:00,132.49080125813506,133.49684716526548,132.0364563478219,132.3285369873047,159505400,0.0,0.0,0.0
2013-06-12 00:00:00-04:00,133.2372258907037,133.37515113895856,131.1115354835279,131.2332305908203,177361500,0.0,0.0,0.0
2013-06-13 00:00:00-04:00,131.16017728805204,133.46436146927795,130.86809673127928,133.2290802001953,163587800,0.0,0.0,0.0
2013-06-14 00:00:00-04:00,133.08300988918165,133.602262743754,132.17432048867113,132.39337158203125,141197500,0.0,0.0,0.0
2013-06-17 00:00:00-04:00,133.29403346068236,134.0485803826815,132.42591267426505,133.41574096679688,136295600,0.0,0.0,0.0
2013-06-18 00:00:00-04:00,133.4887548558201,134.67330770187405,133.48064597426156,134.47047424316406,114695600,0.0,0.0,0.0
2013-06-19 00:00:00-04:00,134.35686263654097,134.5921439570387,132.555700872836,132.61248779296875,206149500,0.0,0.0,0.0
2013-06-20 00:00:00-04:00,131.3225166485519,132.62876483315463,128.98587085746775,129.32662963867188,321255900,0.0,0.0,0.0
2013-06-21 00:00:00-04:00,130.20669168233712,130.30456293820504,128.4367826143381,129.74179077148438,271956800,0.839,0.0,0.0
2013-06-24 00:00:00-04:00,128.38784563640684,129.2197761934967,127.01758584126351,128.1023712158203,222329000,0.0,0.0,0.0
2013-06-25 00:00:00-04:00,129.260492232953,130.58181570762818,128.3959300807359,129.3339080810547,162262200,0.0,0.0,0.0
2013-06-26 00:00:00-04:00,130.39424872125164,130.90809757278151,129.88856410258853,130.61447143554688,134848000,0.0,0.0,0.0
2013-06-27 00:00:00-04:00,131.39745004991255,131.984702196709,131.27509859280332,131.38113403320312,129483700,0.0,0.0,0.0
2013-06-28 00:00:00-04:00,131.01410627788576,131.6421298065136,130.38607030378353,130.8428192138672,160402900,0.0,0.0,0.0
2013-07-01 00:00:00-04:00,131.52802093530704,132.5230869874204,131.3812140319535,131.60958862304688,131954800,0.0,0.0,0.0
2013-07-02 00:00:00-04:00,131.41379725793217,132.37624343578608,130.90811258129273,131.48721313476562,154863700,0.0,0.0,0.0
2013-07-03 00:00:00-04:00,130.89177711794713,131.9439425930063,130.67971864370315,131.54428100585938,75216400,0.0,0.0,0.0
2013-07-05 00:00:00-04:00,132.5148580696852,133.0123908061647,131.56057641685894,132.9634552001953,122416900,0.0,0.0,0.0
2013-07-08 00:00:00-04:00,133.6485662023334,134.08084727567754,133.012378492677,133.7219696044922,108092500,0.0,0.0,0.0
2013-07-09 00:00:00-04:00,134.5620967632808,134.84757110191995,133.9830087444091,134.6844482421875,119298000,0.0,0.0,0.0
2013-07-10 00:00:00-04:00,134.5539747771983,135.19016278289124,134.2766646096869,134.73341369628906,121410100,0.0,0.0,0.0
2013-07-11 00:00:00-04:00,136.29942985064756,136.70724335478502,134.72526325302704,136.56858825683594,135592200,0.0,0.0,0.0
2013-07-12 00:00:00-04:00,136.52778488349347,136.9682179289352,136.3157263720554,136.6256561279297,104212700,0.0,0.0,0.0
2013-07-15 00:00:00-04:00,137.00079146264667,137.34335311734813,136.76425279564373,137.14759826660156,69450600,0.0,0.0,0.0
2013-07-16 00:00:00-04:00,137.2373908374781,137.31895851346985,136.26680518786435,136.6338348388672,88702100,0.0,0.0,0.0
2013-07-17 00:00:00-04:00,137.15582998104443,137.41682413164844,136.80510392324217,136.9845428466797,92873900,0.0,0.0,0.0
2013-07-18 00:00:00-04:00,137.27819040645375,138.06119787106888,137.1884709307737,137.7349395751953,103620100,0.0,0.0,0.0
2013-07-19 00:00:00-04:00,137.44944650059307,138.0285346209735,137.27815937828927,137.97959899902344,103831700,0.0,0.0,0.0
2013-07-22 00:00:00-04:00,138.17536060161788,138.44451898081326,137.849102363739,138.24876403808594,79428600,0.0,0.0,0.0
2013-07-23 00:00:00-04:00,138.4934406053415,138.51790841502418,137.88172047231922,137.9551239013672,80829700,0.0,0.0,0.0
2013-07-24 00:00:00-04:00,138.4852387049029,138.54233854228372,137.17207934536492,137.44940185546875,112914000,0.0,0.0,0.0
2013-07-25 00:00:00-04:00,137.20474067940287,137.906180222092,136.9763661720601,137.78382873535156,111088600,0.0,0.0,0.0
2013-07-26 00:00:00-04:00,137.2047566271835,137.9714478961539,136.63382029246472,137.9306640625,107814600,0.0,0.0,0.0
2013-07-29 00:00:00-04:00,137.5799647268316,137.88990698817528,137.1150637802972,137.50656127929688,79695000,0.0,0.0,0.0
2013-07-30 00:00:00-04:00,137.92253903962256,138.06934593469205,137.18031543771065,137.50656127929688,85209600,0.0,0.0,0.0
2013-07-31 00:00:00-04:00,137.79197603134764,138.53419931171786,137.4249465071953,137.60438537597656,142388700,0.0,0.0,0.0
2013-08-01 00:00:00-04:00,138.6483711453267,139.31717849017082,138.57495529227333,139.19483947753906,110438400,0.0,0.0,0.0
2013-08-02 00:00:00-04:00,138.8849128325918,139.44769724424305,138.69732217719996,139.43138122558594,91116700,0.0,0.0,0.0
2013-08-05 00:00:00-04:00,139.1213940284375,139.43948781062863,138.9419552338199,139.2274169921875,54072700,0.0,0.0,0.0
2013-08-06 00:00:00-04:00,138.95831038015547,139.26010070792688,138.12638014591045,138.43630981445312,87495000,0.0,0.0,0.0
2013-08-07 00:00:00-04:00,137.99585038738005,138.19159278349898,137.47384992194165,137.98768615722656,84854700,0.0,0.0,0.0
2013-08-08 00:00:00-04:00,138.64024557680128,138.80336845429184,137.78383491312866,138.49343872070312,102181300,0.0,0.0,0.0
2013-08-09 00:00:00-04:00,138.3140185357885,138.73814803103113,137.61257886674392,138.0937957763672,91757700,0.0,0.0,0.0
2013-08-12 00:00:00-04:00,137.4005115614351,138.093786951637,137.33525991668458,137.9306640625,68593300,0.0,0.0,0.0
2013-08-13 00:00:00-04:00,138.1753170965663,138.57496619960287,137.35969042689123,138.33843994140625,80806000,0.0,0.0,0.0
2013-08-14 00:00:00-04:00,138.2732001216879,138.49342282603834,137.59622843459314,137.6288604736328,79829200,0.0,0.0,0.0
2013-08-15 00:00:00-04:00,136.5440586762649,136.56036224830953,135.46742553852837,135.70396423339844,152931800,0.0,0.0,0.0
2013-08-16 00:00:00-04:00,135.4430228614191,135.9079362432111,134.98627371504998,135.25543212890625,130868200,0.0,0.0,0.0
2013-08-19 00:00:00-04:00,135.10046067376348,135.56537405442717,134.38270490522197,134.390869140625,96437600,0.0,0.0,0.0
2013-08-20 00:00:00-04:00,134.61097688939242,135.55710650950877,134.46417010979056,135.05142211914062,89294400,0.0,0.0,0.0
2013-08-21 00:00:00-04:00,134.67627716045493,135.41850044678856,133.91775030081072,134.2195281982422,159530500,0.0,0.0,0.0
2013-08-22 00:00:00-04:00,134.49684787584428,135.6387328082343,134.488696088608,135.44297790527344,101471400,0.0,0.0,0.0
2013-08-23 00:00:00-04:00,135.8426318398924,136.07100632439978,135.20644399798246,135.89971923828125,90888900,0.0,0.0,0.0
2013-08-26 00:00:00-04:00,136.03839796839466,136.45437563046482,135.30433877547276,135.39405822753906,89702100,0.0,0.0,0.0
2013-08-27 00:00:00-04:00,134.056464507752,135.39409239260667,133.11849836394754,133.21636962890625,158619400,0.0,0.0,0.0
2013-08-28 00:00:00-04:00,133.15922720130848,134.1624571284154,132.9879525423723,133.68939208984375,108113000,0.0,0.0,0.0
2013-08-29 00:00:00-04:00,133.39578927593433,134.61106545825876,133.27343776695892,133.90147399902344,119200500,0.0,0.0,0.0
2013-08-30 00:00:00-04:00,134.1787956873851,134.19511171241115,133.08585847476974,133.47735595703125,134928900,0.0,0.0,0.0
2013-09-03 00:00:00-04:00,134.766010354085,135.0514847073505,133.51810236725393,134.0808868408203,142375100,0.0,0.0,0.0
2013-09-04 00:00:00-04:00,134.11349130195998,135.41849899036896,133.86881325017453,135.19012451171875,97389400,0.0,0.0,0.0
2013-09-05 00:00:00-04:00,135.27163924352814,135.72022379330727,135.17375561562855,135.36135864257812,63090500,0.0,0.0,0.0
2013-09-06 00:00:00-04:00,135.8100118453569,136.19335743094817,134.1542904631125,135.42666625976562,159756500,0.0,0.0,0.0
2013-09-09 00:00:00-04:00,135.76106474315006,136.80506594671456,135.76106474315006,136.7235107421875,87559300,0.0,0.0,0.0
2013-09-10 00:00:00-04:00,137.5473488334939,137.75940739170065,137.23740656378436,137.7349395751953,105847200,0.0,0.0,0.0
2013-09-11 00:00:00-04:00,137.5472730231008,138.16714477539062,137.31074677875222,138.16714477539062,94545900,0.0,0.0,0.0
2013-09-12 00:00:00-04:00,138.1182190295094,138.2976578947802,137.61253447036918,137.8001251220703,83209000,0.0,0.0,0.0
2013-09-13 00:00:00-04:00,137.94696928671803,138.21612763319004,137.6288753218834,138.11009216308594,72727800,0.0,0.0,0.0
2013-09-16 00:00:00-04:00,139.60269637869698,139.66794802097033,138.68918583234813,138.90940856933594,106299200,0.0,0.0,0.0
2013-09-17 00:00:00-04:00,139.0317487740775,139.56190121195928,139.0317487740775,139.52928161621094,82523300,0.0,0.0,0.0
2013-09-18 00:00:00-04:00,139.4802951271157,141.52752578103707,139.12958167616551,141.14418029785156,203460600,0.0,0.0,0.0
2013-09-19 00:00:00-04:00,141.52755334584884,141.59280497755455,140.76901401706178,140.9076690673828,146616900,0.0,0.0,0.0
2013-09-20 00:00:00-04:00,141.24210697407682,141.24210697407682,139.80780253156337,139.92254638671875,132867100,0.838,0.0,0.0
2013-09-23 00:00:00-04:00,139.73398162722452,139.86510847272763,138.8324142173704,139.27499389648438,104616500,0.0,0.0,0.0
2013-09-24 00:00:00-04:00,139.2504534992714,139.76680705306757,138.68493830480548,138.94720458984375,106333100,0.0,0.0,0.0
2013-09-25 00:00:00-04:00,139.03734442341306,139.31600622548854,138.42264265087863,138.5455780029297,117306500,0.0,0.0,0.0
2013-09-26 00:00:00-04:00,138.77508972531146,139.47174428850641,138.55379356705393,139.07833862304688,77146900,0.0,0.0,0.0
2013-09-27 00:00:00-04:00,138.38164771562933,138.6275309039876,138.07839887013256,138.43902587890625,99141800,0.0,0.0,0.0
2013-09-30 00:00:00-04:00,137.266997255635,138.13577374045875,136.99652698101528,137.70138549804688,143937000,0.0,0.0,0.0
2013-10-01 00:00:00-04:00,137.80793781690477,138.9225975065837,137.66860691896233,138.7914581298828,127160000,0.0,0.0,0.0
2013-10-02 00:00:00-04:00,137.980065129375,138.79146347843422,137.55386839174258,138.6603240966797,113350000,0.0,0.0,0.0
2013-10-03 00:00:00-04:00,138.3407237467267,138.46367164609643,136.74250110407021,137.3817901611328,176698000,0.0,0.0,0.0
2013-10-04 00:00:00-04:00,137.4882614656623,138.56193828745256,137.30794799111806,138.422607421875,96878000,0.0,0.0,0.0
2013-10-07 00:00:00-04:00,137.21783692031786,138.06202642020702,137.0785060083706,137.2260284423828,96295000,0.0,0.0,0.0
2013-10-08 00:00:00-04:00,137.20142735785163,137.38174087398954,135.52944407910113,135.62779235839844,178015000,0.0,0.0,0.0
2013-10-09 00:00:00-04:00,135.8901143087114,136.2179503480092,134.8492154994189,135.7261962890625,168973000,0.0,0.0,0.0
2013-10-10 00:00:00-04:00,137.11133404075917,138.72595240571144,137.06215987835782,138.65219116210938,195955000,0.0,0.0,0.0
2013-10-11 00:00:00-04:00,138.4390459600836,139.59468835870155,138.3243021230241,139.54550170898438,105040000,0.0,0.0,0.0
2013-10-14 00:00:00-04:00,138.68492040286316,140.21757280928634,138.57836809443305,140.1028289794922,112106000,0.0,0.0,0.0
2013-10-15 00:00:00-04:00,139.75040857308812,140.27495363831193,138.8980275319023,139.08653259277344,155485000,0.0,0.0,0.0
2013-10-16 00:00:00-04:00,139.9225385901224,141.10276818089577,139.85696888995258,141.0290069580078,161676000,0.0,0.0,0.0
2013-10-17 00:00:00-04:00,140.45522748290244,142.053461805928,140.43064041696087,141.97149658203125,129389000,0.0,0.0,0.0
2013-10-18 00:00:00-04:00,142.49606220318734,143.02879871750903,142.20919638400542,142.93045043945312,138316000,0.0,0.0,0.0
2013-10-21 00:00:00-04:00,142.97961176462076,143.22549494386357,142.61898476921635,142.93862915039062,104104000,0.0,0.0,0.0
2013-10-22 00:00:00-04:00,143.35667823658432,144.19266379359271,142.9632600267831,143.7664794921875,126663000,0.0,0.0,0.0
2013-10-23 00:00:00-04:00,143.2747147897157,143.34028449217607,142.57806015009047,143.07801818847656,105484000,0.0,0.0,0.0
2013-10-24 00:00:00-04:00,143.36487016774606,143.73368879761085,143.02883013572045,143.55337524414062,70350000,0.0,0.0,0.0
2013-10-25 00:00:00-04:00,143.8483878978292,144.24999750673376,143.5697261313916,144.20901489257812,93625000,0.0,0.0,0.0
2013-10-28 00:00:00-04:00,144.15986053420215,144.63523141011646,144.0041340827306,144.4385223388672,84979000,0.0,0.0,0.0
2013-10-29 00:00:00-04:00,144.76638928204372,145.26634729245666,144.56148866312267,145.20896911621094,87401000,0.0,0.0,0.0
2013-10-30 00:00:00-04:00,145.38107753558597,145.48761734327996,143.97136040882447,144.48770141601562,140002000,0.0,0.0,0.0
2013-10-31 00:00:00-04:00,144.37296876369217,144.9794790881394,143.8648192389187,144.07791137695312,133795000,0.0,0.0,0.0
2013-11-01 00:00:00-04:00,144.26640795322223,144.74997033424162,143.61072357742782,144.42213439941406,142805000,0.0,0.0,0.0
2013-11-04 00:00:00-05:00,144.81555401267383,144.9876635179366,144.23363079007672,144.9302978515625,85677000,0.0,0.0,0.0
2013-11-05 00:00:00-05:00,144.36479166140967,144.86474971370833,143.8976247143247,144.47134399414062,85825000,0.0,0.0,0.0
2013-11-06 00:00:00-05:00,145.09422526986083,145.47943943392363,144.69261555456475,145.20896911621094,87348000,0.0,0.0,0.0
2013-11-07 00:00:00-05:00,145.47947756897725,145.5942214454056,143.23376169471453,143.3730926513672,157000000,0.0,0.0,0.0
2013-11-08 00:00:00-05:00,143.32390569601955,145.32373808336428,143.30752264809558,145.30734252929688,136713000,0.0,0.0,0.0
2013-11-11 00:00:00-05:00,145.16797868844887,145.5040186868912,144.99586918124518,145.3319091796875,62614000,0.0,0.0,0.0
2013-11-12 00:00:00-05:00,145.0205001966331,145.36473182148734,144.5533206660952,145.03689575195312,83990000,0.0,0.0,0.0
2013-11-13 00:00:00-05:00,144.32377198673908,146.24163844674797,144.32377198673908,146.20066833496094,103844000,0.0,0.0,0.0
2013-11-14 00:00:00-05:00,146.3318264277876,147.053080637543,146.0941472029228,146.93014526367188,103435000,0.0,0.0,0.0
2013-11-15 00:00:00-05:00,147.16781777700095,147.62679316004414,146.97931271028133,147.56942749023438,102818000,0.0,0.0,0.0
2013-11-18 00:00:00-05:00,147.81532218788297,147.93825756567458,146.72524931560937,147.05308532714844,104796000,0.0,0.0,0.0
2013-11-19 00:00:00-05:00,146.97926634381463,147.42184603609144,146.47930849368748,146.73338317871094,93891000,0.0,0.0,0.0
2013-11-20 00:00:00-05:00,147.02847730410295,147.47105710723957,145.87283489294015,146.27444458007812,124909000,0.0,0.0,0.0
2013-11-21 00:00:00-05:00,146.6842227259326,147.5693946991701,146.5940659738583,147.45465087890625,92841000,0.0,0.0,0.0
2013-11-22 00:00:00-05:00,147.5120350323568,148.20870206811634,147.33992553344964,148.1923065185547,81296000,0.0,0.0,0.0
2013-11-25 00:00:00-05:00,148.454570442192,148.48734903189754,147.83166468253762,148.04476928710938,79486000,0.0,0.0,0.0
2013-11-26 00:00:00-05:00,148.11854549369636,148.52834669028005,147.8644707527969,148.08575439453125,86994000,0.0,0.0,0.0
2013-11-27 00:00:00-05:00,148.24149525582004,148.5447566749371,148.06118171130976,148.44639587402344,58800000,0.0,0.0,0.0
2013-11-29 00:00:00-05:00,148.6103164965431,148.96273953348233,148.18411973728644,148.34803771972656,55870900,0.0,0.0,0.0
2013-12-02 00:00:00-05:00,148.4217743495239,148.70043612412525,147.73331143363646,147.96279907226562,99726000,0.0,0.0,0.0
2013-12-03 00:00:00-05:00,147.4792585622193,147.84807714275493,146.84816120948219,147.3235321044922,116563000,0.0,0.0,0.0
2013-12-04 00:00:00-05:00,146.7908183333734,147.9218613221988,146.17611643500274,147.30715942382812,123033000,0.0,0.0,0.0
2013-12-05 00:00:00-05:00,147.0448515323693,147.31532179189972,146.52030656101473,146.65963745117188,106934000,0.0,0.0,0.0
2013-12-06 00:00:00-05:00,148.07760820332624,148.4382353676999,147.65141132668973,148.2989044189453,127728000,0.0,0.0,0.0
2013-12-09 00:00:00-05:00,148.73328150398103,148.89719951909507,148.47920670463282,148.6759033203125,70124000,0.0,0.0,0.0
2013-12-10 00:00:00-05:00,148.33167831821143,148.64313131504736,148.053016429539,148.14317321777344,80976000,0.0,0.0,0.0
2013-12-11 00:00:00-05:00,148.20047873853292,148.22506580452833,146.29899559397344,146.47930908203125,130591000,0.0,0.0,0.0
2013-12-12 00:00:00-05:00,146.41379662442392,146.5941101829506,145.6925423903172,145.9958038330078,115565000,0.0,0.0,0.0
2013-12-13 00:00:00-05:00,146.29898393822054,146.43012328383958,145.7006778697712,145.97933959960938,107808000,0.0,0.0,0.0
2013-12-16 00:00:00-05:00,146.66789445247935,147.37275324487481,146.62691181798598,146.88919067382812,96195000,0.0,0.0,0.0
2013-12-17 00:00:00-05:00,147.02025467829617,147.04484174514982,146.0941001396822,146.42193603515625,89886000,0.0,0.0,0.0
2013-12-18 00:00:00-05:00,146.6432893187707,148.94637052370572,145.3319327194426,148.92178344726562,234906000,0.0,0.0,0.0
2013-12-19 00:00:00-05:00,148.49556179020493,148.92175855416315,148.11036015498448,148.74964904785156,136531200,0.0,0.0,0.0
2013-12-20 00:00:00-05:00,148.89794700019556,149.96921703664097,148.79906479112003,149.6148681640625,197087000,0.98,0.0,0.0
2013-12-23 00:00:00-05:00,150.34827416491797,150.50484604559963,150.03514297758937,150.41419982910156,85598000,0.0,0.0,0.0
2013-12-24 00:00:00-05:00,150.4224708789845,150.8097763875559,150.41423488430513,150.7438507080078,45368800,0.0,0.0,0.0
2013-12-26 00:00:00-05:00,151.08171276525147,151.59263363034262,151.0652407761473,151.51022338867188,63365000,0.0,0.0,0.0
2013-12-27 00:00:00-05:00,151.7079813880781,151.77389448429903,151.34539648868363,151.50196838378906,61814000,0.0,0.0,0.0
2013-12-30 00:00:00-05:00,151.51845695043338,151.64207231095472,151.27948737188507,151.47726440429688,56857000,0.0,0.0,0.0
2013-12-31 00:00:00-05:00,151.68332069739415,152.19422912597656,151.56794129838175,152.19422912597656,86119900,0.0,0.0,0.0
2014-01-02 00:00:00-05:00,151.60904280077412,151.68321701715897,150.37296513210222,150.7355499267578,119636900,0.0,0.0,0.0
2014-01-03 00:00:00-05:00,150.9910817138189,151.2959895794345,150.4966579361839,150.71090698242188,81390600,0.0,0.0,0.0
2014-01-06 00:00:00-05:00,151.20529158157476,151.26296867757378,150.04337535465373,150.27410888671875,108028200,0.0,0.0,0.0
2014-01-07 00:00:00-05:00,150.87568746282741,151.45252138549031,150.76032067829482,151.1970672607422,86144200,0.0,0.0,0.0
2014-01-08 00:00:00-05:00,151.17235182266876,151.4854956373022,150.7108846689165,151.23004150390625,96582300,0.0,0.0,0.0
2014-01-09 00:00:00-05:00,151.7161780342032,151.73266259100114,150.63667218354274,151.32887268066406,90683400,0.0,0.0,0.0
2014-01-10 00:00:00-05:00,151.58439487199004,151.8068924796707,150.8097838166887,151.740966796875,102026400,0.0,0.0,0.0
2014-01-13 00:00:00-05:00,151.3536348799468,151.77389688870136,149.43359214067112,149.72201538085938,149892000,0.0,0.0,0.0
2014-01-14 00:00:00-05:00,150.21648728120306,151.43609373077282,149.93631251875058,151.3536834716797,105016100,0.0,0.0,0.0
2014-01-15 00:00:00-05:00,151.70799694624137,152.4001976938715,151.3866171295533,152.16946411132812,98525800,0.0,0.0,0.0
2014-01-16 00:00:00-05:00,151.85637389066284,152.16951782351993,151.48555282882984,151.97174072265625,72290600,0.0,0.0,0.0
2014-01-17 00:00:00-05:00,151.70794204282058,151.99635262960481,151.0651826420604,151.32887268066406,107848700,0.0,0.0,0.0
2014-01-21 00:00:00-05:00,152.20239053365367,152.26008020488817,150.84270986467544,151.7738800048828,88621200,0.0,0.0,0.0
2014-01-22 00:00:00-05:00,152.02940519239445,152.09533088174024,151.55145337516709,151.87283325195312,61270900,0.0,0.0,0.0
2014-01-23 00:00:00-05:00,151.1063541984971,151.1310747432463,149.8290841396851,150.62840270996094,132496900,0.0,0.0,0.0
2014-01-24 00:00:00-05:00,149.6478594719063,149.69730058377485,147.36523173969394,147.4146728515625,208677100,0.0,0.0,0.0
2014-01-27 00:00:00-05:00,147.55474070812772,147.93381013912366,145.95607790729102,146.68948364257812,180843100,0.0,0.0,0.0
2014-01-28 00:00:00-05:00,146.7966741497086,147.75257782200327,146.7801895832097,147.56304931640625,110463200,0.0,0.0,0.0
2014-01-29 00:00:00-05:00,146.33523471841013,147.13456659612788,145.75840052161448,146.1457061767578,216597300,0.0,0.0,0.0
2014-01-30 00:00:00-05:00,147.36525414984368,148.17282177259074,146.8955383675885,147.6948699951172,118938100,0.0,0.0,0.0
2014-01-31 00:00:00-05:00,145.86546560215461,147.7443034860891,145.791303926903,146.82960510253906,194677900,0.0,0.0,0.0
2014-02-03 00:00:00-05:00,146.6565312508195,146.9861470117766,143.24495657136887,143.52513122558594,254837100,0.0,0.0,0.0
2014-02-04 00:00:00-05:00,144.16791737093817,144.90132326236542,143.47571660074476,144.53050231933594,165012400,0.0,0.0,0.0
2014-02-05 00:00:00-05:00,144.0278023634499,144.6705618943626,143.14607329372512,144.34918212890625,164230500,0.0,0.0,0.0
2014-02-06 00:00:00-05:00,144.68706789484946,146.2527618408203,144.3904086386191,146.2527618408203,132877600,0.0,0.0,0.0
2014-02-07 00:00:00-05:00,146.93677191332085,148.22229156219586,146.45882004339845,148.0657196044922,170787200,0.0,0.0,0.0
2014-02-10 00:00:00-05:00,148.08219228926944,148.38710018339793,147.67841471921483,148.337646484375,92218800,0.0,0.0,0.0
2014-02-11 00:00:00-05:00,148.46123024267578,150.34006803600226,148.36233543973836,149.96099853515625,117814100,0.0,0.0,0.0
2014-02-12 00:00:00-05:00,150.18347957700797,150.66143125409346,149.73849702194818,150.03515625,94717700,0.0,0.0,0.0
2014-02-13 00:00:00-05:00,149.02157714782246,150.96634058592437,149.01334115356417,150.8097686767578,100542200,0.0,0.0,0.0
2014-02-14 00:00:00-05:00,150.66968654523444,151.92224928788445,150.5295991937727,151.64207458496094,96498400,0.0,0.0,0.0
2014-02-18 00:00:00-05:00,151.77391056935184,152.0293772839349,151.33716395989535,151.8233642578125,80460900,0.0,0.0,0.0
2014-02-19 00:00:00-05:00,151.42779888725704,152.40842283022252,150.69439307198613,150.81800842285156,126524300,0.0,0.0,0.0
2014-02-20 00:00:00-05:00,151.02407339023517,152.05413879830456,150.47195984039485,151.70803833007812,104998100,0.0,0.0,0.0
2014-02-21 00:00:00-05:00,151.99644040911423,152.3590254238694,151.4608114571604,151.53497314453125,118116400,0.0,0.0,0.0
2014-02-24 00:00:00-05:00,151.8563466023395,153.3973202757787,151.79042091389832,152.37550354003906,114063900,0.0,0.0,0.0
2014-02-25 00:00:00-05:00,152.49908727683714,152.93583390585954,151.81512249058522,152.3177947998047,117085000,0.0,0.0,0.0
2014-02-26 00:00:00-05:00,152.54032940435363,152.9441195782542,151.8975695840488,152.32608032226562,98677200,0.0,0.0,0.0
2014-02-27 00:00:00-05:00,152.10356740119786,153.16658928221392,151.93051089431452,153.12539672851562,93880800,0.0,0.0,0.0
2014-02-28 00:00:00-05:00,153.10063873252588,154.22135012520448,152.49084820756386,153.51266479492188,150842000,0.0,0.0,0.0
2014-03-03 00:00:00-05:00,152.16124301117065,152.82048732631773,151.41960101540488,152.4331817626953,167748500,0.0,0.0,0.0
2014-03-04 00:00:00-05:00,153.92472102249008,154.90534525501496,153.8917644636163,154.5757293701172,167545900,0.0,0.0,0.0
2014-03-05 00:00:00-05:00,154.70755380014833,154.97949251612914,154.46857163729953,154.71578979492188,88376900,0.0,0.0,0.0
2014-03-06 00:00:00-05:00,155.0948625274401,155.42447836174256,154.7405135602288,155.07012939453125,82516500,0.0,0.0,0.0
2014-03-07 00:00:00-05:00,155.71287859016226,155.71287859016226,154.45206740425624,155.1360321044922,114513500,0.0,0.0,0.0
2014-03-10 00:00:00-04:00,154.89706274433166,155.11131174777378,154.16365693273661,155.0536346435547,74939200,0.0,0.0,0.0
2014-03-11 00:00:00-04:00,155.28443190662105,155.5069295691038,153.93298651153862,154.28732299804688,99009100,0.0,0.0,0.0
2014-03-12 00:00:00-04:00,153.53737779872748,154.38615037006997,153.1912648865356,154.32846069335938,104824400,0.0,0.0,0.0
2014-03-13 00:00:00-04:00,154.78994302356477,154.91355838264954,152.16946338825807,152.59796142578125,155014300,0.0,0.0,0.0
2014-03-14 00:00:00-04:00,152.3260360224905,153.10888300426535,151.98817164303873,152.16946411132812,153919600,0.0,0.0,0.0
2014-03-17 00:00:00-04:00,152.93583591876546,153.9082239969231,152.8699102377007,153.54563903808594,98359500,0.0,0.0,0.0
2014-03-18 00:00:00-04:00,153.85878503925753,154.8476451210329,153.69396454726316,154.64163208007812,101804600,0.0,0.0,0.0
2014-03-19 00:00:00-04:00,154.65810533743382,154.87236694916706,152.8369570819309,153.8175811767578,176267300,0.0,0.0,0.0
2014-03-20 00:00:00-04:00,153.47971158084792,154.83115659194058,153.20777286486714,154.71578979492188,117241000,0.0,0.0,0.0
2014-03-21 00:00:00-04:00,155.3655106348029,156.44978122423134,153.97498652160039,154.11569213867188,163128000,0.825,0.0,0.0
2014-03-24 00:00:00-04:00,154.6453921668746,154.83576970851763,152.80792178518118,153.4783477783203,121411000,0.0,0.0,0.0
2014-03-25 00:00:00-04:00,154.25643118154454,154.72822008472093,153.34598064505556,154.20677185058594,103852000,0.0,0.0,0.0
2014-03-26 00:00:00-04:00,154.8109352875432,155.05924449786644,153.05623875911283,153.09762573242188,119843000,0.0,0.0,0.0
2014-03-27 00:00:00-04:00,152.9155011083661,153.40383445429651,152.21196059814005,152.77479553222656,142383000,0.0,0.0,0.0
2014-03-28 00:00:00-04:00,153.21350454790883,154.2977750694342,153.12245825673708,153.5280303955078,101642000,0.0,0.0,0.0
2014-03-31 00:00:00-04:00,154.50472155182763,155.02616972212834,153.5528841462162,154.7861328125,99745000,0.0,0.0,0.0
2014-04-01 00:00:00-04:00,155.29105173544104,155.9035463219145,154.77788844621514,155.8125,89193000,0.0,0.0,0.0
2014-04-02 00:00:00-04:00,156.0110946371434,156.54081505963964,155.72139845300737,156.33389282226562,78774000,0.0,0.0,0.0
2014-04-03 00:00:00-04:00,156.57394545816328,156.61533243905058,155.6469377080479,156.1269989013672,77435000,0.0,0.0,0.0
2014-04-04 00:00:00-04:00,156.97954019369033,157.01264220543104,154.03296859689584,154.28126525878906,169381000,0.0,0.0,0.0
2014-04-07 00:00:00-04:00,153.90875153608226,154.16533307953708,152.26165867473148,152.576171875,140803000,0.0,0.0,0.0
2014-04-08 00:00:00-04:00,152.50997758137825,153.45354257943114,151.9554274415126,153.2052459716797,112660000,0.0,0.0,0.0
2014-04-09 00:00:00-04:00,153.61912237623682,154.90203054767804,153.17216313044725,154.8523712158203,100254000,0.0,0.0,0.0
2014-04-10 00:00:00-04:00,154.84408830502863,154.91857729773267,151.40917074133228,151.59954833984375,172959000,0.0,0.0,0.0
2014-04-11 00:00:00-04:00,150.75530441799128,151.81474554171035,150.06832089362848,150.23385620117188,167251000,0.0,0.0,0.0
2014-04-14 00:00:00-04:00,151.40916497705294,151.77335021134232,150.17591626856736,151.41744995117188,132382000,0.0,0.0,0.0
2014-04-15 00:00:00-04:00,151.73196934068173,152.5679307710915,150.23384148588818,152.4603271484375,157093000,0.0,0.0,0.0
2014-04-16 00:00:00-04:00,153.511507165853,154.06605737902072,152.83279600286517,154.0577850341797,105197000,0.0,0.0,0.0
2014-04-17 00:00:00-04:00,153.85083238355185,154.70335102668815,153.58596584650326,154.27294921875,105255000,0.0,0.0,0.0
2014-04-21 00:00:00-04:00,154.31430736604088,154.8605850245035,154.12394247155697,154.8109130859375,68329000,0.0,0.0,0.0
2014-04-22 00:00:00-04:00,154.96821804288598,155.93661272051415,154.88545671520626,155.51449584960938,85790000,0.0,0.0,0.0
2014-04-23 00:00:00-04:00,155.4565525874815,155.53931390898794,155.0261507752401,155.15029907226562,73869000,0.0,0.0,0.0
2014-04-24 00:00:00-04:00,155.91180560558377,155.92836292532712,154.7199311747519,155.46485900878906,88170000,0.0,0.0,0.0
2014-04-25 00:00:00-04:00,154.95991225071467,155.0509585321828,153.84252721719946,154.19015502929688,100380000,0.0,0.0,0.0
2014-04-28 00:00:00-04:00,154.81926399498337,155.3489845661998,153.08939663596013,154.67855834960938,135121000,0.0,0.0,0.0
2014-04-29 00:00:00-04:00,155.17517149727917,155.63867543995647,154.84410086094826,155.39865112304688,84098000,0.0,0.0,0.0
2014-04-30 00:00:00-04:00,155.14203615646238,156.01938452084113,154.92682892249834,155.86212158203125,101508000,0.0,0.0,0.0
2014-05-01 00:00:00-04:00,155.7876310691964,156.30079422908742,155.38205889569815,155.87867736816406,93019000,0.0,0.0,0.0
2014-05-02 00:00:00-04:00,155.86211940129726,156.54910281254652,155.4234452252456,155.6551971435547,98122000,0.0,0.0,0.0
2014-05-05 00:00:00-04:00,154.89372979260156,156.06077439534633,154.4633279462178,155.9531707763672,75883000,0.0,0.0,0.0
2014-05-06 00:00:00-04:00,155.60556119878956,155.71316483043117,154.56267740972785,154.5957794189453,85454000,0.0,0.0,0.0
2014-05-07 00:00:00-04:00,155.11721071499414,155.5807145707055,153.95843844618287,155.5062255859375,106500000,0.0,0.0,0.0
2014-05-08 00:00:00-04:00,155.36554053659972,156.47464099958566,154.84409231509886,155.3406982421875,93618000,0.0,0.0,0.0
2014-05-09 00:00:00-04:00,155.36549597856433,155.63862221388786,154.6371256722858,155.57241821289062,83679000,0.0,0.0,0.0
2014-05-12 00:00:00-04:00,156.2676931021909,157.16159877992965,155.60553934502897,157.08709716796875,86940000,0.0,0.0,0.0
2014-05-13 00:00:00-04:00,157.29400246391108,157.60852830628687,157.07053554072618,157.22779846191406,66454000,0.0,0.0,0.0
2014-05-14 00:00:00-04:00,157.0871043874811,157.161606002866,156.25941531037233,156.48289489746094,72367000,0.0,0.0,0.0
2014-05-15 00:00:00-04:00,156.16840426019036,156.2015189032885,154.34749040540424,155.1089630126953,154956000,0.0,0.0,0.0
2014-05-16 00:00:00-04:00,155.1999981545909,155.71317404935039,154.54612924017695,155.64695739746094,97458000,0.0,0.0,0.0
2014-05-19 00:00:00-04:00,155.3489416513336,156.34216586929614,155.20823604482925,156.218017578125,63839000,0.0,0.0,0.0
2014-05-20 00:00:00-04:00,156.14355904246213,156.16011636236226,154.83582124964659,155.2331085205078,111644000,0.0,0.0,0.0
2014-05-21 00:00:00-04:00,155.6800136686252,156.61530623615675,155.65518401015368,156.5408172607422,89093000,0.0,0.0,0.0
2014-05-22 00:00:00-04:00,156.58218381836426,157.24433748024896,156.31732993132874,156.92153930664062,61549000,0.0,0.0,0.0
2014-05-23 00:00:00-04:00,157.0622368495688,157.658173851738,156.92153125593578,157.5505828857422,61092800,0.0,0.0,0.0
2014-05-27 00:00:00-04:00,158.1382547040929,158.56865651052246,158.04720841099305,158.5189971923828,72010000,0.0,0.0,0.0
2014-05-28 00:00:00-04:00,158.5190131708811,158.76732241614013,158.13827064421287,158.40313720703125,66723000,0.0,0.0,0.0
2014-05-29 00:00:00-04:00,158.7673457485136,159.2473943624872,158.36177350067007,159.22256469726562,64377000,0.0,0.0,0.0
2014-05-30 00:00:00-04:00,159.07356640999834,159.57845725431,158.94113312602377,159.4791259765625,76316000,0.0,0.0,0.0
2014-06-02 00:00:00-04:00,159.7025960839221,159.73571071771644,158.89146436941306,159.6612091064453,64656000,0.0,0.0,0.0
2014-06-03 00:00:00-04:00,159.27225282739238,159.66126782558518,159.12327480912467,159.57850646972656,65047000,0.0,0.0,0.0
2014-06-04 00:00:00-04:00,159.3052928055745,159.99227614784462,159.1397575419081,159.90122985839844,55529000,0.0,0.0,0.0
2014-06-05 00:00:00-04:00,160.08334649509598,161.10967286178575,159.49568169680347,160.9441375732422,92103000,0.0,0.0,0.0
2014-06-06 00:00:00-04:00,161.29176818821,161.75527205576208,161.2172792015391,161.71389770507812,78696000,0.0,0.0,0.0
2014-06-09 00:00:00-04:00,161.6890601046153,162.2684399106103,161.54006950905514,161.87942504882812,65119000,0.0,0.0,0.0
2014-06-10 00:00:00-04:00,161.68078884075183,161.92909810138548,161.33316092767822,161.89599609375,57129000,0.0,0.0,0.0
2014-06-11 00:00:00-04:00,161.31657256741403,161.49866514820357,160.9689447212334,161.3331298828125,68772000,0.0,0.0,0.0
2014-06-12 00:00:00-04:00,161.14276786358474,161.23381415562054,159.8350177732209,160.19091796875,106350000,0.0,0.0,0.0
2014-06-13 00:00:00-04:00,160.50550098616446,160.83658427036644,159.9923376825713,160.6793212890625,82017000,0.0,0.0,0.0
2014-06-16 00:00:00-04:00,160.48055982436918,161.15098564348668,160.29019496166936,160.81163024902344,87424000,0.0,0.0,0.0
2014-06-17 00:00:00-04:00,160.5882408497137,161.37454295965787,160.41442058374153,161.2586669921875,84834000,0.0,0.0,0.0
2014-06-18 00:00:00-04:00,161.25867137298172,162.53330704978285,160.90275848709683,162.4422607421875,105267000,0.0,0.0,0.0
2014-06-19 00:00:00-04:00,162.58292638312327,162.7236446116837,162.06149095837225,162.6243133544922,85929000,0.0,0.0,0.0
2014-06-20 00:00:00-04:00,163.02934420255113,163.08756614933392,162.7548965035382,162.95449829101562,100587000,0.937,0.0,0.0
2014-06-23 00:00:00-04:00,162.99608461769964,163.04598189237336,162.60520571268924,162.90460205078125,70611000,0.0,0.0,0.0
2014-06-24 00:00:00-04:00,162.61349291133567,163.4201992357439,161.7402526674863,161.9232177734375,96237000,0.0,0.0,0.0
2014-06-25 00:00:00-04:00,161.5823088823997,162.82147989558894,161.54904825274073,162.6551513671875,82782000,0.0,0.0,0.0
2014-06-26 00:00:00-04:00,162.68004560784746,162.6966822621399,161.44919968123725,162.53866577148438,84312000,0.0,0.0,0.0
2014-06-27 00:00:00-04:00,162.15616666386134,162.90466413939447,162.08132072332432,162.85476684570312,71445100,0.0,0.0,0.0
2014-06-30 00:00:00-04:00,162.75490875410185,163.1457876860524,162.61352890276555,162.77154541015625,70201200,0.0,0.0,0.0
2014-07-01 00:00:00-04:00,163.17074761079837,164.36002114496037,163.11253834565755,163.86102294921875,90470000,0.0,0.0,0.0
2014-07-02 00:00:00-04:00,163.87763666747247,164.23524226199177,163.80279075560324,164.02732849121094,52475000,0.0,0.0,0.0
2014-07-03 00:00:00-04:00,164.4930637587987,164.90889132678097,164.36832056442415,164.83404541015625,52938800,0.0,0.0,0.0
2014-07-07 00:00:00-04:00,164.51800132685918,164.6510564849585,164.01900324132922,164.2601776123047,61696000,0.0,0.0,0.0
2014-07-08 00:00:00-04:00,163.9607912167416,164.01901316259617,162.80479118238597,163.20399475097656,108143000,0.0,0.0,0.0
2014-07-09 00:00:00-04:00,163.61153752104374,164.08558711561014,163.26224383086173,163.93588256835938,72992000,0.0,0.0,0.0
2014-07-10 00:00:00-04:00,162.35570552378218,163.71961934562427,162.22263766554164,163.2871551513672,99040000,0.0,0.0,0.0
2014-07-11 00:00:00-04:00,163.18737375068713,163.62814996282896,162.8214434560674,163.51171875,64243000,0.0,0.0,0.0
2014-07-14 00:00:00-04:00,164.3433339536773,164.55124768962952,164.20195413603545,164.33502197265625,58658000,0.0,0.0,0.0
2014-07-15 00:00:00-04:00,164.4348440503592,164.7508770427619,163.30379262970942,164.02732849121094,111307000,0.0,0.0,0.0
2014-07-16 00:00:00-04:00,164.7591883763872,164.88393156234469,164.1853443408838,164.6344451904297,79986400,0.0,0.0,0.0
2014-07-17 00:00:00-04:00,164.12712787476718,164.75086915725547,162.5303390243542,162.76321411132812,145398000,0.0,0.0,0.0
2014-07-18 00:00:00-04:00,163.2954775315949,164.59285740610528,163.20399496659488,164.42652893066406,124330000,0.0,0.0,0.0
2014-07-21 00:00:00-04:00,163.91092164753783,164.25190332790683,163.36202616548795,164.11883544921875,67592000,0.0,0.0,0.0
2014-07-22 00:00:00-04:00,164.67602890391495,165.1334417667055,164.55959769248193,164.83404541015625,67678000,0.0,0.0,0.0
2014-07-23 00:00:00-04:00,165.08355047379908,165.37463485795956,164.75089348337343,165.19998168945312,65612000,0.0,0.0,0.0
2014-07-24 00:00:00-04:00,165.35806335235898,165.54934056271426,165.0420302039023,165.20835876464844,56888000,0.0,0.0,0.0
2014-07-25 00:00:00-04:00,164.7425532923652,164.88393313448154,164.11049999407163,164.43484497070312,76837000,0.0,0.0,0.0
2014-07-28 00:00:00-04:00,164.46808472650866,164.74253239346555,163.5199985543158,164.50135803222656,69259000,0.0,0.0,0.0
2014-07-29 00:00:00-04:00,164.8091610822743,165.04202359600677,163.7695917566632,163.79454040527344,80466000,0.0,0.0,0.0
2014-07-30 00:00:00-04:00,164.37665022724525,164.5928887074862,163.13749206301003,163.81944274902344,104222000,0.0,0.0,0.0
2014-07-31 00:00:00-04:00,162.68012590957872,162.82150581572938,160.48455599102064,160.5843505859375,183479000,0.0,0.0,0.0
2014-08-01 00:00:00-04:00,160.1435404754256,161.141524284564,159.3202098606614,160.09364318847656,189261000,0.0,0.0,0.0
2014-08-04 00:00:00-04:00,160.401357070548,161.59063077373526,159.71940630883367,161.24964904785156,91340000,0.0,0.0,0.0
2014-08-05 00:00:00-04:00,160.5926099232784,161.00843748632153,159.1039401411559,159.68609619140625,152690000,0.0,0.0,0.0
2014-08-06 00:00:00-04:00,158.93762836063087,160.41797362546646,158.9126797194298,159.73602294921875,94818000,0.0,0.0,0.0
2014-08-07 00:00:00-04:00,160.45951201264154,160.61752848741855,158.47185714107096,158.8710479736328,135733000,0.0,0.0,0.0
2014-08-08 00:00:00-04:00,159.2287002615314,160.81715195019032,158.80454801430767,160.70904541015625,117014000,0.0,0.0,0.0
2014-08-11 00:00:00-04:00,161.31615402574027,161.88999812233013,161.09992825037992,161.17477416992188,74544000,0.0,0.0,0.0
2014-08-12 00:00:00-04:00,161.01675976722632,161.46584798041295,160.45955231991752,160.95022583007812,73632000,0.0,0.0,0.0
2014-08-13 00:00:00-04:00,161.58227523495805,162.22265326050896,161.30784019977258,162.03968811035156,69047000,0.0,0.0,0.0
2014-08-14 00:00:00-04:00,162.30585451233424,162.80484008789062,162.1561499566302,162.80484008789062,57371000,0.0,0.0,0.0
2014-08-15 00:00:00-04:00,163.39528676666663,163.54497860100494,161.5989086143046,162.77154541015625,139951000,0.0,0.0,0.0
2014-08-18 00:00:00-04:00,163.66977308791388,164.21034398169658,163.57829049311414,164.135498046875,75424000,0.0,0.0,0.0
2014-08-19 00:00:00-04:00,164.53463734067034,165.11679335639275,164.2019803859859,164.99205017089844,59135000,0.0,0.0,0.0
2014-08-20 00:00:00-04:00,164.76750419317497,165.63243260277338,164.73424357282875,165.43283081054688,72763000,0.0,0.0,0.0
2014-08-21 00:00:00-04:00,165.574210015422,166.13141740693064,165.44114215445137,165.91519165039062,67791000,0.0,0.0,0.0
2014-08-22 00:00:00-04:00,165.78218341879406,166.07326788310985,165.28319779575105,165.65744018554688,76107000,0.0,0.0,0.0
2014-08-25 00:00:00-04:00,166.44749345881192,166.82173581080278,165.62415013238973,166.4973907470703,63855000,0.0,0.0,0.0
2014-08-26 00:00:00-04:00,166.6054229736328,167.0129384316362,166.56383769178817,166.6054229736328,47298000,0.0,0.0,0.0
2014-08-27 00:00:00-04:00,166.68860171743657,166.8050455971994,166.28109889845834,166.53890991210938,47874000,0.0,0.0,0.0
2014-08-28 00:00:00-04:00,165.9900663279759,166.5555984900778,165.82373781796426,166.44747924804688,58330000,0.0,0.0,0.0
2014-08-29 00:00:00-04:00,166.7053008090018,166.93816327564926,166.18136660407143,166.92153930664062,65907000,0.0,0.0,0.0
2014-09-02 00:00:00-04:00,167.13774476506006,167.16269340558813,166.21460699536743,166.83834838867188,72426000,0.0,0.0,0.0
2014-09-03 00:00:00-04:00,167.47871727838256,167.50366591754604,166.51399426389384,166.74685668945312,57462000,0.0,0.0,0.0
2014-09-04 00:00:00-04:00,167.02961036309893,167.64503971703,166.04826341796422,166.50567626953125,85236000,0.0,0.0,0.0
2014-09-05 00:00:00-04:00,166.47245335010842,167.3207453779719,165.840399839378,167.25421142578125,102177000,0.0,0.0,0.0
2014-09-08 00:00:00-04:00,167.0962099036601,167.3373970882995,166.33108841973592,166.82176208496094,64146000,0.0,0.0,0.0
2014-09-09 00:00:00-04:00,166.67204998238728,166.78848122255795,165.42456697053578,165.7655487060547,88591000,0.0,0.0,0.0
2014-09-10 00:00:00-04:00,165.8569954412893,166.49737351779535,165.30811263719295,166.38926696777344,67251000,0.0,0.0,0.0
2014-09-11 00:00:00-04:00,165.72390170373112,166.6054540068384,165.5991458349592,166.58050537109375,66774400,0.0,0.0,0.0
2014-09-12 00:00:00-04:00,166.41418936644826,166.4308133314906,165.13343341540647,165.60748291015625,117409300,0.0,0.0,0.0
2014-09-15 00:00:00-04:00,165.6324621117129,165.7655299969045,164.9837720339689,165.48275756835938,76401000,0.0,0.0,0.0
2014-09-16 00:00:00-04:00,165.17503350526687,167.0296209776042,165.08355092913988,166.730224609375,116201000,0.0,0.0,0.0
2014-09-17 00:00:00-04:00,166.97142486590056,167.72822148432192,166.12313297409494,166.9547882080078,151266000,0.0,0.0,0.0
2014-09-18 00:00:00-04:00,167.46211375983953,167.86962943023315,167.24588794761902,167.8446807861328,94990000,0.0,0.0,0.0
2014-09-19 00:00:00-04:00,168.37854091413217,168.69603841859367,167.3508143818011,167.69338989257812,121649000,0.939,0.0,0.0
2014-09-22 00:00:00-04:00,167.4009921706536,167.426057432771,166.04740426946276,166.39833068847656,125553000,0.0,0.0,0.0
2014-09-23 00:00:00-04:00,165.79671188429543,166.49021377174276,165.39565500639435,165.44578552246094,111393000,0.0,0.0,0.0
2014-09-24 00:00:00-04:00,165.47087723770355,166.84953039680997,165.0364041960794,166.74090576171875,107276000,0.0,0.0,0.0
2014-09-25 00:00:00-04:00,166.3063927579901,166.31475634354877,163.99194894578199,164.05043029785156,150300000,0.0,0.0,0.0
2014-09-26 00:00:00-04:00,164.35120289449983,165.76327172240553,164.11725202057815,165.35385131835938,103547000,0.0,0.0,0.0
2014-09-29 00:00:00-04:00,163.93344610882605,165.34551506122844,163.8081198258065,165.05307006835938,95112000,0.0,0.0,0.0
2014-09-30 00:00:00-04:00,165.17841857927348,165.68810007507966,164.2760310416477,164.6186065673828,131302000,0.0,0.0,0.0
2014-10-01 00:00:00-04:00,164.35124348900422,164.40973759661583,162.02008500900408,162.38772583007812,177798000,0.0,0.0,0.0
2014-10-02 00:00:00-04:00,162.24569252212993,162.9809742556768,160.71666043889581,162.41281127929688,157285000,0.0,0.0,0.0
2014-10-03 00:00:00-04:00,163.49895551087909,164.5517472541542,162.99763764446124,164.20082092285156,121569000,0.0,0.0,0.0
2014-10-06 00:00:00-04:00,164.88595867494155,165.10320789084057,163.41540842204,164.00863647460938,104778000,0.0,0.0,0.0
2014-10-07 00:00:00-04:00,163.1647588601878,163.53239964623205,161.44354313404267,161.47695922851562,147913000,0.0,0.0,0.0
2014-10-08 00:00:00-04:00,161.56891873923735,164.53509844175997,160.72502504051144,164.3011474609375,186461000,0.0,0.0,0.0
2014-10-09 00:00:00-04:00,164.042013080654,164.26761306018733,160.908729612436,161.04241943359375,210705000,0.0,0.0,0.0
2014-10-10 00:00:00-04:00,161.00066265163218,161.80277619384609,159.1624719722467,159.20423889160156,221909000,0.0,0.0,0.0
2014-10-13 00:00:00-04:00,159.13748892650423,159.71400275493298,156.49717059163132,156.58908081054688,230939000,0.0,0.0,0.0
2014-10-14 00:00:00-04:00,157.432936300793,158.6027035988749,156.27988342465505,156.8313446044922,215847000,0.0,0.0,0.0
2014-10-15 00:00:00-04:00,154.70910301142817,156.82302520857448,152.00193983533407,155.77023315429688,380715000,0.0,0.0,0.0
2014-10-16 00:00:00-04:00,152.95445307831557,156.73110986093474,152.8124123413871,155.6365509033203,270391000,0.0,0.0,0.0
2014-10-17 00:00:00-04:00,157.43290599681157,158.54417897886665,156.76446949076924,157.4746856689453,214625000,0.0,0.0,0.0
2014-10-20 00:00:00-04:00,157.1906278146633,159.12907994789475,157.14049730034915,159.00375366210938,130011000,0.0,0.0,0.0
2014-10-21 00:00:00-04:00,160.15684892346184,162.26242049573162,159.9897429017136,162.15380859375,154949000,0.0,0.0,0.0
2014-10-22 00:00:00-04:00,162.43783616295494,162.8556074532772,160.93385696792114,161.00070190429688,151822000,0.0,0.0,0.0
2014-10-23 00:00:00-04:00,162.6132982845513,163.93345713507807,162.31250243570508,162.872314453125,154944000,0.0,0.0,0.0
2014-10-24 00:00:00-04:00,163.13969146918458,164.17576887545798,162.50468368755338,164.12562561035156,117927000,0.0,0.0,0.0
2014-10-27 00:00:00-04:00,163.54073449940836,164.14232613607385,162.95585728303,163.9000244140625,82954000,0.0,0.0,0.0
2014-10-28 00:00:00-04:00,164.45148919767576,165.78834961494266,164.3762806793941,165.77999877929688,106736000,0.0,0.0,0.0
2014-10-29 00:00:00-04:00,165.89699872273758,166.3732514122221,164.43479905866045,165.52935791015625,142557000,0.0,0.0,0.0
2014-10-30 00:00:00-04:00,165.08649029575756,167.0667219603423,164.93608601461472,166.59046936035156,113330000,0.0,0.0,0.0
2014-10-31 00:00:00-04:00,168.5957902102194,168.62921905493678,167.75189674695184,168.4955291748047,146903000,0.0,0.0,0.0
2014-11-03 00:00:00-05:00,168.71278969101988,169.1556263263154,168.20310810614026,168.58746337890625,93600000,0.0,0.0,0.0
2014-11-04 00:00:00-05:00,168.136225337503,168.44538475346127,167.15864207479396,168.00254821777344,93343000,0.0,0.0,0.0
2014-11-05 00:00:00-05:00,169.2308267069357,169.27260639523107,168.3200881492022,169.063720703125,91709000,0.0,0.0,0.0
2014-11-06 00:00:00-05:00,169.1054859145472,169.83240398104726,168.47882889187616,169.74049377441406,107089000,0.0,0.0,0.0
2014-11-07 00:00:00-05:00,169.757205489539,170.11649547314317,169.28930362664292,169.8992462158203,89540000,0.0,0.0,0.0
2014-11-10 00:00:00-05:00,169.932672525485,170.48412099888176,169.72378685771324,170.43399047851562,66319000,0.0,0.0,0.0
2014-11-11 00:00:00-05:00,170.50084369073363,170.70972936863552,170.15826811912575,170.60110473632812,54499400,0.0,0.0,0.0
2014-11-12 00:00:00-05:00,169.9075549457331,170.65118718403943,169.87412610953652,170.417236328125,90120300,0.0,0.0,0.0
2014-11-13 00:00:00-05:00,170.58440129159584,171.14421337263965,169.79063827367904,170.60946655273438,85357900,0.0,0.0,0.0
2014-11-14 00:00:00-05:00,170.53423915285973,170.86010023661711,170.2167289048104,170.65121459960938,80417500,0.0,0.0,0.0
2014-11-17 00:00:00-05:00,170.3253689341841,170.9353114796375,170.15825020995587,170.7598419189453,80441000,0.0,0.0,0.0
2014-11-18 00:00:00-05:00,170.8183509298232,172.0549505509461,170.8183509298232,171.7458038330078,76068100,0.0,0.0,0.0
2014-11-19 00:00:00-05:00,171.54527329937872,171.7458081413629,170.70137974443094,171.47007751464844,82373000,0.0,0.0,0.0
2014-11-20 00:00:00-05:00,170.66796667340958,171.87951392534768,170.60112171990207,171.77088928222656,72840300,0.0,0.0,0.0
2014-11-21 00:00:00-05:00,173.49206792571138,173.65917389870003,172.10506412610547,172.68994140625,142327300,0.0,0.0,0.0
2014-11-24 00:00:00-05:00,173.09936477017857,173.28318516834898,172.88212827659936,173.174560546875,65880800,0.0,0.0,0.0
2014-11-25 00:00:00-05:00,173.4085479158702,173.61743361685026,172.79025440056697,173.0492706298828,79108300,0.0,0.0,0.0
2014-11-26 00:00:00-05:00,173.19960518607013,173.59231119455742,172.98236871835329,173.49205017089844,62167800,0.0,0.0,0.0
2014-11-28 00:00:00-05:00,173.3667499342036,173.68424747327342,172.8821336647749,173.1244354248047,57890100,0.0,0.0,0.0
2014-12-01 00:00:00-05:00,172.4560420891847,172.57301758021006,171.60379754715956,171.92129516601562,103968400,0.0,0.0,0.0
2014-12-02 00:00:00-05:00,171.96297746252756,173.24135630088801,171.9379122107452,173.032470703125,74507200,0.0,0.0,0.0
2014-12-03 00:00:00-05:00,173.2080368025494,173.91824058136203,173.04093078102716,173.7010040283203,68952000,0.0,0.0,0.0
2014-12-04 00:00:00-05:00,173.4085610252437,174.01851649776438,172.70670807674108,173.5088348388672,91316600,0.0,0.0,0.0
2014-12-05 00:00:00-05:00,173.68419157221123,174.1855221031941,173.41682463855471,173.79281616210938,91025500,0.0,0.0,0.0
2014-12-08 00:00:00-05:00,173.3918166080417,173.89313455509966,172.0632940873204,172.6314697265625,108588200,0.0,0.0,0.0
2014-12-09 00:00:00-05:00,170.75983604176403,172.6231052079563,170.37549358775206,172.5144805908203,125180100,0.0,0.0,0.0
2014-12-10 00:00:00-05:00,172.04658251798568,172.10506387122928,169.55665635147884,169.74884033203125,159856400,0.0,0.0,0.0
2014-12-11 00:00:00-05:00,170.35045035472288,172.28055195860964,170.20840962514785,170.60946655273438,159012800,0.0,0.0,0.0
2014-12-12 00:00:00-05:00,169.3143725796858,170.30031959746412,167.81875675321385,167.8521728515625,202330200,0.0,0.0,0.0
2014-12-15 00:00:00-05:00,168.7629187816681,169.22246983779687,166.0891845678786,166.69912719726562,189965800,0.0,0.0,0.0
2014-12-16 00:00:00-05:00,165.92204036963625,169.1138062667438,165.32044871636734,165.3622283935547,259543800,0.0,0.0,0.0
2014-12-17 00:00:00-05:00,165.80506607668082,169.06367693008562,165.67972704424673,168.6041259765625,253910100,0.0,0.0,0.0
2014-12-18 00:00:00-05:00,171.0690123419581,177.94552500638534,170.38386122686762,172.7735137939453,257633900,0.0,0.0,0.0
2014-12-19 00:00:00-05:00,173.43301285905787,174.18915927642934,172.74409313094768,173.50863647460938,245084600,1.135,0.0,0.0
2014-12-22 00:00:00-05:00,173.70185075055414,174.3067626953125,173.45821171545617,174.3067626953125,148318900,0.0,0.0,0.0
2014-12-23 00:00:00-05:00,174.89493177466377,174.94533898516096,174.24800932722752,174.5420684814453,122167900,0.0,0.0,0.0
2014-12-24 00:00:00-05:00,174.76881532741604,175.03765790524844,174.5167665971331,174.55877685546875,42963400,0.0,0.0,0.0
2014-12-26 00:00:00-05:00,175.01252572563578,175.46621618921338,174.96211852295744,175.1217498779297,57326700,0.0,0.0,0.0
2014-12-29 00:00:00-05:00,174.93688706292417,175.56700263553012,174.86967319681145,175.35696411132812,79643900,0.0,0.0,0.0
2014-12-30 00:00:00-05:00,174.92851019560848,175.06292512351277,174.3403920046178,174.416015625,73540800,0.0,0.0,0.0
2014-12-31 00:00:00-05:00,174.743660066974,174.9116883270589,172.5592542266668,172.68527221679688,130333800,0.0,0.0,0.0
2015-01-02 00:00:00-05:00,173.39100637817197,173.81108342603477,171.54265711178826,172.5928497314453,121465900,0.0,0.0,0.0
2015-01-05 00:00:00-05:00,171.5342815996109,171.70230987578518,169.16505342016106,169.4759063720703,169632600,0.0,0.0,0.0
2015-01-06 00:00:00-05:00,169.7867797059859,170.31608101822374,167.07308490178582,167.879638671875,209151400,0.0,0.0,0.0
2015-01-07 00:00:00-05:00,169.2238970110093,170.31610029044802,168.77021927756732,169.9716339111328,125346700,0.0,0.0,0.0
2015-01-08 00:00:00-05:00,171.3998411251291,173.2061802141637,171.38304727257352,172.98773193359375,147217800,0.0,0.0,0.0
2015-01-09 00:00:00-05:00,173.40781251190862,173.42461918453904,170.97976751607868,171.6014862060547,158567300,0.0,0.0,0.0
2015-01-12 00:00:00-05:00,171.73591216853532,171.89554350753323,169.6439237285759,170.25723266601562,144396100,0.0,0.0,0.0
2015-01-13 00:00:00-05:00,171.4923212931694,172.6349318517059,168.45936323247807,169.77841186523438,214553300,0.0,0.0,0.0
2015-01-14 00:00:00-05:00,167.736779975316,168.95501381437353,166.82942472569684,168.7533721923828,192991100,0.0,0.0,0.0
2015-01-15 00:00:00-05:00,169.40027648419104,169.7195263270312,167.08985269283977,167.2074737548828,176613900,0.0,0.0,0.0
2015-01-16 00:00:00-05:00,166.99750262312952,169.55997624434204,166.81266761964932,169.4003448486328,211879600,0.0,0.0,0.0
2015-01-20 00:00:00-05:00,170.0472155311437,170.316071045343,168.17367513811234,169.76156616210938,130991100,0.0,0.0,0.0
2015-01-21 00:00:00-05:00,169.29106985163705,171.10580598484773,168.82058555481998,170.61851501464844,122942700,0.0,0.0,0.0
2015-01-22 00:00:00-05:00,171.38305119253835,173.29019189973178,169.98839221444138,173.15577697753906,174356000,0.0,0.0,0.0
2015-01-23 00:00:00-05:00,172.89534073017774,173.15579932117248,172.07199313916345,172.2064208984375,117516800,0.0,0.0,0.0
2015-01-26 00:00:00-05:00,171.98797426394884,172.70209765182875,171.26544112932362,172.60968017578125,92009700,0.0,0.0,0.0
2015-01-27 00:00:00-05:00,170.52608708758527,171.49225922219964,169.49270108329782,170.33285522460938,134044600,0.0,0.0,0.0
2015-01-28 00:00:00-05:00,171.53428855779006,171.635102963637,167.95523613312614,168.14846801757812,168514300,0.0,0.0,0.0
2015-01-29 00:00:00-05:00,168.35012509312574,169.9632198333397,166.9218525073409,169.70277404785156,173585400,0.0,0.0,0.0
2015-01-30 00:00:00-05:00,168.50969151103948,169.8539301998756,167.29986771727422,167.56871032714844,197729700,0.0,0.0,0.0
2015-02-02 00:00:00-05:00,168.07288212538438,169.73638416710813,166.23294202754022,169.6439666748047,163107000,0.0,0.0,0.0
2015-02-03 00:00:00-05:00,170.5513328199396,172.10562349323817,170.1732659268972,172.0972137451172,124212900,0.0,0.0,0.0
2015-02-04 00:00:00-05:00,171.3242429384525,172.550873711228,170.97977663969016,171.44186401367188,134306700,0.0,0.0,0.0
2015-02-05 00:00:00-05:00,172.1139720783773,173.32379605208897,172.0383612849539,173.1725616455078,97953200,0.0,0.0,0.0
2015-02-06 00:00:00-05:00,173.54226151277706,174.11357307458366,172.16440904219678,172.69371032714844,125672000,0.0,0.0,0.0
2015-02-09 00:00:00-05:00,172.0384127241596,172.76934291860132,171.5091113724669,171.92079162597656,87219000,0.0,0.0,0.0
2015-02-10 00:00:00-05:00,172.97092118203585,174.01270400702973,171.9627260588716,173.75225830078125,96164200,0.0,0.0,0.0
2015-02-11 00:00:00-05:00,173.58426095812518,174.2899874141996,172.9289417032367,173.8531036376953,91087800,0.0,0.0,0.0
2015-02-12 00:00:00-05:00,174.65968174549377,175.5838566289524,173.88674130648184,175.52503967285156,97545900,0.0,0.0,0.0
2015-02-13 00:00:00-05:00,175.65104104458774,176.29795053474058,175.39058247950044,176.24754333496094,93670400,0.0,0.0,0.0
2015-02-17 00:00:00-05:00,175.92829563009198,176.70124882501003,175.67625960972362,176.52481079101562,76968200,0.0,0.0,0.0
2015-02-18 00:00:00-05:00,176.1467524326335,176.61723678631816,175.87789690496388,176.5416259765625,80652900,0.0,0.0,0.0
2015-02-19 00:00:00-05:00,175.93666146363097,176.78521243312542,175.7938368144923,176.41554260253906,91462500,0.0,0.0,0.0
2015-02-20 00:00:00-05:00,175.99547223308858,177.54976240142435,175.36535667615254,177.47415161132812,140896400,0.0,0.0,0.0
2015-02-23 00:00:00-05:00,177.22219034248548,177.44903564453125,176.8357136360275,177.44903564453125,74411100,0.0,0.0,0.0
2015-02-24 00:00:00-05:00,177.37332508151536,178.15467504135864,177.07086910024276,177.95303344726562,72472300,0.0,0.0,0.0
2015-02-25 00:00:00-05:00,177.82702244544072,178.31431336883128,177.45735258495586,177.80181884765625,73061700,0.0,0.0,0.0
2015-02-26 00:00:00-05:00,177.70940267997537,177.86903401359876,176.97845987968577,177.59178161621094,72697900,0.0,0.0,0.0
2015-02-27 00:00:00-05:00,177.49096224277133,177.7598177259541,176.93647024324324,176.98687744140625,108076000,0.0,0.0,0.0
2015-03-02 00:00:00-05:00,177.08776228533682,178.16315900640325,177.0373550671212,178.10435485839844,87491400,0.0,0.0,0.0
2015-03-03 00:00:00-05:00,177.66741115107794,178.15470212942728,176.4995973163266,177.37335205078125,110325800,0.0,0.0,0.0
2015-03-04 00:00:00-05:00,176.7684197532161,176.84404336617285,175.64261632167913,176.62559509277344,114497200,0.0,0.0,0.0
2015-03-05 00:00:00-05:00,176.9532778473409,177.10451227331754,176.30636832766368,176.81886291503906,76873000,0.0,0.0,0.0
2015-03-06 00:00:00-05:00,175.94511069719488,176.38199451956675,173.9959594015324,174.33201599121094,188128000,0.0,0.0,0.0
2015-03-09 00:00:00-04:00,174.53359775453666,175.41574920471177,174.3739664423007,175.0544891357422,89818900,0.0,0.0,0.0
2015-03-10 00:00:00-04:00,173.6683200789404,173.7523278263301,172.17283346643583,172.21484375,157121300,0.0,0.0,0.0
2015-03-11 00:00:00-04:00,172.47523957439915,172.65167758633862,171.72750289472216,171.8115234375,110145700,0.0,0.0,0.0
2015-03-12 00:00:00-04:00,172.4500174338823,174.0631116878462,172.3996102415293,173.99591064453125,93993500,0.0,0.0,0.0
2015-03-13 00:00:00-04:00,173.71868681527386,174.69325594030138,171.87874707361757,172.92893981933594,162410900,0.0,0.0,0.0
2015-03-16 00:00:00-04:00,173.66823500592818,175.33173629833038,172.9540989943796,175.23931884765625,136099200,0.0,0.0,0.0
2015-03-17 00:00:00-04:00,174.49164535430265,175.1049543923043,173.89513017177603,174.71849060058594,94510400,0.0,0.0,0.0
2015-03-18 00:00:00-04:00,174.23958330422343,177.49938578259378,173.59266096481016,176.81886291503906,228808500,0.0,0.0,0.0
2015-03-19 00:00:00-04:00,176.39885160426647,176.82732580151176,175.61750122135936,176.0123748779297,117917300,0.0,0.0,0.0
2015-03-20 00:00:00-04:00,176.97520270518874,178.08071544207857,176.78954270145584,177.56593322753906,177715100,0.931,0.0,0.0
2015-03-23 00:00:00-04:00,177.5743326527632,178.15662865184933,177.2198944091797,177.2198944091797,71784500,0.0,0.0,0.0
2015-03-24 00:00:00-04:00,177.09341825650833,177.55755557089157,176.15668346195702,176.2241973876953,77805300,0.0,0.0,0.0
2015-03-25 00:00:00-04:00,176.4351193697011,176.67141159870556,173.59959974468708,173.64178466796875,159521700,0.0,0.0,0.0
2015-03-26 00:00:00-04:00,172.96664792728774,174.15654332029058,172.25775845939964,173.22825622558594,153067200,0.0,0.0,0.0
2015-03-27 00:00:00-04:00,173.11012621096114,173.80212117298348,172.91601891351377,173.62490844726562,118939000,0.0,0.0,0.0
2015-03-30 00:00:00-04:00,174.67135592801037,176.04692443186195,174.65448710883075,175.7431182861328,96180400,0.0,0.0,0.0
2015-03-31 00:00:00-04:00,174.90765669441254,175.61654632031926,174.1481477315376,174.20721435546875,126768700,0.0,0.0,0.0
2015-04-01 00:00:00-04:00,174.17348280095237,174.1987989106736,172.58693791461775,173.5911865234375,137303600,0.0,0.0,0.0
2015-04-02 00:00:00-04:00,173.52361417697009,174.67132464674512,173.33795418355362,174.2156219482422,86900900,0.0,0.0,0.0
2015-04-06 00:00:00-04:00,173.3126460835124,175.91187323438007,173.17763116321552,175.38865661621094,114368200,0.0,0.0,0.0
2015-04-07 00:00:00-04:00,175.41401150364456,176.1735204964645,174.89079476978915,174.92454528808594,81236300,0.0,0.0,0.0
2015-04-08 00:00:00-04:00,175.15232511676405,175.96246596464073,174.75568909940228,175.51519775390625,89351900,0.0,0.0,0.0
2015-04-09 00:00:00-04:00,175.34644198166106,176.52790290180155,174.8485415136703,176.29161071777344,85548900,0.0,0.0,0.0
2015-04-10 00:00:00-04:00,176.54486154226757,177.29593621392286,176.34233265451758,177.2537384033203,72722900,0.0,0.0,0.0
2015-04-13 00:00:00-04:00,177.1102403556965,177.7516160425228,176.4013636379044,176.45199584960938,74436600,0.0,0.0,0.0
2015-04-14 00:00:00-04:00,176.2494372272499,176.97519551865463,175.61650893394204,176.78953552246094,75099900,0.0,0.0,0.0
2015-04-15 00:00:00-04:00,177.26218020327923,178.09763759330855,177.1777845846872,177.58285522460938,99529300,0.0,0.0,0.0
2015-04-16 00:00:00-04:00,177.2452563542936,178.04696303241397,177.04271464401626,177.5321807861328,68934900,0.0,0.0,0.0
2015-04-17 00:00:00-04:00,176.3253992470757,176.5701258736616,174.69665694958974,175.48992919921875,191113200,0.0,0.0,0.0
2015-04-20 00:00:00-04:00,176.42661594353055,177.43086403572235,176.34223324685755,177.0933074951172,92189500,0.0,0.0,0.0
2015-04-21 00:00:00-04:00,177.78540236712936,177.94574632113205,176.5786248218904,176.88243103027344,72559800,0.0,0.0,0.0
2015-04-22 00:00:00-04:00,177.2284182881039,177.9373080101041,176.2916835725329,177.75164794921875,78264600,0.0,0.0,0.0
2015-04-23 00:00:00-04:00,177.34650087129296,178.85709692740315,177.22835477279486,178.1988525390625,102585900,0.0,0.0,0.0
2015-04-24 00:00:00-04:00,178.62085878666048,178.88246716415148,178.15670866032343,178.61241149902344,61327400,0.0,0.0,0.0
2015-04-27 00:00:00-04:00,179.18627064939903,179.312851192419,177.6756741588931,177.86978149414062,79358100,0.0,0.0,0.0
2015-04-28 00:00:00-04:00,177.84445005262816,178.48581287690521,176.65454154297802,178.4351806640625,86863500,0.0,0.0,0.0
2015-04-29 00:00:00-04:00,177.53218231224656,178.3085728928764,176.88238513048844,177.7009735107422,125684900,0.0,0.0,0.0
2015-04-30 00:00:00-04:00,177.1187074061426,177.51534361137197,175.21147470602776,175.9203643798828,161304900,0.0,0.0,0.0
2015-05-01 00:00:00-04:00,176.71363061050968,177.86978875076525,176.61236617196238,177.8275909423828,103399700,0.0,0.0,0.0
2015-05-04 00:00:00-04:00,178.25794688830365,178.9246386654679,178.1482480578161,178.3339080810547,70927200,0.0,0.0,0.0
2015-05-05 00:00:00-04:00,178.089131074877,178.45201663553618,176.14814852582484,176.29161071777344,113326200,0.0,0.0,0.0
2015-05-06 00:00:00-04:00,176.8485951630182,177.16083565478235,174.48566038574955,175.56585693359375,135060200,0.0,0.0,0.0
2015-05-07 00:00:00-04:00,175.46463540267357,176.69674173198396,175.1270787278563,176.26634216308594,88244900,0.0,0.0,0.0
2015-05-08 00:00:00-04:00,177.9625855599635,178.78960836664203,177.87818995895188,178.58706665039062,155877300,0.0,0.0,0.0
2015-05-11 00:00:00-04:00,178.54484927536538,178.81489197099143,177.65874713364033,177.7346954345703,75708100,0.0,0.0,0.0
2015-05-12 00:00:00-04:00,176.89077772360056,177.75156369999306,176.05530784560574,177.20301818847656,119727600,0.0,0.0,0.0
2015-05-13 00:00:00-04:00,177.6165708338116,178.2494991720676,177.00052419012457,177.23681640625,94667900,0.0,0.0,0.0
2015-05-14 00:00:00-04:00,178.26641819482387,179.17783673799468,177.98792812244147,179.0850067138672,95934000,0.0,0.0,0.0
2015-05-15 00:00:00-04:00,179.279052734375,179.4225149370903,178.789586637309,179.279052734375,76510100,0.0,0.0,0.0
2015-05-18 00:00:00-04:00,179.1102859659512,180.08920534617417,179.042772064391,179.83604431152344,74549700,0.0,0.0,0.0
2015-05-19 00:00:00-04:00,179.9542184266491,180.23270848506692,179.49006832928606,179.77699279785156,72114600,0.0,0.0,0.0
2015-05-20 00:00:00-04:00,179.8782355642056,180.40989950960633,179.32970280054107,179.650390625,76857500,0.0,0.0,0.0
2015-05-21 00:00:00-04:00,179.50695080126133,180.384605908003,179.33815958188296,180.1736297607422,64764600,0.0,0.0,0.0
2015-05-22 00:00:00-04:00,179.78537949658352,180.20733167730648,179.6756806859274,179.74319458007812,57433500,0.0,0.0,0.0
2015-05-26 00:00:00-04:00,179.245288584531,179.67568806780469,177.3887014884648,177.81065368652344,124308600,0.0,0.0,0.0
2015-05-27 00:00:00-04:00,178.27481524274853,179.73476633717584,177.86129742612485,179.49847412109375,93214000,0.0,0.0,0.0
2015-05-28 00:00:00-04:00,179.1862172658379,179.4056277673595,178.59548677946535,179.29592895507812,74974600,0.0,0.0,0.0
2015-05-29 00:00:00-04:00,179.22843776914084,179.2706226916163,177.91194883928745,178.18199157714844,124919600,0.0,0.0,0.0
2015-06-01 00:00:00-04:00,178.85713191947747,179.1946885878099,177.74317173544972,178.54489135742188,93338800,0.0,0.0,0.0
2015-06-02 00:00:00-04:00,178.08070560658246,179.0680721844694,177.44777732252987,178.3676300048828,91531000,0.0,0.0,0.0
2015-06-03 00:00:00-04:00,178.9077391193464,179.47315354208274,178.34232469661004,178.84022521972656,87820900,0.0,0.0,0.0
2015-06-04 00:00:00-04:00,178.12298445134743,178.78966354804334,177.0090239835946,177.3297119140625,151882800,0.0,0.0,0.0
2015-06-05 00:00:00-04:00,177.17772974397673,177.70939364722437,176.35914142946754,177.0258331298828,121704700,0.0,0.0,0.0
2015-06-08 00:00:00-04:00,176.91614241311163,177.0680519221779,175.86126176695518,175.9372100830078,89063300,0.0,0.0,0.0
2015-06-09 00:00:00-04:00,175.91188049316406,176.46042611329338,175.27051774517045,175.91188049316406,105034700,0.0,0.0,0.0
2015-06-10 00:00:00-04:00,176.68825127353068,178.4098233745548,176.62918466450262,178.02162170410156,134551300,0.0,0.0,0.0
2015-06-11 00:00:00-04:00,178.46891136572893,178.98369360074528,178.2326191473896,178.5955047607422,73876400,0.0,0.0,0.0
2015-06-12 00:00:00-04:00,177.7600422481858,178.46891893326188,176.9498882674127,177.22837829589844,135382400,0.0,0.0,0.0
2015-06-15 00:00:00-04:00,176.07223592164883,176.75579651237874,175.35491193952237,176.4688720703125,124384200,0.0,0.0,0.0
2015-06-16 00:00:00-04:00,176.3169633263011,177.51531906380993,176.1397505900651,177.43092346191406,85308200,0.0,0.0,0.0
2015-06-17 00:00:00-04:00,177.7178192138672,178.33387867893427,176.67982043832285,177.7178192138672,126708600,0.0,0.0,0.0
2015-06-18 00:00:00-04:00,178.32543849329988,180.03856341233546,177.75158967648136,179.56597900390625,165867900,0.0,0.0,0.0
2015-06-19 00:00:00-04:00,179.3200737380247,179.39639147865796,178.3872582205183,178.76885986328125,130478700,1.03,0.0,0.0
2015-06-22 00:00:00-04:00,179.70167145234808,180.27831162176682,179.47270529585708,179.68470764160156,70696000,0.0,0.0,0.0
2015-06-23 00:00:00-04:00,179.89672628783623,180.1511317137006,179.41336762433167,179.81192016601562,68476800,0.0,0.0,0.0
2015-06-24 00:00:00-04:00,179.54053861716642,179.9221402324964,178.48052694147447,178.50596618652344,92307300,0.0,0.0,0.0
2015-06-25 00:00:00-04:00,179.0148392185139,179.14203548799077,177.88698485061857,177.9633026123047,97107400,0.0,0.0,0.0
2015-06-26 00:00:00-04:00,178.32787376403948,178.5738037123987,177.3696320337573,177.9293212890625,104174800,0.0,0.0,0.0
2015-06-29 00:00:00-04:00,176.42837391904501,177.9378297498681,174.12178711112708,174.19810485839844,202621300,0.0,0.0,0.0
2015-06-30 00:00:00-04:00,175.75839686114622,175.80928828666913,174.07934212753864,174.56271362304688,182925100,0.0,0.0,0.0
2015-07-01 00:00:00-04:00,176.1570136638336,176.41141910731614,175.16484407989017,175.96197509765625,135979900,0.0,0.0,0.0
2015-07-02 00:00:00-04:00,176.44535308256923,176.61495240446015,175.37685276941858,175.8008575439453,104373700,0.0,0.0,0.0
2015-07-06 00:00:00-04:00,174.4949458047376,176.08919511584256,174.29141883456242,175.30055236816406,117975400,0.0,0.0,0.0
2015-07-07 00:00:00-04:00,175.50403566701792,176.53011982144307,173.0872036385277,176.40292358398438,173820200,0.0,0.0,0.0
2015-07-08 00:00:00-04:00,175.04609660334688,175.3344166902334,173.20591778114093,173.443359375,164020100,0.0,0.0,0.0
2015-07-09 00:00:00-04:00,175.57183466851177,175.83472841312,173.646862930047,173.75709533691406,144113100,0.0,0.0,0.0
2015-07-10 00:00:00-04:00,175.78388344898624,176.36901207394718,173.79954432576076,175.94500732421875,129456900,0.0,0.0,0.0
2015-07-13 00:00:00-04:00,177.22550128974854,177.9971800624522,177.18309822892806,177.88694763183594,106069400,0.0,0.0,0.0
2015-07-14 00:00:00-04:00,177.84454851949548,178.97240267645356,177.78518164510928,178.65863037109375,81709600,0.0,0.0,0.0
2015-07-15 00:00:00-04:00,178.7010306766215,179.1674384696131,178.11590207628637,178.59927368164062,97914100,0.0,0.0,0.0
2015-07-16 00:00:00-04:00,179.66774364628372,180.0323944091797,179.42182661889515,180.0323944091797,106683300,0.0,0.0,0.0
2015-07-17 00:00:00-04:00,180.02390422485541,180.24439494332896,179.6083879131405,180.18502807617188,89030000,0.0,0.0,0.0
2015-07-20 00:00:00-04:00,180.414020196094,180.7786580682095,179.95610076187486,180.27833557128906,70446800,0.0,0.0,0.0
2015-07-21 00:00:00-04:00,180.14261914814307,180.4055129146465,179.26069512178213,179.56597900390625,77965000,0.0,0.0,0.0
2015-07-22 00:00:00-04:00,178.87060246071064,179.58294013477027,178.83668778080093,179.2437286376953,88667900,0.0,0.0,0.0
2015-07-23 00:00:00-04:00,179.37940635491293,179.48116333033389,177.86995083472505,178.23458862304688,90509100,0.0,0.0,0.0
2015-07-24 00:00:00-04:00,178.33636459770116,178.3957185221818,176.0467419957657,176.3859405517578,117755000,0.0,0.0,0.0
2015-07-27 00:00:00-04:00,175.48708772860093,176.00437404038388,174.91043454090286,175.35987854003906,132361100,0.0,0.0,0.0
2015-07-28 00:00:00-04:00,176.20789777536513,177.65799979167048,175.36837660661882,177.5138397216797,123544800,0.0,0.0,0.0
2015-07-29 00:00:00-04:00,177.6410154007716,178.9639080682498,177.49685534747948,178.73495483398438,105791300,0.0,0.0,0.0
2015-07-30 00:00:00-04:00,178.21763924252937,178.94692776486121,177.5901076964687,178.77732849121094,91304400,0.0,0.0,0.0
2015-07-31 00:00:00-04:00,179.28613322708122,179.31157247213017,178.21764611623817,178.50596618652344,103266900,0.0,0.0,0.0
2015-08-03 00:00:00-04:00,178.47204726040414,178.5314011842411,176.9371395212579,177.90386962890625,113965700,0.0,0.0,0.0
2015-08-04 00:00:00-04:00,177.82755437783672,178.2939620984748,177.06435115468028,177.5561981201172,81820800,0.0,0.0,0.0
2015-08-05 00:00:00-04:00,178.46359222489136,179.1928808942406,177.85302436498975,178.141357421875,85786800,0.0,0.0,0.0
2015-08-06 00:00:00-04:00,178.32791259988335,178.43815797588752,176.08916803070932,176.6827850341797,116030800,0.0,0.0,0.0
2015-08-07 00:00:00-04:00,176.52162402845457,176.6742594958026,175.42768475407877,176.34353637695312,117858000,0.0,0.0,0.0
2015-08-10 00:00:00-04:00,177.47145946937417,178.65019237161675,177.47145946937417,178.56539916992188,80270700,0.0,0.0,0.0
2015-08-11 00:00:00-04:00,177.20855278617006,177.63255755180867,176.18245555990126,176.9541473388672,126081400,0.0,0.0,0.0
2015-08-12 00:00:00-04:00,175.63122749163495,177.35268553983994,174.14721104045157,177.16612243652344,172123700,0.0,0.0,0.0
2015-08-13 00:00:00-04:00,177.0050326518197,177.70040670523332,176.39446473063666,176.9456787109375,89383300,0.0,0.0,0.0
2015-08-14 00:00:00-04:00,176.75059967119762,177.66645141035613,176.60643962053337,177.5901336669922,72786500,0.0,0.0,0.0
2015-08-17 00:00:00-04:00,176.98804182803818,178.58229064941406,176.5216340852436,178.58229064941406,79072600,0.0,0.0,0.0
2015-08-18 00:00:00-04:00,178.30245930704353,178.6586217173159,177.8275760933471,178.0650177001953,71692700,0.0,0.0,0.0
2015-08-19 00:00:00-04:00,177.31032195899002,178.09048922856022,175.83479355463746,176.65736389160156,172946000,0.0,0.0,0.0
2015-08-20 00:00:00-04:00,175.12242893567785,176.6318847393905,172.909123727376,172.96849060058594,194327900,0.0,0.0,0.0
2015-08-21 00:00:00-04:00,171.06893502143294,172.94304151495658,167.49882264388518,167.76170349121094,346588500,0.0,0.0,0.0
2015-08-24 00:00:00-04:00,158.9932750580073,167.46488004293917,154.67689770386164,160.69776916503906,507244300,0.0,0.0,0.0
2015-08-25 00:00:00-04:00,165.72639978733721,165.7433635911522,158.50984754518635,158.80665588378906,369833100,0.0,0.0,0.0
2015-08-26 00:00:00-04:00,162.88564887072096,165.18374712346233,159.73952826918892,164.90391540527344,339257000,0.0,0.0,0.0
2015-08-27 00:00:00-04:00,167.07479765853662,169.11001482400948,165.53990287979985,168.98281860351562,274143900,0.0,0.0,0.0
2015-08-28 00:00:00-04:00,168.32987143045943,169.46620095829024,167.83802440954827,168.99131774902344,160414400,0.0,0.0,0.0
2015-08-31 00:00:00-04:00,167.99917914360745,168.86415254206526,167.06636342570206,167.6260528564453,163298800,0.0,0.0,0.0
2015-09-01 00:00:00-04:00,163.76759255117034,165.16681600746006,161.74085033836124,162.62278747558594,256000400,0.0,0.0,0.0
2015-09-02 00:00:00-04:00,165.03958376661603,165.75192149014578,163.17396569172558,165.7095184326172,160269300,0.0,0.0,0.0
2015-09-03 00:00:00-04:00,166.43032652105708,167.948270651013,165.32792461077048,165.8282470703125,152087800,0.0,0.0,0.0
2015-09-04 00:00:00-04:00,163.5386059435077,164.39509071628956,162.48706970655527,163.318115234375,207081000,0.0,0.0,0.0
2015-09-08 00:00:00-04:00,166.15895965920086,167.57513376825094,165.5059888148042,167.4224853515625,116025700,0.0,0.0,0.0
2015-09-09 00:00:00-04:00,169.0252408476989,169.1524370826344,164.81063306888097,165.18374633789062,149347700,0.0,0.0,0.0
2015-09-10 00:00:00-04:00,164.9887325760195,167.2444410380163,164.72585169127524,166.08267211914062,158611100,0.0,0.0,0.0
2015-09-11 00:00:00-04:00,165.68409369302347,166.90522939502756,164.96328047071347,166.83738708496094,119691200,0.0,0.0,0.0
2015-09-14 00:00:00-04:00,167.01545368382767,167.06633217899764,165.72647573460162,166.21832275390625,79452000,0.0,0.0,0.0
2015-09-15 00:00:00-04:00,166.72712171331435,168.74538814199607,166.17592080209096,168.2959442138672,113806200,0.0,0.0,0.0
2015-09-16 00:00:00-04:00,168.6012816973334,169.94961391032479,168.25359464177708,169.7545623779297,99581600,0.0,0.0,0.0
2015-09-17 00:00:00-04:00,169.61888535467367,172.05266878809257,168.99135358672186,169.37295532226562,276046600,0.0,0.0,0.0
2015-09-18 00:00:00-04:00,166.82673955282303,169.35840915348973,166.18742602580676,166.6051025390625,223657500,1.033,0.0,0.0
2015-09-21 00:00:00-04:00,167.4490277065591,168.5060179149239,166.40055699743726,167.46607971191406,105726200,0.0,0.0,0.0
2015-09-22 00:00:00-04:00,165.26677164551373,165.76117554355795,164.14157387613093,165.29234313964844,153890900,0.0,0.0,0.0
2015-09-23 00:00:00-04:00,165.46289632150697,165.9402484295207,164.43999708906767,165.02816772460938,92790600,0.0,0.0,0.0
2015-09-24 00:00:00-04:00,163.79212870139736,164.90027480563526,162.43678707723458,164.4314422607422,159378800,0.0,0.0,0.0
2015-09-25 00:00:00-04:00,165.91466243417173,166.22153347779008,163.50231759261857,164.3888397216797,155054800,0.0,0.0,0.0
2015-09-28 00:00:00-04:00,163.47671131321056,163.58752980748588,159.9477015657588,160.26309204101562,178515900,0.0,0.0,0.0
2015-09-29 00:00:00-04:00,160.48475833571223,161.73781397550675,159.34250820356175,160.3568878173828,159045600,0.0,0.0,0.0
2015-09-30 00:00:00-04:00,162.27477639806065,163.51931213956036,161.4820340679401,163.3488311767578,163452000,0.0,0.0,0.0
2015-10-01 00:00:00-04:00,163.7324771998143,164.08197175738522,161.80601689403147,163.7751007080078,131079000,0.0,0.0,0.0
2015-10-02 00:00:00-04:00,161.76338414291206,166.24709860169065,161.20930458179268,166.22152709960938,211003300,0.0,0.0,0.0
2015-10-05 00:00:00-04:00,167.46604212515442,169.40955407960087,167.35522362552328,169.1793975830078,126320800,0.0,0.0,0.0
2015-10-06 00:00:00-04:00,169.04302299495797,169.61414153297386,167.92635742011586,168.59976196289062,110274500,0.0,0.0,0.0
2015-10-07 00:00:00-04:00,169.5459408536357,170.33869638458927,168.33550881264946,169.98068237304688,124307300,0.0,0.0,0.0
2015-10-08 00:00:00-04:00,169.58857200815706,171.80486418745483,169.28170098343685,171.51504516601562,153055200,0.0,0.0,0.0
2015-10-09 00:00:00-04:00,171.65994833229493,172.10319634627834,170.97801130180204,171.61732482910156,107069200,0.0,0.0,0.0
2015-10-12 00:00:00-04:00,171.69404986338375,171.98386889189052,171.25932132062357,171.779296875,56395600,0.0,0.0,0.0
2015-10-13 00:00:00-04:00,171.0376783294345,172.3248379228732,170.52623529817336,170.69671630859375,88038700,0.0,0.0,0.0
2015-10-14 00:00:00-04:00,170.63708497614877,171.22525567020352,169.58009463378556,169.87843322753906,99106200,0.0,0.0,0.0
2015-10-15 00:00:00-04:00,170.5518386676947,172.4953511647484,170.17677257056684,172.48683166503906,134142200,0.0,0.0,0.0
2015-10-16 00:00:00-04:00,172.89594534959917,173.28805034767888,172.12024184414315,173.27101135253906,114580100,0.0,0.0,0.0
2015-10-19 00:00:00-04:00,172.61466263347032,173.35626220703125,172.29927210344883,173.35626220703125,76523900,0.0,0.0,0.0
2015-10-20 00:00:00-04:00,172.91301952764823,173.75690513562455,172.65729149222247,173.1346435546875,78448500,0.0,0.0,0.0
2015-10-21 00:00:00-04:00,173.56085916409688,173.714288187024,171.8901138755234,172.06060791015625,102038000,0.0,0.0,0.0
2015-10-22 00:00:00-04:00,173.02377347716413,175.18038962112226,172.06055014060925,174.96728515625,174911700,0.0,0.0,0.0
2015-10-23 00:00:00-04:00,176.66366038880463,177.26035048838224,175.85386575317298,176.88528442382812,144442300,0.0,0.0,0.0
2015-10-26 00:00:00-04:00,176.70630485719803,176.76596737079825,176.07551067318443,176.45057678222656,69033000,0.0,0.0,0.0
2015-10-27 00:00:00-04:00,175.7685831127669,176.45052009130458,175.41908862282227,176.10955810546875,77905800,0.0,0.0,0.0
2015-10-28 00:00:00-04:00,176.45053461262282,178.13831869308163,175.7771300827749,178.1127471923828,135906700,0.0,0.0,0.0
2015-10-29 00:00:00-04:00,177.60128004924306,178.385502980182,177.4819420599016,178.01043701171875,90525500,0.0,0.0,0.0
2015-10-30 00:00:00-04:00,178.2065380725676,178.53046113488233,177.08135286731306,177.24330139160156,131076900,0.0,0.0,0.0
2015-11-02 00:00:00-05:00,177.5757115878751,179.53626244530764,177.44784109269546,179.3402099609375,86270800,0.0,0.0,0.0
2015-11-03 00:00:00-05:00,178.98222465470425,180.42281328582413,178.7520681320087,179.86021423339844,95246100,0.0,0.0,0.0
2015-11-04 00:00:00-05:00,180.1585806552323,180.28643817459448,178.76913491277622,179.31468200683594,96224500,0.0,0.0,0.0
2015-11-05 00:00:00-05:00,179.37432665172042,179.8431591874771,178.2320895695986,179.13565063476562,78408700,0.0,0.0,0.0
2015-11-06 00:00:00-05:00,178.78617036093306,179.280574401463,177.69507627385573,179.04188537597656,110471500,0.0,0.0,0.0
2015-11-09 00:00:00-05:00,178.41962537653748,178.5730673937629,176.40791819724018,177.37115478515625,131008700,0.0,0.0,0.0
2015-11-10 00:00:00-05:00,176.88526241364914,177.81440796044959,176.61249540501262,177.78030395507812,75874600,0.0,0.0,0.0
2015-11-11 00:00:00-05:00,178.05307005417706,178.10421305136992,177.0131190883682,177.08131408691406,67846000,0.0,0.0,0.0
2015-11-12 00:00:00-05:00,176.02431569722998,176.50166769259843,174.59225971112463,174.6092987060547,121315200,0.0,0.0,0.0
2015-11-13 00:00:00-05:00,174.19166103153523,174.4644280867311,172.56353917911596,172.64877319335938,153577100,0.0,0.0,0.0
2015-11-16 00:00:00-05:00,172.46124621102513,175.33389121199065,172.3418951835282,175.2742156982422,117645200,0.0,0.0,0.0
2015-11-17 00:00:00-05:00,175.58957750247436,176.4846059409112,174.64339306147446,175.1463165283203,121123700,0.0,0.0,0.0
2015-11-18 00:00:00-05:00,175.63216484324082,178.07008036943418,175.5895543570201,177.9251708984375,121342500,0.0,0.0,0.0
2015-11-19 00:00:00-05:00,177.80592633540812,178.1980444681836,177.47348372567552,177.77183532714844,88220500,0.0,0.0,0.0
2015-11-20 00:00:00-05:00,178.53898524175025,179.11010386166072,178.03606163708022,178.41964721679688,94011500,0.0,0.0,0.0
2015-11-23 00:00:00-05:00,178.47932018282398,178.99076327951627,177.74624003804956,178.21507263183594,64931200,0.0,0.0,0.0
2015-11-24 00:00:00-05:00,177.19216234307353,178.86290769350893,176.80005726538457,178.45375061035156,98874400,0.0,0.0,0.0
2015-11-25 00:00:00-05:00,178.58157536275706,178.786160370227,178.16388585008096,178.4281463623047,51980100,0.0,0.0,0.0
2015-11-27 00:00:00-05:00,178.52196343804962,178.83736706275417,178.0360917567086,178.63278198242188,37317800,0.0,0.0,0.0
2015-11-30 00:00:00-05:00,178.79475095541997,178.91408900550866,177.7803710262301,177.8911895751953,112822700,0.0,0.0,0.0
2015-12-01 00:00:00-05:00,178.53044277823457,179.7067838777987,178.24914325412715,179.58743286132812,97858400,0.0,0.0,0.0
2015-12-02 00:00:00-05:00,179.53629619206254,179.86021923249893,177.49901745183644,177.75474548339844,108441300,0.0,0.0,0.0
2015-12-03 00:00:00-05:00,178.010395868533,178.2831627781843,174.53252997415854,175.26560974121094,166224200,0.0,0.0,0.0
2015-12-04 00:00:00-05:00,175.26569165928709,178.98223521426877,175.26569165928709,178.6838836669922,192913900,0.0,0.0,0.0
2015-12-07 00:00:00-05:00,178.3514527744796,178.7776618659493,176.62104490366227,177.60133361816406,102027100,0.0,0.0,0.0
2015-12-08 00:00:00-05:00,176.01582341292217,177.5501656332922,175.410600820809,176.40792846679688,103372400,0.0,0.0,0.0
2015-12-09 00:00:00-05:00,175.76006769745965,177.88258017128402,174.04669921064757,175.03550720214844,162401500,0.0,0.0,0.0
2015-12-10 00:00:00-05:00,175.1036887047993,176.8170440526749,174.86501272619572,175.48727416992188,116128900,0.0,0.0,0.0
2015-12-11 00:00:00-05:00,173.3392373715514,174.0126419923371,171.77077807796817,172.086181640625,211173300,0.0,0.0,0.0
2015-12-14 00:00:00-05:00,172.24808627470597,173.0834521504302,170.44095153472165,172.95558166503906,182385200,0.0,0.0,0.0
2015-12-15 00:00:00-05:00,174.4899864704666,175.69189914068016,172.9300597508663,174.7712860107422,154069600,0.0,0.0,0.0
2015-12-16 00:00:00-05:00,175.91353495122095,177.6354233099593,174.57524517746643,177.32855224609375,197017000,0.0,0.0,0.0
2015-12-17 00:00:00-05:00,177.64395870082342,177.71215372187956,174.60935180161215,174.62640380859375,173092500,0.0,0.0,0.0
2015-12-18 00:00:00-05:00,173.87351242290717,174.0107010851654,171.35248593847535,171.51541137695312,251393500,1.212,0.0,0.0
2015-12-21 00:00:00-05:00,172.70737002569678,173.11039208647128,171.57547493987505,172.93031311035156,99094300,0.0,0.0,0.0
2015-12-22 00:00:00-05:00,173.830623827282,174.79959310769019,172.82736065463078,174.4994659423828,111026200,0.0,0.0,0.0
2015-12-23 00:00:00-05:00,175.5199048185213,176.70324705698593,175.42558024756718,176.66036987304688,110987200,0.0,0.0,0.0
2015-12-24 00:00:00-05:00,176.40303560217308,176.92610559413632,176.14578570568284,176.3687286376953,48539600,0.0,0.0,0.0
2015-12-28 00:00:00-05:00,175.66560168476695,176.0085928411021,174.87671155777699,175.96572875976562,65899900,0.0,0.0,0.0
2015-12-29 00:00:00-05:00,177.08049185069422,178.17807947083563,177.04619796193575,177.84365844726562,92640700,0.0,0.0,0.0
2015-12-30 00:00:00-05:00,177.595022188585,177.680776551583,176.43740370950613,176.5831756591797,63317700,0.0,0.0,0.0
2015-12-31 00:00:00-05:00,175.89714326386925,176.54883175149467,174.8166961669922,174.8166961669922,114877900,0.0,0.0,0.0
2016-01-04 00:00:00-05:00,171.918424972542,172.3814644892468,170.28918375124252,172.37289428710938,222353500,0.0,0.0,0.0
2016-01-05 00:00:00-05:00,172.69870734006668,173.12745290256362,171.54110217189057,172.66441345214844,110845800,0.0,0.0,0.0
2016-01-06 00:00:00-05:00,170.0748296715865,171.5497158269117,169.4402944522979,170.48643493652344,152112600,0.0,0.0,0.0
2016-01-07 00:00:00-05:00,167.49373623043024,169.30304295424807,166.00169702304012,166.39614868164062,213436100,0.0,0.0,0.0
2016-01-08 00:00:00-05:00,167.3737329477471,167.93968035952395,164.2781887572624,164.56973266601562,209817200,0.0,0.0,0.0
2016-01-11 00:00:00-05:00,165.50435701660507,165.84736131652977,162.76897132375913,164.7326202392578,187941300,0.0,0.0,0.0
2016-01-12 00:00:00-05:00,166.19896932575696,166.82493430844448,163.90088584789726,166.061767578125,172330500,0.0,0.0,0.0
2016-01-13 00:00:00-05:00,166.73913967969483,167.09071416649638,161.5341755720239,161.9200439453125,221168900,0.0,0.0,0.0
2016-01-14 00:00:00-05:00,162.5374875949818,165.7187731681748,160.91682947098468,164.57830810546875,240795600,0.0,0.0,0.0
2016-01-15 00:00:00-05:00,160.15364029512395,161.86003946467142,159.08177626027143,161.04542541503906,324846400,0.0,0.0,0.0
2016-01-19 00:00:00-05:00,162.88900647920818,163.01762490368046,159.66483174016787,161.259765625,195244400,0.0,0.0,0.0
2016-01-20 00:00:00-05:00,158.6615969434537,160.7796012709384,155.22306191461246,159.1932373046875,286547800,0.0,0.0,0.0
2016-01-21 00:00:00-05:00,159.6734451113041,161.95436180213972,158.32717762153808,160.0850372314453,195772900,0.0,0.0,0.0
2016-01-22 00:00:00-05:00,162.7346991591456,163.57503697621863,161.96296221673063,163.36924743652344,168319600,0.0,0.0,0.0
2016-01-25 00:00:00-05:00,162.8547372133877,163.05195653799646,160.70243887851623,160.899658203125,130371700,0.0,0.0,0.0
2016-01-26 00:00:00-05:00,161.56848487752268,163.3777917717913,161.22549364281684,163.09481811523438,141036800,0.0,0.0,0.0
2016-01-27 00:00:00-05:00,162.56318384633232,164.26101276479454,160.40230235102206,161.31982421875,185681700,0.0,0.0,0.0
2016-01-28 00:00:00-05:00,162.88902898076347,163.094818488347,160.4880510794992,162.16015625,143798800,0.0,0.0,0.0
2016-01-29 00:00:00-05:00,162.9404151310345,166.25033033846134,162.82036693529454,166.11312866210938,210529300,0.0,0.0,0.0
2016-02-01 00:00:00-05:00,165.09279085788089,166.8506505536566,164.50111979636964,166.0531768798828,136061600,0.0,0.0,0.0
2016-02-02 00:00:00-05:00,164.60398760445045,164.61255780460567,162.5288477506831,163.0605010986328,182564900,0.0,0.0,0.0
2016-02-03 00:00:00-05:00,164.13241050250875,164.4496780919569,160.43662514637506,164.0380859375,205054900,0.0,0.0,0.0
2016-02-04 00:00:00-05:00,163.53215196144242,165.28142824650237,162.88903356359612,164.29531860351562,139531800,0.0,0.0,0.0
2016-02-05 00:00:00-05:00,163.77229336636694,164.35538125987983,160.5223935107318,161.16551208496094,180788300,0.0,0.0,0.0
2016-02-08 00:00:00-05:00,159.29614461112882,159.59625868192555,156.74939468881917,158.9960174560547,191526700,0.0,0.0,0.0
2016-02-09 00:00:00-05:00,157.22954758344335,160.2993668808417,157.09234588557354,159.00454711914062,184513100,0.0,0.0,0.0
2016-02-10 00:00:00-05:00,159.84490987976457,161.49986132694147,158.73873909731597,158.86737060546875,148214100,0.0,0.0,0.0
2016-02-11 00:00:00-05:00,156.35488233332572,157.86407464075486,155.28301874419586,156.80078125,219058900,0.0,0.0,0.0
2016-02-12 00:00:00-05:00,158.60153051420534,160.05067921653603,157.74403957153055,160.03353881835938,127632400,0.0,0.0,0.0
2016-02-16 00:00:00-05:00,161.86867947760618,162.76046491004658,160.89113965861392,162.7347412109375,120250700,0.0,0.0,0.0
2016-02-17 00:00:00-05:00,163.91804296813368,165.77022734935395,163.789411420275,165.39292907714844,136009500,0.0,0.0,0.0
2016-02-18 00:00:00-05:00,165.66731573968468,165.72734641084742,164.39823228543762,164.7154998779297,102343000,0.0,0.0,0.0
2016-02-19 00:00:00-05:00,163.9265712255959,164.79263252207602,163.30917658983407,164.63829040527344,114793000,0.0,0.0,0.0
2016-02-22 00:00:00-05:00,166.24182034447628,167.16791244171586,166.1732194760573,167.0221405029297,103640300,0.0,0.0,0.0
2016-02-23 00:00:00-05:00,166.35328332123655,166.62768677005423,164.79264314570827,164.91270446777344,111455300,0.0,0.0,0.0
2016-02-24 00:00:00-05:00,163.4635367254283,165.95025574478154,162.34022544942508,165.6672821044922,150812200,0.0,0.0,0.0
2016-02-25 00:00:00-05:00,166.12178622113694,167.6824266707449,165.3500492832888,167.67384338378906,110728300,0.0,0.0,0.0
2016-02-26 00:00:00-05:00,168.5570142069818,168.65132565722914,167.1249927053486,167.2879180908203,129833700,0.0,0.0,0.0
2016-02-29 00:00:00-05:00,167.30509654747735,168.26548243557937,165.7787633677682,165.97598266601562,125918100,0.0,0.0,0.0
2016-03-01 00:00:00-05:00,167.21939589521978,169.9633788868112,166.73920279697546,169.87762451171875,141799700,0.0,0.0,0.0
2016-03-02 00:00:00-05:00,169.56032804178014,170.69220971169614,169.14015261012705,170.64076232910156,102415000,0.0,0.0,0.0
2016-03-03 00:00:00-05:00,170.46067978247677,171.32675431867116,169.87759201309424,171.30960083007812,95172200,0.0,0.0,0.0
2016-03-04 00:00:00-05:00,171.5067834229315,172.65583139557222,170.66644584173778,171.86692810058594,129293600,0.0,0.0,0.0
2016-03-07 00:00:00-05:00,170.93228642974177,172.4157555722835,170.85511536478464,172.004150390625,100219000,0.0,0.0,0.0
2016-03-08 00:00:00-05:00,170.91515464987773,171.4296415264919,169.96333888122237,170.12625122070312,123974900,0.0,0.0,0.0
2016-03-09 00:00:00-05:00,170.9494145087419,171.31812937603127,170.15194103654818,170.96656799316406,94801200,0.0,0.0,0.0
2016-03-10 00:00:00-05:00,171.4639633964682,172.4157792478035,169.25163430730285,171.1038055419922,156838700,0.0,0.0,0.0
2016-03-11 00:00:00-05:00,172.578661972783,173.90777585545783,171.08663576444508,173.86489868164062,137964500,0.0,0.0,0.0
2016-03-14 00:00:00-04:00,173.3504391392141,174.10502256322997,173.01601806563428,173.64198303222656,73612000,0.0,0.0,0.0
2016-03-15 00:00:00-04:00,172.66445815028644,173.66772145613382,172.39863792620886,173.35902404785156,93169100,0.0,0.0,0.0
2016-03-16 00:00:00-04:00,172.87023258471942,174.77386411121972,172.827355407509,174.3622589111328,129303200,0.0,0.0,0.0
2016-03-17 00:00:00-04:00,174.27651731317619,175.98291643815443,173.8734953998559,175.4684295654297,134278500,0.0,0.0,0.0
2016-03-18 00:00:00-04:00,175.9769665300391,176.5027345564575,175.6580625826545,176.15797424316406,138372400,1.05,0.0,0.0
2016-03-21 00:00:00-04:00,175.89075755417355,176.64061836045767,175.65803714293466,176.40789794921875,72926700,0.0,0.0,0.0
2016-03-22 00:00:00-04:00,175.62356138226056,176.8905757941965,175.4598087982022,176.31309509277344,97471900,0.0,0.0,0.0
2016-03-23 00:00:00-04:00,175.92522275916383,176.11484484354847,174.9771123372406,175.14950561523438,81052500,0.0,0.0,0.0
2016-03-24 00:00:00-04:00,174.1065906671979,175.1064138492342,173.88249780988403,175.07192993164062,84360900,0.0,0.0,0.0
2016-03-28 00:00:00-04:00,175.4942273073766,175.70970570576236,174.71851033389092,175.17532348632812,62408200,0.0,0.0,0.0
2016-03-29 00:00:00-04:00,174.7616137712313,176.9077835782635,174.451324319031,176.7957305908203,92922900,0.0,0.0,0.0
2016-03-30 00:00:00-04:00,177.8128375217704,178.30412159845324,177.2008728752136,177.57150268554688,86365300,0.0,0.0,0.0
2016-03-31 00:00:00-04:00,177.4766487383116,177.90760557766347,176.97673722645234,177.1405029296875,94584100,0.0,0.0,0.0
2016-04-01 00:00:00-04:00,176.13214717894942,178.53688167087057,175.8132300267462,178.34725952148438,114423500,0.0,0.0,0.0
2016-04-04 00:00:00-04:00,178.26962591829175,178.47648995690275,177.45942487343243,177.76971435546875,63497000,0.0,0.0,0.0
2016-04-05 00:00:00-04:00,176.40788606108623,177.7783257704794,175.7355943866005,175.99417114257812,99662200,0.0,0.0,0.0
2016-04-06 00:00:00-04:00,175.99418042084892,177.97658478550787,175.81317273659397,177.91624450683594,91839800,0.0,0.0,0.0
2016-04-07 00:00:00-04:00,176.8130486034901,177.1750509281467,175.04612216151776,175.78736877441406,113859000,0.0,0.0,0.0
2016-04-08 00:00:00-04:00,176.98540285868856,177.4249873791951,175.71838833210413,176.2613983154297,95040600,0.0,0.0,0.0
2016-04-11 00:00:00-04:00,176.90785258837354,177.61462839755396,175.75289095810552,175.8477020263672,83757500,0.0,0.0,0.0
2016-04-12 00:00:00-04:00,176.0200699434402,177.7697542299013,175.57187100179715,177.48532104492188,115350600,0.0,0.0,0.0
2016-04-13 00:00:00-04:00,178.41617752955509,179.3642880814799,178.27826814895468,179.27809143066406,96336400,0.0,0.0,0.0
2016-04-14 00:00:00-04:00,179.33842326680514,179.79523656072848,178.9333227002298,179.2866973876953,65212900,0.0,0.0,0.0
2016-04-15 00:00:00-04:00,179.28666114796846,179.42457049419508,178.76089327326878,179.0884246826172,75761600,0.0,0.0,0.0
2016-04-18 00:00:00-04:00,179.08844760437617,180.38131829926874,178.41615589517292,180.3468475341797,82531000,0.0,0.0,0.0
2016-04-19 00:00:00-04:00,180.7778447239458,181.17431779375872,180.08831090263544,180.91574096679688,88316100,0.0,0.0,0.0
2016-04-20 00:00:00-04:00,180.95879403223637,181.7948514442853,180.47612442358138,181.0880889892578,81100300,0.0,0.0,0.0
2016-04-21 00:00:00-04:00,181.1053007094593,181.2173536979544,179.8382865303935,180.11410522460938,85695000,0.0,0.0,0.0
2016-04-22 00:00:00-04:00,179.75210305227046,180.38991076706603,179.20047881559793,180.11410522460938,99251700,0.0,0.0,0.0
2016-04-25 00:00:00-04:00,179.50218839243703,179.84696185177864,178.88160931738477,179.80386352539062,66166500,0.0,0.0,0.0
2016-04-26 00:00:00-04:00,180.17445511060592,180.58818320420755,179.5883600389782,180.07102966308594,75864200,0.0,0.0,0.0
2016-04-27 00:00:00-04:00,179.68319246477026,180.83815393871578,179.32119020361253,180.44168090820312,77329400,0.0,0.0,0.0
2016-04-28 00:00:00-04:00,179.67458813911253,180.79506575479323,178.38171721169957,178.80404663085938,97216200,0.0,0.0,0.0
2016-04-29 00:00:00-04:00,178.174860528627,178.52824841988658,176.71822378562933,177.83871459960938,142424100,0.0,0.0,0.0
2016-05-02 00:00:00-04:00,178.34718522995425,179.43319178170339,177.90761396771856,179.252197265625,62188000,0.0,0.0,0.0
2016-05-03 00:00:00-04:00,178.00245871325302,178.2437935482349,176.9336807642174,177.69216918945312,106422100,0.0,0.0,0.0
2016-05-04 00:00:00-04:00,176.6837141864719,177.42496057882155,176.1924170087672,176.70094299316406,92243800,0.0,0.0,0.0
2016-05-05 00:00:00-04:00,177.17501467912038,177.53701692971333,176.2355317084081,176.66648864746094,67619200,0.0,0.0,0.0
2016-05-06 00:00:00-04:00,175.88214702627414,177.35602557112685,175.7270088382698,177.31292724609375,89315000,0.0,0.0,0.0
2016-05-09 00:00:00-04:00,177.18359084022873,177.8989675779999,177.00258319155526,177.4593963623047,74374900,0.0,0.0,0.0
2016-05-10 00:00:00-04:00,178.17483205363797,179.68318129054114,178.10587736745387,179.6659393310547,77472200,0.0,0.0,0.0
2016-05-11 00:00:00-04:00,179.20051594705663,179.74351274219768,177.98521423339844,177.98521423339844,81727000,0.0,0.0,0.0
2016-05-12 00:00:00-04:00,178.66615033539927,178.83854365976507,177.01127700524793,178.03695678710938,89586300,0.0,0.0,0.0
2016-05-13 00:00:00-04:00,177.73527459252938,178.295513377815,176.15797054637486,176.48548889160156,96474600,0.0,0.0,0.0
2016-05-16 00:00:00-04:00,176.65787085208808,178.70921689940258,176.59753056893322,178.22654724121094,77486800,0.0,0.0,0.0
2016-05-17 00:00:00-04:00,177.95077721332598,178.243824828408,176.028699448593,176.56309509277344,114924900,0.0,0.0,0.0
2016-05-18 00:00:00-04:00,176.20966081109958,177.812821018224,175.5115127316965,176.61476135253906,120062100,0.0,0.0,0.0
2016-05-19 00:00:00-04:00,175.8821097061783,176.29582460483346,174.7788612085916,176.00277709960938,115430500,0.0,0.0,0.0
2016-05-20 00:00:00-04:00,176.6233726256663,177.64043773883807,176.57165990244346,177.1146697998047,104990400,0.0,0.0,0.0
2016-05-23 00:00:00-04:00,177.13186984854977,177.41630293185762,176.6836842188755,176.87330627441406,58682600,0.0,0.0,0.0
2016-05-24 00:00:00-04:00,177.7007799438475,179.48494795699227,177.67492358004208,179.16603088378906,93537800,0.0,0.0,0.0
2016-05-25 00:00:00-04:00,179.85553398574797,180.80364433640415,179.16600038088524,180.3813018798828,76621400,0.0,0.0,0.0
2016-05-26 00:00:00-04:00,180.51922581428568,180.75194621947588,180.11412528189416,180.4330291748047,55280700,0.0,0.0,0.0
2016-05-27 00:00:00-04:00,180.59679093052117,181.2173698962186,180.5450782086731,181.20875549316406,64211200,0.0,0.0,0.0
2016-05-31 00:00:00-04:00,181.4845774347753,181.59663044339638,180.2951321179104,180.86399841308594,109879400,0.0,0.0,0.0
2016-06-01 00:00:00-04:00,180.24342555089999,181.41562894839774,180.04518904190198,181.23463439941406,69936200,0.0,0.0,0.0
2016-06-02 00:00:00-04:00,180.82951479621752,181.80346843046274,180.34684518070472,181.78623962402344,63044700,0.0,0.0,0.0
2016-06-03 00:00:00-04:00,181.2173992501221,181.596643474119,180.01933944345694,181.24325561523438,101757100,0.0,0.0,0.0
2016-06-06 00:00:00-04:00,181.60529057014023,182.52754493103922,181.44152479377385,182.16554260253906,64887000,0.0,0.0,0.0
2016-06-07 00:00:00-04:00,182.32062358725778,183.01877165532946,182.29476722560779,182.4499053955078,60974800,0.0,0.0,0.0
2016-06-08 00:00:00-04:00,182.587818690008,183.1739269208024,182.45853687897446,183.0446319580078,66170900,0.0,0.0,0.0
2016-06-09 00:00:00-04:00,182.3034566512677,182.91542148293155,182.02765096291324,182.7947540283203,73786900,0.0,0.0,0.0
2016-06-10 00:00:00-04:00,181.39834059947387,181.74310077602766,180.51055749892035,181.06219482421875,113829200,0.0,0.0,0.0
2016-06-13 00:00:00-04:00,180.4502840906671,181.32081234418848,179.57975583714577,179.6659393310547,117751200,0.0,0.0,0.0
2016-06-14 00:00:00-04:00,179.27804449854406,179.91586535302787,178.34717615082133,179.31251525878906,125059300,0.0,0.0,0.0
2016-06-15 00:00:00-04:00,179.3125560474935,180.45028867076624,178.87298470764463,179.06260681152344,109124500,0.0,0.0,0.0
2016-06-16 00:00:00-04:00,179.0626176977938,179.76939342826782,177.20088046566806,179.5970001220703,149533100,0.0,0.0,0.0
2016-06-17 00:00:00-04:00,179.49126798884083,179.51725881271352,178.260987184967,178.92811584472656,117055700,1.078,0.0,0.0
2016-06-20 00:00:00-04:00,180.92083432564567,181.60528140650845,179.99378418177875,180.08042907714844,82789600,0.0,0.0,0.0
2016-06-21 00:00:00-04:00,180.4703493356621,181.0075108034775,180.01981956450436,180.59164428710938,72461700,0.0,0.0,0.0
2016-06-22 00:00:00-04:00,180.77355014973432,181.50999216016493,180.14974386846876,180.2970428466797,95560500,0.0,0.0,0.0
2016-06-23 00:00:00-04:00,181.77854721551952,182.69692488338714,181.31069918062337,182.6449432373047,102731400,0.0,0.0,0.0
2016-06-24 00:00:00-04:00,176.4241822878387,182.6795610676644,175.6357589311778,176.08628845214844,333444400,0.0,0.0,0.0
2016-06-27 00:00:00-04:00,174.65678270324278,174.6654551249474,172.10957611123007,172.9326629638672,230775800,0.0,0.0,0.0
2016-06-28 00:00:00-04:00,174.56152458625112,176.07771812657182,174.2496213862931,176.05172729492188,159382400,0.0,0.0,0.0
2016-06-29 00:00:00-04:00,177.47262132554377,179.2833864850705,177.3686579962416,179.04946899414062,137328600,0.0,0.0,0.0
2016-06-30 00:00:00-04:00,179.52598098120134,181.54467270218868,178.96281546087798,181.49269104003906,165021900,0.0,0.0,0.0
2016-07-01 00:00:00-04:00,181.49265444383641,182.36772298076679,181.32803706678393,181.87387084960938,106055300,0.0,0.0,0.0
2016-07-05 00:00:00-04:00,181.03350676097875,181.14614251199734,179.9591837949254,180.56565856933594,109803700,0.0,0.0,0.0
2016-07-06 00:00:00-04:00,180.06309893350286,181.7699002691009,179.39597025010872,181.6486053466797,96021500,0.0,0.0,0.0
2016-07-07 00:00:00-04:00,181.8305211691392,182.5063089799296,180.75619860847416,181.53594970703125,85593800,0.0,0.0,0.0
2016-07-08 00:00:00-04:00,182.85287954832987,184.49036746941294,182.61894892527403,184.23910522460938,133971000,0.0,0.0,0.0
2016-07-11 00:00:00-04:00,184.7069802442455,185.46941301615357,184.49904042822834,184.888916015625,73633900,0.0,0.0,0.0
2016-07-12 00:00:00-04:00,185.86797248856632,186.53510125258165,184.9149313971158,186.2318572998047,101275600,0.0,0.0,0.0
2016-07-13 00:00:00-04:00,186.6563707207701,186.66502992218116,185.71200218092602,186.20584106445312,87324100,0.0,0.0,0.0
2016-07-14 00:00:00-04:00,187.48810375735295,187.72203439726923,186.8469791281707,187.24551391601562,91230900,0.0,0.0,0.0
2016-07-15 00:00:00-04:00,187.81735163194085,188.01661903980272,186.5437482657499,186.99427795410156,107155400,0.0,0.0,0.0
2016-07-18 00:00:00-04:00,187.1155792296969,187.66141303947924,186.85565773836453,187.49679565429688,58725900,0.0,0.0,0.0
2016-07-19 00:00:00-04:00,187.07223696310223,187.340817628307,186.8209879208588,187.30616760253906,54345700,0.0,0.0,0.0
2016-07-20 00:00:00-04:00,187.3061862511167,188.32852736499285,187.3061862511167,188.0859375,58159500,0.0,0.0,0.0
2016-07-21 00:00:00-04:00,187.9733649354658,188.19862323562407,186.92501949593012,187.37554931640625,67777300,0.0,0.0,0.0
2016-07-22 00:00:00-04:00,187.49681664622742,188.26790878407846,187.22823592250458,188.21592712402344,62787500,0.0,0.0,0.0
2016-07-25 00:00:00-04:00,188.00794055713703,188.05992220427837,187.1155536941326,187.70469665527344,55873100,0.0,0.0,0.0
2016-07-26 00:00:00-04:00,187.60074312215394,188.15523608743655,186.9336144354349,187.79135131835938,70080500,0.0,0.0,0.0
2016-07-27 00:00:00-04:00,188.17257059108314,188.2418838653238,186.81232237190108,187.5920867919922,84083900,0.0,0.0,0.0
2016-07-28 00:00:00-04:00,187.39283610842847,188.10328736777893,186.92498795775575,187.8087158203125,65035700,0.0,0.0,0.0
2016-07-29 00:00:00-04:00,187.5401118201958,188.4758080053795,187.25419951132906,188.11192321777344,79519400,0.0,0.0,0.0
2016-08-01 00:00:00-04:00,188.17262325498535,188.57115816821315,187.49683516719998,187.95602416992188,73311400,0.0,0.0,0.0
2016-08-02 00:00:00-04:00,187.7046908900206,187.86064904680882,185.90259881708448,186.7516632080078,92295500,0.0,0.0,0.0
2016-08-03 00:00:00-04:00,186.6910259906708,187.35815468239724,186.38779529090803,187.29750061035156,53993600,0.0,0.0,0.0
2016-08-04 00:00:00-04:00,187.41015075046735,187.81735800218496,185.62537678089123,187.49679565429688,46585500,0.0,0.0,0.0
2016-08-05 00:00:00-04:00,187.49674689692685,189.07358061935997,187.49674689692685,189.03025817871094,71892200,0.0,0.0,0.0
2016-08-08 00:00:00-04:00,189.22090954648252,189.32488607181182,188.64909814787234,188.9176788330078,39906500,0.0,0.0,0.0
2016-08-09 00:00:00-04:00,188.98694895821467,189.5327694059036,188.7010367141144,189.03025817871094,51251700,0.0,0.0,0.0
2016-08-10 00:00:00-04:00,189.14293804745182,189.2209105267359,188.20722863557532,188.5624542236328,57941100,0.0,0.0,0.0
2016-08-11 00:00:00-04:00,189.0996060533324,189.68876226966484,188.83102538036013,189.4375,72504300,0.0,0.0,0.0
2016-08-12 00:00:00-04:00,189.1256197141869,189.48951775006446,188.86571143164124,189.27291870117188,61313500,0.0,0.0,0.0
2016-08-15 00:00:00-04:00,189.64546424824712,190.17396646061138,189.63680504547807,189.81874084472656,49813500,0.0,0.0,0.0
2016-08-16 00:00:00-04:00,189.39424532639399,189.4635453998959,188.83975219726562,188.83975219726562,53213600,0.0,0.0,0.0
2016-08-17 00:00:00-04:00,188.87441437049964,189.33360340287018,188.02534960387334,189.19497680664062,75134300,0.0,0.0,0.0
2016-08-18 00:00:00-04:00,189.16893136196575,189.6541110885448,189.0563088526816,189.6194610595703,52989300,0.0,0.0,0.0
2016-08-19 00:00:00-04:00,189.14291096392634,189.52412732382518,188.64907211235118,189.34217834472656,75443000,0.0,0.0,0.0
2016-08-22 00:00:00-04:00,189.09961121752647,189.56747252270793,188.72706723391488,189.3335418701172,61368800,0.0,0.0,0.0
2016-08-23 00:00:00-04:00,189.95738787887572,190.26063187050852,189.65414388724292,189.7147979736328,53399200,0.0,0.0,0.0
2016-08-24 00:00:00-04:00,189.5674736943583,189.6627777963617,188.31986116637074,188.74440002441406,71728900,0.0,0.0,0.0
2016-08-25 00:00:00-04:00,188.35450418882363,189.03896450143313,188.19855923870304,188.6144256591797,69224800,0.0,0.0,0.0
2016-08-26 00:00:00-04:00,188.80505012134873,189.844722872184,187.35817011657818,188.25921630859375,122506300,0.0,0.0,0.0
2016-08-29 00:00:00-04:00,188.38919636018238,189.4548600100896,188.3545331080634,189.186279296875,70502200,0.0,0.0,0.0
2016-08-30 00:00:00-04:00,189.09961736873177,189.38552968227518,188.3112069261004,188.87435913085938,58114500,0.0,0.0,0.0
2016-08-31 00:00:00-04:00,188.53647139728108,188.65776633247734,187.54878029063832,188.3372039794922,85269500,0.0,0.0,0.0
2016-09-01 00:00:00-04:00,188.32850883112025,188.64041194400966,187.16754127431437,188.34584045410156,97844200,0.0,0.0,0.0
2016-09-02 00:00:00-04:00,189.21230843620927,189.6281750047381,188.61449280760917,189.19497680664062,79293900,0.0,0.0,0.0
2016-09-06 00:00:00-04:00,189.4808265889192,189.84471136865434,188.75305702944888,189.76673889160156,56702100,0.0,0.0,0.0
2016-09-07 00:00:00-04:00,189.6021496506862,189.93138445174952,189.13430149878968,189.7494354248047,76554900,0.0,0.0,0.0
2016-09-08 00:00:00-04:00,189.41151198596825,189.6887650848642,189.00430475956193,189.3162078857422,74102900,0.0,0.0,0.0
2016-09-09 00:00:00-04:00,187.98197711087175,188.03395876558358,184.75898231717534,184.78497314453125,221589100,0.0,0.0,0.0
2016-09-12 00:00:00-04:00,184.01383484131296,187.84330334452184,183.94452157906426,187.43609619140625,168110900,0.0,0.0,0.0
2016-09-13 00:00:00-04:00,186.13656719259384,186.40514791489088,184.1092031402636,184.74166870117188,182828800,0.0,0.0,0.0
2016-09-14 00:00:00-04:00,184.79362769499815,186.01524943059863,184.10918055826195,184.67233276367188,134185500,0.0,0.0,0.0
2016-09-15 00:00:00-04:00,184.5077139521248,186.9076215614056,184.3257649595034,186.5177459716797,134427900,0.0,0.0,0.0
2016-09-16 00:00:00-04:00,185.8925079177304,186.0753759873464,185.10011504788434,185.79672241210938,155236400,1.082,0.0,0.0
2016-09-19 00:00:00-04:00,186.45856140717717,187.11164092833963,185.5007061280308,185.83160400390625,80250500,0.0,0.0,0.0
2016-09-20 00:00:00-04:00,186.70235591012604,186.8590886000237,185.80546119721737,185.8402862548828,69665300,0.0,0.0,0.0
2016-09-21 00:00:00-04:00,186.5543078408515,188.11298479180468,185.85768717354102,187.9301300048828,110284400,0.0,0.0,0.0
2016-09-22 00:00:00-04:00,188.95766244449212,189.41917087967354,188.70514422572595,189.11439514160156,76678700,0.0,0.0,0.0
2016-09-23 00:00:00-04:00,188.71383102738957,188.85315782641592,187.98238526290342,188.0781707763672,73630900,0.0,0.0,0.0
2016-09-26 00:00:00-04:00,187.23353814908802,187.4163929641476,186.35404927258574,186.55433654785156,89827300,0.0,0.0,0.0
2016-09-27 00:00:00-04:00,186.3888701016429,187.8082203467614,186.0144309896756,187.7124481201172,78494800,0.0,0.0,0.0
2016-09-28 00:00:00-04:00,187.9388565999441,188.80092627901755,186.96359551512742,188.64418029785156,87411000,0.0,0.0,0.0
2016-09-29 00:00:00-04:00,188.43519953028203,188.84446374608896,186.38017550788805,186.93746948242188,128070600,0.0,0.0,0.0
2016-09-30 00:00:00-04:00,187.7821190705266,189.0621559454286,187.5296008450339,188.34812927246094,117202900,0.0,0.0,0.0
2016-10-03 00:00:00-04:00,187.93014779271897,188.1217055395998,187.25093294477546,187.8953094482422,83512100,0.0,0.0,0.0
2016-10-04 00:00:00-04:00,188.00852942775649,188.23492553752644,186.33664750415508,186.93746948242188,119948100,0.0,0.0,0.0
2016-10-05 00:00:00-04:00,187.57312318480538,188.20008050047397,187.5034597845161,187.7646942138672,72816000,0.0,0.0,0.0
2016-10-06 00:00:00-04:00,187.53828949549973,188.1217055395998,186.98971179587642,187.8953094482422,62927400,0.0,0.0,0.0
2016-10-07 00:00:00-04:00,188.17396088703154,188.3481127466017,186.51078206122583,187.2509307861328,89788300,0.0,0.0,0.0
2016-10-10 00:00:00-04:00,188.22621154785156,188.69642291345153,188.07818179781202,188.22621154785156,51855000,0.0,0.0,0.0
2016-10-11 00:00:00-04:00,187.7908007496312,187.86046414414145,185.108819852189,185.84896850585938,130367400,0.0,0.0,0.0
2016-10-12 00:00:00-04:00,185.98833271639776,186.62400633660343,185.48328296978104,186.09283447265625,73866100,0.0,0.0,0.0
2016-10-13 00:00:00-04:00,184.74308199724132,185.98828019481513,183.91585084586112,185.4832305908203,101357000,0.0,0.0,0.0
2016-10-14 00:00:00-04:00,186.47595051821872,186.9461751718367,185.50068943950836,185.5790557861328,93346200,0.0,0.0,0.0
2016-10-17 00:00:00-04:00,185.55294880910395,185.81418327276748,184.75183953095606,184.93470764160156,58275700,0.0,0.0,0.0
2016-10-18 00:00:00-04:00,186.55434292807666,186.61529010620222,185.70969236922724,186.09283447265625,76869700,0.0,0.0,0.0
2016-10-19 00:00:00-04:00,186.36276100518904,186.90263578110813,185.99703809695976,186.5891571044922,66519200,0.0,0.0,0.0
2016-10-20 00:00:00-04:00,186.23217427129904,186.80688750750733,185.57039172735335,186.2408905029297,73639800,0.0,0.0,0.0
2016-10-21 00:00:00-04:00,186.24085734350714,186.41500921491334,185.26558294714744,186.3279266357422,89089100,0.0,0.0,0.0
2016-10-24 00:00:00-04:00,187.2161315983754,187.49478524173995,186.7633260713765,187.12034606933594,60146600,0.0,0.0,0.0
2016-10-25 00:00:00-04:00,186.93742107035243,187.1986554597794,186.32788301964487,186.4933319091797,66542300,0.0,0.0,0.0
2016-10-26 00:00:00-04:00,185.6574490618059,186.71107656456127,185.4136204872761,186.11895751953125,75705500,0.0,0.0,0.0
2016-10-27 00:00:00-04:00,186.85039699656696,186.8852220563458,185.5442380204126,185.6226043701172,77220200,0.0,0.0,0.0
2016-10-28 00:00:00-04:00,185.59647400898024,186.28437852627815,184.35127555142333,185.07400512695312,140623200,0.0,0.0,0.0
2016-10-31 00:00:00-04:00,185.41360244679726,185.64001182534489,184.9172689763954,185.0827178955078,61272500,0.0,0.0,0.0
2016-11-01 00:00:00-04:00,185.4136578013407,185.4659153337159,182.51399588413372,183.7417755126953,122781800,0.0,0.0,0.0
2016-11-02 00:00:00-04:00,183.42827261299504,183.82013097607228,182.19177691496407,182.63587951660156,103330800,0.0,0.0,0.0
2016-11-03 00:00:00-04:00,182.85358293865798,183.07127613613804,181.521301633035,181.79994201660156,88939300,0.0,0.0,0.0
2016-11-04 00:00:00-04:00,181.9131185799159,182.76647206163793,181.451610135632,181.59963989257812,109122100,0.0,0.0,0.0
2016-11-07 00:00:00-05:00,181.59961781947658,185.64000191687524,181.59961781947658,185.60516357421875,109794900,0.0,0.0,0.0
2016-11-08 00:00:00-05:00,185.2046511876594,187.01586003230787,184.93471377146986,186.44114685058594,106772100,0.0,0.0,0.0
2016-11-09 00:00:00-05:00,184.92597889990526,189.04474300013217,184.89985678399987,188.41778564453125,258429000,0.0,0.0,0.0
2016-11-10 00:00:00-05:00,189.2189136305967,190.09838928946655,187.40770478892873,188.8880157470703,172113300,0.0,0.0,0.0
2016-11-11 00:00:00-05:00,188.1566076426299,188.69648258254313,187.49482502960913,188.45266723632812,100552700,0.0,0.0,0.0
2016-11-14 00:00:00-05:00,188.98378906842188,189.1927792898221,187.8430790113519,188.60064697265625,94580000,0.0,0.0,0.0
2016-11-15 00:00:00-05:00,188.9924571675431,190.0722198486328,188.78348027160786,190.0722198486328,91652600,0.0,0.0,0.0
2016-11-16 00:00:00-05:00,189.4453030722898,189.95035282362124,189.32339542796404,189.71524047851562,65617700,0.0,0.0,0.0
2016-11-17 00:00:00-05:00,189.87199276394531,190.7514684209489,189.75878805941343,190.69052124023438,69797200,0.0,0.0,0.0
2016-11-18 00:00:00-05:00,190.76018655085744,190.93433843783765,190.08097160384122,190.2638397216797,86265800,0.0,0.0,0.0
2016-11-21 00:00:00-05:00,190.84725376208536,191.72672941821895,190.69922399542548,191.7006072998047,72402600,0.0,0.0,0.0
2016-11-22 00:00:00-05:00,192.0140364963696,192.25785172999244,191.3348350188584,192.0749969482422,67429000,0.0,0.0,0.0
2016-11-23 00:00:00-05:00,191.55257749641297,192.2317791489279,191.35230349296296,192.17953491210938,56620200,0.0,0.0,0.0
2016-11-25 00:00:00-05:00,192.52783178118202,192.92837974608165,192.44945214723577,192.8935546875,37872300,0.0,0.0,0.0
2016-11-28 00:00:00-05:00,192.5800931595259,192.85873351379587,191.88347234344556,191.9879608154297,76572500,0.0,0.0,0.0
2016-11-29 00:00:00-05:00,192.0227344985566,192.8238435168399,191.71795884198977,192.36233520507812,69886700,0.0,0.0,0.0
2016-11-30 00:00:00-05:00,192.98932936233774,193.15477827690862,191.83990318969904,191.90086364746094,113291800,0.0,0.0,0.0
2016-12-01 00:00:00-05:00,192.20564281392467,192.20564281392467,190.82982043607302,191.195556640625,79040500,0.0,0.0,0.0
2016-12-02 00:00:00-05:00,191.2826636322529,191.78771346190874,190.92564358745398,191.29136657714844,74840300,0.0,0.0,0.0
2016-12-05 00:00:00-05:00,192.13597438855064,192.78905385729067,191.9357004051457,192.4407501220703,67837800,0.0,0.0,0.0
2016-12-06 00:00:00-05:00,192.63235627050042,193.08516183836107,192.14472563754504,193.05032348632812,59877400,0.0,0.0,0.0
2016-12-07 00:00:00-05:00,192.893579906197,195.63650870565746,192.77167225481958,195.5755615234375,110738100,0.0,0.0,0.0
2016-12-08 00:00:00-05:00,195.54943738855104,196.5334015334765,195.27948668255615,196.05447387695312,99714400,0.0,0.0,0.0
2016-12-09 00:00:00-05:00,196.28082099759777,197.2560818890549,196.2459826589411,197.23866271972656,88005800,0.0,0.0,0.0
2016-12-12 00:00:00-05:00,197.14289388886925,197.63053766276522,196.58560000563668,197.0122833251953,102016100,0.0,0.0,0.0
2016-12-13 00:00:00-05:00,197.6827852631288,198.83219810388533,197.66536609203013,198.3271484375,110477500,0.0,0.0,0.0
2016-12-14 00:00:00-05:00,198.0224055631505,198.7364322054452,196.246021969951,196.69012451171875,142501800,0.0,0.0,0.0
2016-12-15 00:00:00-05:00,196.9339572826552,198.37072692479038,196.69884493300032,197.4999542236328,124972600,0.0,0.0,0.0
2016-12-16 00:00:00-05:00,197.96327634628523,198.0245961091604,196.78956690073755,197.1136474609375,156420200,1.329,0.0,0.0
2016-12-19 00:00:00-05:00,197.29760959732033,197.97206021812508,197.1487073448505,197.54286193847656,90341100,0.0,0.0,0.0
2016-12-20 00:00:00-05:00,198.08587913125038,198.45377093458944,197.84939444156495,198.3048553466797,89838800,0.0,0.0,0.0
2016-12-21 00:00:00-05:00,198.17348236486964,198.3486606707061,197.7530517578125,197.7530517578125,67909000,0.0,0.0,0.0
2016-12-22 00:00:00-05:00,197.60419921788719,197.7268253993323,197.00857678997414,197.4114990234375,56219100,0.0,0.0,0.0
2016-12-23 00:00:00-05:00,197.45528054029117,197.70930050416965,197.26259371406596,197.70054626464844,36697800,0.0,0.0,0.0
2016-12-27 00:00:00-05:00,197.97207901779282,198.59396416861887,197.9545571731177,198.19105529785156,42672500,0.0,0.0,0.0
2016-12-28 00:00:00-05:00,198.45382642878695,198.47133490793902,196.43924201044396,196.5531005859375,64095000,0.0,0.0,0.0
2016-12-29 00:00:00-05:00,196.62315116446274,196.98227542304818,196.06257249762803,196.50929260253906,48696100,0.0,0.0,0.0
2016-12-30 00:00:00-05:00,196.84212948328093,196.92972533052694,195.09031946035964,195.79104614257812,108998300,0.0,0.0,0.0
2017-01-03 00:00:00-05:00,197.11364193785758,197.80561432542152,196.09760236442307,197.28883361816406,91366500,0.0,0.0,0.0
2017-01-04 00:00:00-05:00,197.6216954517305,198.6114724468685,197.61294121261665,198.4625701904297,78744400,0.0,0.0,0.0
2017-01-05 00:00:00-05:00,198.19099680302477,198.4625251717175,197.49902447772953,198.3048553466797,78379000,0.0,0.0,0.0
2017-01-06 00:00:00-05:00,198.41879709013514,199.4874024667513,197.8669725561565,199.01441955566406,71559900,0.0,0.0,0.0
2017-01-09 00:00:00-05:00,198.75162225905888,198.89177027764947,198.3224239640942,198.3574676513672,46939700,0.0,0.0,0.0
2017-01-10 00:00:00-05:00,198.374976129753,199.2246051152388,197.96329967842482,198.3574676513672,63771900,0.0,0.0,0.0
2017-01-11 00:00:00-05:00,198.26988569526006,198.91806030273438,197.59543500311463,198.91806030273438,74650000,0.0,0.0,0.0
2017-01-12 00:00:00-05:00,198.3925166393078,198.61149292698911,197.04362858790148,198.41879272460938,72113200,0.0,0.0,0.0
2017-01-13 00:00:00-05:00,198.5939258021125,199.1807805154649,198.55889548478126,198.8742218017578,62717900,0.0,0.0,0.0
2017-01-17 00:00:00-05:00,198.22604458953631,198.63772098005066,197.7793378821744,198.17349243164062,61240800,0.0,0.0,0.0
2017-01-18 00:00:00-05:00,198.42748902786866,198.65523285432198,197.86691042969193,198.61143493652344,54793300,0.0,0.0,0.0
2017-01-19 00:00:00-05:00,198.6902871395807,198.83043514734447,197.43774940397233,197.87570190429688,66608800,0.0,0.0,0.0
2017-01-20 00:00:00-05:00,198.56766322421683,199.10196581527734,197.9282563087673,198.6027069091797,129168600,0.0,0.0,0.0
2017-01-23 00:00:00-05:00,198.6027163796835,198.66402278341727,197.31513488351962,198.08592224121094,75061600,0.0,0.0,0.0
2017-01-24 00:00:00-05:00,198.3048908344697,199.77641821542156,198.19103227043914,199.35598754882812,95555300,0.0,0.0,0.0
2017-01-25 00:00:00-05:00,200.3194812320087,201.08152770996094,200.15305713492432,201.08152770996094,84437700,0.0,0.0,0.0
2017-01-26 00:00:00-05:00,200.93264430370803,201.204186138155,200.59104181580975,200.871337890625,59970700,0.0,0.0,0.0
2017-01-27 00:00:00-05:00,200.95012381585838,201.09902606226532,200.3720233072788,200.55596923828125,59711100,0.0,0.0,0.0
2017-01-30 00:00:00-05:00,199.85523637258981,199.88151245259763,198.3136484293857,199.3121795654297,79737300,0.0,0.0,0.0
2017-01-31 00:00:00-05:00,198.8129120552076,199.3559822405657,198.2348249160031,199.29466247558594,75880800,0.0,0.0,0.0
2017-02-01 00:00:00-05:00,199.29469164402082,200.22314893631955,198.7779108289114,199.37351989746094,79117700,0.0,0.0,0.0
2017-02-02 00:00:00-05:00,199.37355004013952,199.7939941858888,198.67283652773108,199.50494384765625,69657600,0.0,0.0,0.0
2017-02-03 00:00:00-05:00,200.42458967951382,201.063996590958,200.1092633430722,200.8800506591797,80563200,0.0,0.0,0.0
2017-02-06 00:00:00-05:00,200.4683981492491,200.87132038035958,200.17934785926252,200.5209503173828,57790100,0.0,0.0,0.0
2017-02-07 00:00:00-05:00,200.91509394342597,201.1603462751417,200.33699343356045,200.52969360351562,57931200,0.0,0.0,0.0
2017-02-08 00:00:00-05:00,200.52972151690886,200.92387615022838,199.9778970111106,200.79249572753906,51566200,0.0,0.0,0.0
2017-02-09 00:00:00-05:00,200.7924419100114,202.29023178822982,200.7924419100114,201.98367309570312,65955200,0.0,0.0,0.0
2017-02-10 00:00:00-05:00,202.334039755108,203.0084902965613,202.0011916033066,202.78074645996094,66015900,0.0,0.0,0.0
2017-02-13 00:00:00-05:00,203.2800684994301,204.14721940807107,203.25379241419114,203.8844451904297,55182100,0.0,0.0,0.0
2017-02-14 00:00:00-05:00,203.70045873184128,204.7077574716686,203.35010208814003,204.69898986816406,71109000,0.0,0.0,0.0
2017-02-15 00:00:00-05:00,204.47998168558746,205.96026299972243,204.42742953376563,205.76756286621094,86785800,0.0,0.0,0.0
2017-02-16 00:00:00-05:00,205.7939227141237,205.97786868562568,204.83043501960898,205.59246826171875,84722400,0.0,0.0,0.0
2017-02-17 00:00:00-05:00,204.9179423680484,205.91647338867188,204.9004205283188,205.91647338867188,77204100,0.0,0.0,0.0
2017-02-21 00:00:00-05:00,206.29316277350966,207.31797008640237,206.28439516917905,207.14279174804688,88946100,0.0,0.0,0.0
2017-02-22 00:00:00-05:00,206.7311470251939,207.18660810175922,206.5647229003805,206.95887756347656,62115200,0.0,0.0,0.0
2017-02-23 00:00:00-05:00,207.4844146838341,207.50192316372403,206.32821347901145,207.09901428222656,74615900,0.0,0.0,0.0
2017-02-24 00:00:00-05:00,206.24062838824264,207.40557045309748,206.1968304585654,207.36178588867188,82381600,0.0,0.0,0.0
2017-02-27 00:00:00-05:00,207.27414514084487,207.86099984872288,207.0201385881285,207.68582153320312,56515400,0.0,0.0,0.0
2017-02-28 00:00:00-05:00,207.30043772888467,207.5456900631935,206.73110481679277,207.12525939941406,96961900,0.0,0.0,0.0
2017-03-01 00:00:00-05:00,208.8069526553094,210.4974559333412,208.78943081637595,210.0244598388672,149158200,0.0,0.0,0.0
2017-03-02 00:00:00-05:00,209.83181595389684,209.84058355833736,208.64935213123454,208.701904296875,70246000,0.0,0.0,0.0
2017-03-03 00:00:00-05:00,208.614321448839,208.99972184122885,208.2289210564492,208.8332977294922,81974300,0.0,0.0,0.0
2017-03-06 00:00:00-05:00,208.02741883189097,208.57047560627788,207.5982206089168,208.21136474609375,55391500,0.0,0.0,0.0
2017-03-07 00:00:00-05:00,207.9048344262734,208.26395872382068,207.3792860218017,207.58950805664062,65103700,0.0,0.0,0.0
2017-03-08 00:00:00-05:00,207.88729113990556,208.15006531503803,207.0639382949403,207.20408630371094,78168800,0.0,0.0,0.0
2017-03-09 00:00:00-05:00,207.32674040008374,207.7997366520918,206.48587896468285,207.46688842773438,90683900,0.0,0.0,0.0
2017-03-10 00:00:00-05:00,208.43911524738184,208.48291317071084,207.23036206279986,208.19386291503906,81991700,0.0,0.0,0.0
2017-03-13 00:00:00-04:00,208.1325566126249,208.34277863905277,207.79972177734405,208.29898071289062,57256800,0.0,0.0,0.0
2017-03-14 00:00:00-04:00,207.74714442409385,207.7997099516473,206.88000701558448,207.50189208984375,59880800,0.0,0.0,0.0
2017-03-15 00:00:00-04:00,208.08000834443428,209.7267141691669,207.84351023092995,209.29751586914062,96081800,0.0,0.0,0.0
2017-03-16 00:00:00-04:00,209.43767350077397,209.51650175380934,208.5530141422347,208.88584899902344,78344000,0.0,0.0,0.0
2017-03-17 00:00:00-04:00,209.15239352741,209.3459320421903,208.5189971923828,208.5189971923828,89002100,1.033,0.0,0.0
2017-03-20 00:00:00-04:00,208.51898916964197,208.80929693064283,207.8943986060238,208.29026794433594,52537000,0.0,0.0,0.0
2017-03-21 00:00:00-04:00,208.9060931642854,209.0292528281861,205.4839995494054,205.61595153808594,131809300,0.0,0.0,0.0
2017-03-22 00:00:00-04:00,205.65111185614256,206.39006971080795,205.01771557403103,206.09976196289062,97569200,0.0,0.0,0.0
2017-03-23 00:00:00-04:00,206.09979648229657,207.0322929917562,205.501596239774,205.87986755371094,100410300,0.0,0.0,0.0
2017-03-24 00:00:00-04:00,206.1877415037229,206.76834358352616,204.9385469935485,205.73028564453125,112504900,0.0,0.0,0.0
2017-03-27 00:00:00-04:00,204.032398003518,205.7830365825397,203.75089603950516,205.5191192626953,87454500,0.0,0.0,0.0
2017-03-28 00:00:00-04:00,205.21125931200513,207.44573100294122,205.096891989889,207.01467895507812,93483900,0.0,0.0,0.0
2017-03-29 00:00:00-04:00,206.72434288995044,207.44570259435648,206.49560827704212,207.2081756591797,61950400,0.0,0.0,0.0
2017-03-30 00:00:00-04:00,207.14666680525494,208.07037101886775,206.97072634156606,207.86802673339844,56737900,0.0,0.0,0.0
2017-03-31 00:00:00-04:00,207.52494537162823,208.06157252981043,207.33140682779876,207.3842010498047,73733100,0.0,0.0,0.0
2017-04-03 00:00:00-04:00,207.4369354119833,207.63926623582168,205.7742735110285,207.02346801757812,85546500,0.0,0.0,0.0
2017-04-04 00:00:00-04:00,206.73313583996597,207.24337242433558,206.34605888469298,207.1553955078125,56466200,0.0,0.0,0.0
2017-04-05 00:00:00-04:00,207.8415870470272,208.83566989505604,206.3284752560108,206.53961181640625,108800600,0.0,0.0,0.0
2017-04-06 00:00:00-04:00,206.68041191855312,207.64809114955773,206.23174831360507,207.12026977539062,69135800,0.0,0.0,0.0
2017-04-07 00:00:00-04:00,206.86508441843228,207.61284792650767,206.4164343676226,206.90907287597656,74412300,0.0,0.0,0.0
2017-04-10 00:00:00-04:00,207.0499161902078,207.84165505983538,206.4956909274296,207.03231811523438,67615300,0.0,0.0,0.0
2017-04-11 00:00:00-04:00,206.6451919874297,206.8915112850349,205.27283777980216,206.78594970703125,88045300,0.0,0.0,0.0
2017-04-12 00:00:00-04:00,206.5044716171886,206.6980101482157,205.65114630040463,205.87986755371094,81864400,0.0,0.0,0.0
2017-04-13 00:00:00-04:00,205.53676180271023,206.28452546683255,204.5426788330078,204.5426788330078,92880400,0.0,0.0,0.0
2017-04-17 00:00:00-04:00,205.0704831061262,206.35487365722656,204.8681522973437,206.35487365722656,68405400,0.0,0.0,0.0
2017-04-18 00:00:00-04:00,205.60713799075972,206.2845227839929,205.0441205248425,205.7390899658203,83225800,0.0,0.0,0.0
2017-04-19 00:00:00-04:00,206.31091910286315,206.68919039116173,205.13208992376124,205.36082458496094,68699900,0.0,0.0,0.0
2017-04-20 00:00:00-04:00,205.98545414038583,207.4809817749684,205.65996358206755,207.03231811523438,92572200,0.0,0.0,0.0
2017-04-21 00:00:00-04:00,206.9531437307834,207.00592453149395,205.96786632179266,206.37252807617188,110389800,0.0,0.0,0.0
2017-04-24 00:00:00-04:00,208.65092794320535,208.85327218477929,206.3460774950686,208.6421356201172,119209900,0.0,0.0,0.0
2017-04-25 00:00:00-04:00,209.29316839399087,210.2080668287467,209.20519145337744,209.85618591308594,76698300,0.0,0.0,0.0
2017-04-26 00:00:00-04:00,209.82101243983516,210.71832632214534,209.68026811240054,209.7242431640625,84702500,0.0,0.0,0.0
2017-04-27 00:00:00-04:00,210.04966598550175,210.2080083264624,209.35468324890482,209.90011596679688,57410300,0.0,0.0,0.0
2017-04-28 00:00:00-04:00,210.164047787474,210.1904381811399,209.31072259655713,209.44268798828125,63532800,0.0,0.0,0.0
2017-05-01 00:00:00-04:00,209.97052001953125,210.40158551043666,209.54826027589436,209.97052001953125,66882500,0.0,0.0,0.0
2017-05-02 00:00:00-04:00,210.1112709879008,210.2344306351441,209.63623046950377,210.04969787597656,57375700,0.0,0.0,0.0
2017-05-03 00:00:00-04:00,210.0496959619989,210.14646521419363,209.10839383397786,209.79457092285156,73137700,0.0,0.0,0.0
2017-05-04 00:00:00-04:00,210.1024800904246,210.18165127346234,209.17877601813265,210.0408935546875,61462700,0.0,0.0,0.0
2017-05-05 00:00:00-04:00,210.4191934681977,210.88544169989837,209.97052988506988,210.8678436279297,62001300,0.0,0.0,0.0
2017-05-08 00:00:00-04:00,210.91184331211602,211.06139337331285,210.40160658505806,210.83267211914062,48385700,0.0,0.0,0.0
2017-05-09 00:00:00-04:00,211.09657026990993,211.2989011079738,210.28722007086375,210.6391143798828,51363200,0.0,0.0,0.0
2017-05-10 00:00:00-04:00,210.59510479686577,211.01736450195312,210.38396823262508,211.01736450195312,54293800,0.0,0.0,0.0
2017-05-11 00:00:00-04:00,210.5599438331835,210.75348234788254,209.48668967835985,210.58633422851562,62358300,0.0,0.0,0.0
2017-05-12 00:00:00-04:00,210.33119002490577,210.63029009369987,209.96171110050233,210.2344207763672,53912700,0.0,0.0,0.0
2017-05-15 00:00:00-04:00,210.66547963882908,211.51880477921415,210.64788156962905,211.39564514160156,61918900,0.0,0.0,0.0
2017-05-16 00:00:00-04:00,211.6947870854203,211.72117748274485,210.8062790542352,211.2021484375,51241800,0.0,0.0,0.0
2017-05-17 00:00:00-04:00,211.20215884711763,211.20215884711763,207.39298803923725,207.45457458496094,172174100,0.0,0.0,0.0
2017-05-18 00:00:00-04:00,207.37535619632203,209.15238548029933,207.111438829649,208.29026794433594,107047700,0.0,0.0,0.0
2017-05-19 00:00:00-04:00,208.7828868179198,210.32238898415434,208.73010603424902,209.64500427246094,115011400,0.0,0.0,0.0
2017-05-22 00:00:00-04:00,210.16410076356928,210.87668184235318,210.0937353116528,210.70953369140625,61010600,0.0,0.0,0.0
2017-05-23 00:00:00-04:00,211.08772803815702,211.34285304602446,210.70065107683612,211.1757049560547,48341700,0.0,0.0,0.0
2017-05-24 00:00:00-04:00,211.41322338673078,211.77389651945165,211.0701214747748,211.6683349609375,46927700,0.0,0.0,0.0
2017-05-25 00:00:00-04:00,212.18743031117782,212.96158444512395,211.9763071280265,212.68006896972656,64071700,0.0,0.0,0.0
2017-05-26 00:00:00-04:00,212.48648391010195,212.8031820388813,212.40731273375553,212.63604736328125,46629900,0.0,0.0,0.0
2017-05-30 00:00:00-04:00,212.3105819892759,212.70645136618987,212.1522396078688,212.4513397216797,35201900,0.0,0.0,0.0
2017-05-31 00:00:00-04:00,212.75040991085345,212.78560605070194,211.69475391310195,212.39852905273438,91796000,0.0,0.0,0.0
2017-06-01 00:00:00-04:00,212.86478132216672,214.10518351948127,212.57447356811048,214.08758544921875,68962000,0.0,0.0,0.0
2017-06-02 00:00:00-04:00,214.1403993659499,214.9585419672992,213.84129924218632,214.80018615722656,88666100,0.0,0.0,0.0
2017-06-05 00:00:00-04:00,214.6242171149054,214.9145248752129,214.43947093165707,214.64181518554688,44698800,0.0,0.0,0.0
2017-06-06 00:00:00-04:00,214.06999660334293,214.6330140654536,213.8764580922991,213.9556427001953,50375400,0.0,0.0,0.0
2017-06-07 00:00:00-04:00,214.29867491268638,214.58017685803122,213.62129030213197,214.35145568847656,54144300,0.0,0.0,0.0
2017-06-08 00:00:00-04:00,214.4482847024149,214.9409233116498,213.92044995058018,214.4570770263672,65950700,0.0,0.0,0.0
2017-06-09 00:00:00-04:00,214.72979200181555,215.53912879735637,212.8472010283325,214.131591796875,132256400,0.0,0.0,0.0
2017-06-12 00:00:00-04:00,213.88525462308058,214.14036623661178,213.22546793387855,214.08758544921875,86108100,0.0,0.0,0.0
2017-06-13 00:00:00-04:00,214.6330465422912,215.18727176445068,214.28116560900094,215.13449096679688,60067000,0.0,0.0,0.0
2017-06-14 00:00:00-04:00,215.4071594815479,215.41595180500858,214.02599956472935,214.8617401123047,78602300,0.0,0.0,0.0
2017-06-15 00:00:00-04:00,213.48940289323053,214.57146288560133,213.20790084509744,214.44830322265625,66464900,0.0,0.0,0.0
2017-06-16 00:00:00-04:00,214.61007276529654,214.66311095036446,213.60230678243536,214.49514770507812,84553100,1.183,0.0,0.0
2017-06-19 00:00:00-04:00,215.3349606301666,216.34272666070524,215.23771945665595,216.28085327148438,65123800,0.0,0.0,0.0
2017-06-20 00:00:00-04:00,215.91836109701282,215.92719629675076,214.80451893157883,214.8221893310547,56906400,0.0,0.0,0.0
2017-06-21 00:00:00-04:00,215.22003183390044,215.33494340150455,214.2918231589923,214.76918029785156,55977600,0.0,0.0,0.0
2017-06-22 00:00:00-04:00,214.7779953564897,215.28187150811604,214.49510710453126,214.67190551757812,44148100,0.0,0.0,0.0
2017-06-23 00:00:00-04:00,214.73380138224604,215.26419664361987,214.34483676392568,214.92828369140625,66986800,0.0,0.0,0.0
2017-06-26 00:00:00-04:00,215.60896136508327,216.0332937668707,214.8575646951879,215.06971740722656,56700500,0.0,0.0,0.0
2017-06-27 00:00:00-04:00,214.84873936098452,215.1493115504708,213.31941327709154,213.33709716796875,82247700,0.0,0.0,0.0
2017-06-28 00:00:00-04:00,214.3713810197062,215.4498690466252,214.1326957051962,215.24655151367188,70042600,0.0,0.0,0.0
2017-06-29 00:00:00-04:00,215.3968331229798,215.44987130701483,212.12601471520685,213.3547821044922,106949700,0.0,0.0,0.0
2017-06-30 00:00:00-04:00,214.17686711190166,214.55699651888347,213.55806591445335,213.75254821777344,86820700,0.0,0.0,0.0
2017-07-03 00:00:00-04:00,214.70727233430594,215.14927510937568,214.114990234375,214.114990234375,39153800,0.0,0.0,0.0
2017-07-05 00:00:00-04:00,214.4863318904556,214.82224492253332,213.66419948102276,214.61009216308594,54427600,0.0,0.0,0.0
2017-07-06 00:00:00-04:00,213.83213211580804,213.95589237071306,212.46192062223784,212.64756774902344,65400800,0.0,0.0,0.0
2017-07-07 00:00:00-04:00,213.2309964259419,214.17687540247238,212.6563846933973,214.02659606933594,57972300,0.0,0.0,0.0
2017-07-10 00:00:00-04:00,214.0266330871054,214.63659921400546,213.71722567846248,214.2564697265625,36663300,0.0,0.0,0.0
2017-07-11 00:00:00-04:00,214.2564656318349,214.41559367830814,212.91278662688595,214.09735107421875,50354600,0.0,0.0,0.0
2017-07-12 00:00:00-04:00,215.0785708366359,215.87417050202666,215.0785708366359,215.70620727539062,59610400,0.0,0.0,0.0
2017-07-13 00:00:00-04:00,215.71505244400154,216.18357433757396,215.485202352838,216.0686492919922,39471600,0.0,0.0,0.0
2017-07-14 00:00:00-04:00,216.0686653450271,217.43887683828856,215.9714241812768,217.07643127441406,60262700,0.0,0.0,0.0
2017-07-17 00:00:00-04:00,216.99687331693704,217.3858379707121,216.87311306245007,217.04991149902344,33531900,0.0,0.0,0.0
2017-07-18 00:00:00-04:00,216.6344166680204,217.2178636188253,216.28965501324575,217.16482543945312,42742500,0.0,0.0,0.0
2017-07-19 00:00:00-04:00,217.4830591524007,218.3493808542142,217.47421046362857,218.34054565429688,51034300,0.0,0.0,0.0
2017-07-20 00:00:00-04:00,218.5969349907042,218.72069525287176,217.88089251038787,218.4378204345703,47135200,0.0,0.0,0.0
2017-07-21 00:00:00-04:00,217.8543977054793,218.26988152240332,217.62454755807377,218.2433624267578,82340800,0.0,0.0,0.0
2017-07-24 00:00:00-04:00,218.16374452083733,218.3317077495458,217.71290650340043,218.19027709960938,46622300,0.0,0.0,0.0
2017-07-25 00:00:00-04:00,218.95044811725563,219.05653793627945,218.49077502727562,218.72061157226562,54915600,0.0,0.0,0.0
2017-07-26 00:00:00-04:00,219.01242628073805,219.0477805759182,218.4643470278725,218.7295379638672,47575400,0.0,0.0,0.0
2017-07-27 00:00:00-04:00,219.19802167275924,219.23337595959237,217.1824766130623,218.5261688232422,70766600,0.0,0.0,0.0
2017-07-28 00:00:00-04:00,218.04000156858567,218.40244714467178,217.58032831432948,218.2698516845703,50088400,0.0,0.0,0.0
2017-07-31 00:00:00-04:00,218.67651355833647,218.77375473728208,217.933951913038,218.1461181640625,65838700,0.0,0.0,0.0
2017-08-01 00:00:00-04:00,218.7560234233508,218.79137771091519,218.1018544481467,218.63226318359375,55050400,0.0,0.0,0.0
2017-08-02 00:00:00-04:00,218.76487663401554,218.87980168355693,217.79246503525516,218.7383575439453,47211200,0.0,0.0,0.0
2017-08-03 00:00:00-04:00,218.6234503021236,218.6499693943539,218.0311680942188,218.31405639648438,40856000,0.0,0.0,0.0
2017-08-04 00:00:00-04:00,218.80909419369928,219.04776602023483,218.32288836192163,218.71185302734375,60191800,0.0,0.0,0.0
2017-08-07 00:00:00-04:00,218.7825867450916,219.11849975585938,218.67649688324008,219.11849975585938,31995000,0.0,0.0,0.0
2017-08-08 00:00:00-04:00,218.80022503668778,220.03784099170244,218.19910769279753,218.5792236328125,61719400,0.0,0.0,0.0
2017-08-09 00:00:00-04:00,217.88091112377973,218.62347276022146,217.51846550759097,218.5704345703125,62632600,0.0,0.0,0.0
2017-08-10 00:00:00-04:00,217.72174746794335,217.85435640989243,215.43217605216114,215.48521423339844,120479500,0.0,0.0,0.0
2017-08-11 00:00:00-04:00,215.71507432034073,216.4045976860478,215.4763890048709,215.803466796875,74869900,0.0,0.0,0.0
2017-08-14 00:00:00-04:00,217.10293114598088,218.1637351637112,217.067576857227,217.94273376464844,73291900,0.0,0.0,0.0
2017-08-15 00:00:00-04:00,218.3317282730587,218.34941216428388,217.60685059910747,217.91624450683594,55242700,0.0,0.0,0.0
2017-08-16 00:00:00-04:00,218.44666608079208,218.85331466956174,217.86321903602337,218.29638671875,56715500,0.0,0.0,0.0
2017-08-17 00:00:00-04:00,217.67753949662182,217.99578204588454,214.89291381835938,214.89291381835938,128490400,0.0,0.0,0.0
2017-08-18 00:00:00-04:00,214.72494129991622,215.86531600574182,214.10614011672033,214.55699157714844,136748000,0.0,0.0,0.0
2017-08-21 00:00:00-04:00,214.49510847881126,214.990149434056,213.7790661336284,214.72494506835938,65469700,0.0,0.0,0.0
2017-08-22 00:00:00-04:00,215.31725075627253,217.12945144762614,215.29956686736935,216.9703369140625,63140100,0.0,0.0,0.0
2017-08-23 00:00:00-04:00,215.98908056892074,216.62556565263017,215.83880124205245,216.19239807128906,50203800,0.0,0.0,0.0
2017-08-24 00:00:00-04:00,216.58137842415155,216.74049296222074,215.47637139137527,215.68853759765625,50741700,0.0,0.0,0.0
2017-08-25 00:00:00-04:00,216.49295672502564,217.12060660910322,216.04211874442078,216.19239807128906,64445900,0.0,0.0,0.0
2017-08-28 00:00:00-04:00,216.73165871247994,216.75817780227445,215.77693101331138,216.20126342773438,40565600,0.0,0.0,0.0
2017-08-29 00:00:00-04:00,214.86639866962778,216.71396713365286,214.751473625359,216.4487762451172,51135700,0.0,0.0,0.0
2017-08-30 00:00:00-04:00,216.43109251387116,217.74826571292908,216.24544540290603,217.47421264648438,62030800,0.0,0.0,0.0
2017-08-31 00:00:00-04:00,218.10185892002275,219.03006748165947,217.5095767969805,218.7825469970703,103803900,0.0,0.0,0.0
2017-09-01 00:00:00-04:00,219.16264100367235,219.5250864944465,218.9416396296179,219.0919189453125,62007000,0.0,0.0,0.0
2017-09-05 00:00:00-04:00,218.57922138833587,218.80907147887328,216.53717059571395,217.51841735839844,91398800,0.0,0.0,0.0
2017-09-06 00:00:00-04:00,218.2079328930533,218.59689750426537,217.6686889527556,218.26097106933594,57916900,0.0,0.0,0.0
2017-09-07 00:00:00-04:00,218.57040829237044,218.5880921831667,217.81899805537785,218.23448181152344,58034700,0.0,0.0,0.0
2017-09-08 00:00:00-04:00,217.94275111605978,218.44664082069022,217.73059838893624,217.97811889648438,63832800,0.0,0.0,0.0
2017-09-11 00:00:00-04:00,219.26874113779232,220.38259681674813,219.25107073792515,220.30303955078125,71364800,0.0,0.0,0.0
2017-09-12 00:00:00-04:00,220.6743582441796,221.08099333275726,220.48871110279782,221.04563903808594,56896000,0.0,0.0,0.0
2017-09-13 00:00:00-04:00,220.75387255358973,221.18704013992536,220.63894751277826,221.15167236328125,59228000,0.0,0.0,0.0
2017-09-14 00:00:00-04:00,220.82460743905744,221.28429414013817,220.64780901213572,221.08096313476562,95446300,0.0,0.0,0.0
2017-09-15 00:00:00-04:00,220.93438945191892,221.46741695465352,220.82778666253142,221.3785858154297,95432400,1.235,0.0,0.0
2017-09-18 00:00:00-04:00,221.75170253023725,222.20477792743847,221.4585313123552,221.84942626953125,46235200,0.0,0.0,0.0
2017-09-19 00:00:00-04:00,222.09822968259007,222.16042369368526,221.742877937418,222.0715789794922,47108100,0.0,0.0,0.0
2017-09-20 00:00:00-04:00,222.1603971204373,222.2669999200778,221.13873725262098,222.15150451660156,59574100,0.0,0.0,0.0
2017-09-21 00:00:00-04:00,221.99160704423952,222.08043819469898,221.37861381613365,221.55628967285156,48211400,0.0,0.0,0.0
2017-09-22 00:00:00-04:00,221.25418964416951,221.76945900192766,221.2275389494403,221.6006622314453,51214000,0.0,0.0,0.0
2017-09-25 00:00:00-04:00,221.34307629841913,221.69844157694504,220.3925029844358,221.1476287841797,57064400,0.0,0.0,0.0
2017-09-26 00:00:00-04:00,221.58290353326592,221.83165240247385,221.04098344910648,221.28085327148438,54082000,0.0,0.0,0.0
2017-09-27 00:00:00-04:00,221.99158350259378,222.53350361938342,221.09429815425497,222.14260864257812,81001400,0.0,0.0,0.0
2017-09-28 00:00:00-04:00,221.85832117945728,222.48908600650904,221.7694900365274,222.4091339111328,44778800,0.0,0.0,0.0
2017-09-29 00:00:00-04:00,222.4002641286031,223.27089888691847,222.21370922024923,223.19093322753906,85578000,0.0,0.0,0.0
2017-10-02 00:00:00-04:00,223.42190361112597,224.15927124023438,223.24421421168938,224.15927124023438,59023000,0.0,0.0,0.0
2017-10-03 00:00:00-04:00,224.15925096077743,224.66562774712608,224.0792853159462,224.63897705078125,66810200,0.0,0.0,0.0
2017-10-04 00:00:00-04:00,224.48797189051444,225.1542664700039,224.37247649221428,224.905517578125,55953600,0.0,0.0,0.0
2017-10-05 00:00:00-04:00,225.24307386732843,226.25584097914856,224.941023609862,226.2380828857422,63522800,0.0,0.0,0.0
2017-10-06 00:00:00-04:00,225.78505174370227,226.2736705533919,225.51854471641695,225.98049926757812,80646000,0.0,0.0,0.0
2017-10-09 00:00:00-04:00,226.21141382637595,226.27359425984358,225.340779311466,225.6072998046875,35803100,0.0,0.0,0.0
2017-10-10 00:00:00-04:00,226.1848328449448,226.5846069300935,225.63402004097583,226.2025909423828,43057400,0.0,0.0,0.0
2017-10-11 00:00:00-04:00,226.10483338614543,226.55792236328125,225.93605015091572,226.55792236328125,47674300,0.0,0.0,0.0
2017-10-12 00:00:00-04:00,226.2381085652826,226.59346025489597,225.98046706788455,226.2203369140625,47065100,0.0,0.0,0.0
2017-10-13 00:00:00-04:00,226.66450905931413,226.78000444619389,226.22031271691085,226.49571228027344,54800400,0.0,0.0,0.0
2017-10-16 00:00:00-04:00,226.72674628689944,226.99325329852243,226.3802736159904,226.7978057861328,38221700,0.0,0.0,0.0
2017-10-17 00:00:00-04:00,226.74449873572144,227.00214024827147,226.52240052770185,226.9577178955078,31561000,0.0,0.0,0.0
2017-10-18 00:00:00-04:00,227.33969849917546,227.38412084767796,226.98434682275044,227.17979431152344,40888300,0.0,0.0,0.0
2017-10-19 00:00:00-04:00,226.38912443450863,227.27751717793683,225.96269971328636,227.24197387695312,61903800,0.0,0.0,0.0
2017-10-20 00:00:00-04:00,228.0503947031144,228.44128962193543,227.22418252364346,228.41461181640625,89176400,0.0,0.0,0.0
2017-10-23 00:00:00-04:00,228.7433352290716,228.7699859224706,227.4462625194124,227.52621459960938,63915300,0.0,0.0,0.0
2017-10-24 00:00:00-04:00,227.96162973399143,228.16594275509905,227.56184207352797,227.92608642578125,66935900,0.0,0.0,0.0
2017-10-25 00:00:00-04:00,227.58847488414568,227.70397029304843,225.6517849687565,226.7978057861328,103715300,0.0,0.0,0.0
2017-10-26 00:00:00-04:00,227.4196874683775,227.69507352341705,226.9665984453088,227.09097290039062,69798000,0.0,0.0,0.0
2017-10-27 00:00:00-04:00,227.84610969879103,229.107639443749,227.09986297660652,228.9477081298828,85562500,0.0,0.0,0.0
2017-10-30 00:00:00-04:00,227.84608449414554,228.8499726166653,227.7927830992856,228.09483337402344,54285700,0.0,0.0,0.0
2017-10-31 00:00:00-04:00,228.47683075055878,228.70782153096948,228.1481297855706,228.45018005371094,60304800,0.0,0.0,0.0
2017-11-01 00:00:00-04:00,229.24089061821564,229.5873497196135,228.37914849927586,228.75225830078125,54202700,0.0,0.0,0.0
2017-11-02 00:00:00-04:00,228.6811755275451,228.98322580188466,227.59733531416452,228.84107971191406,56449500,0.0,0.0,0.0
2017-11-03 00:00:00-04:00,229.00092924659307,229.64946554389064,228.58338367932248,229.6050567626953,59589700,0.0,0.0,0.0
2017-11-06 00:00:00-05:00,229.47189311264668,230.09377903576245,229.4008336042115,229.9605255126953,49652600,0.0,0.0,0.0
2017-11-07 00:00:00-05:00,230.06707461085847,230.40466819820222,229.28528464260881,229.80056762695312,57502200,0.0,0.0,0.0
2017-11-08 00:00:00-05:00,229.62286427381525,230.2891588046777,229.33857210053142,230.19142150878906,50469600,0.0,0.0,0.0
2017-11-09 00:00:00-05:00,228.96544357265958,229.55178596513505,227.74832288900484,229.35633850097656,95085500,0.0,0.0,0.0
2017-11-10 00:00:00-05:00,228.9654699484445,229.46296771241347,228.64563446498173,229.2852783203125,59984700,0.0,0.0,0.0
2017-11-13 00:00:00-05:00,228.5923233278234,229.729464898662,228.556780028599,229.49847412109375,50228600,0.0,0.0,0.0
2017-11-14 00:00:00-05:00,228.68114669867177,229.0720416189138,227.89046425631236,228.96543884277344,61315200,0.0,0.0,0.0
2017-11-15 00:00:00-05:00,227.97936220938584,228.51240332622774,227.099861989135,227.8194580078125,80811500,0.0,0.0,0.0
2017-11-16 00:00:00-05:00,228.77891175694808,230.12928620958996,228.73450296009963,229.7561492919922,67777000,0.0,0.0,0.0
2017-11-17 00:00:00-05:00,229.40075281272019,229.7294537577229,229.0009652727161,229.08091735839844,75756800,0.0,0.0,0.0
2017-11-20 00:00:00-05:00,229.32969804685982,229.66726448948756,229.08092207082962,229.47181701660156,48075500,0.0,0.0,0.0
2017-11-21 00:00:00-05:00,230.25362487151924,231.1598028217743,229.43631872957366,230.9732208251953,69176800,0.0,0.0,0.0
2017-11-22 00:00:00-05:00,230.98212649333587,231.11537999014735,230.60012409861082,230.7689208984375,45033400,0.0,0.0,0.0
2017-11-24 00:00:00-05:00,231.2664094691777,231.40855556397196,231.12426337438342,231.3019256591797,27856500,0.0,0.0,0.0
2017-11-27 00:00:00-05:00,231.34638186495982,231.6484321760546,230.98213754851082,231.1864776611328,52274900,0.0,0.0,0.0
2017-11-28 00:00:00-05:00,231.65728847942782,233.55843475407886,231.55955118467264,233.5317840576172,98971700,0.0,0.0,0.0
2017-11-29 00:00:00-05:00,233.66504801715035,234.20698168496205,232.93658657733684,233.3896484375,77512100,0.0,0.0,0.0
2017-11-30 00:00:00-05:00,234.32246203048982,236.35686174801987,234.24250994265438,235.43295288085938,127894400,0.0,0.0,0.0
2017-12-01 00:00:00-05:00,235.21093113029713,235.6995364185693,231.65735925456687,234.94439697265625,164390900,0.0,0.0,0.0
2017-12-04 00:00:00-05:00,236.58787709000381,237.02318087284473,234.60675144703325,234.6600799560547,94040600,0.0,0.0,0.0
2017-12-05 00:00:00-05:00,233.8161163330078,235.55735872755614,233.68286282784308,233.8161163330078,77994500,0.0,0.0,0.0
2017-12-06 00:00:00-05:00,233.91380554767466,234.29583504367125,233.38965706665118,233.86050415039062,75898600,0.0,0.0,0.0
2017-12-07 00:00:00-05:00,234.59783935546875,234.91764767649664,233.593951384036,234.59783935546875,77218600,0.0,0.0,0.0
2017-12-08 00:00:00-05:00,235.56623910319425,235.8860474989879,234.5623508970695,235.87718200683594,76563900,0.0,0.0,0.0
2017-12-11 00:00:00-05:00,236.5878448486328,236.650038841019,235.85049087699895,236.5878448486328,83077500,0.0,0.0,0.0
2017-12-12 00:00:00-05:00,237.38744981277694,237.4851871259366,236.62344496261366,237.0054473876953,85195800,0.0,0.0,0.0
2017-12-13 00:00:00-05:00,237.25414406535788,237.69834039995365,236.88989981759823,236.97874450683594,102905400,0.0,0.0,0.0
2017-12-14 00:00:00-05:00,237.2808322224481,237.39632762553205,235.95713561207953,236.01043701171875,100666700,0.0,0.0,0.0
2017-12-15 00:00:00-05:00,237.02930709553715,238.44906868123533,236.97573324326018,237.97581481933594,144610300,1.351,0.0,0.0
2017-12-18 00:00:00-05:00,239.3955339423232,239.84200079889217,239.28838625677454,239.48483276367188,83653600,0.0,0.0,0.0
2017-12-19 00:00:00-05:00,239.7348655566302,239.77950134453414,238.4936745508615,238.56512451171875,82382900,0.0,0.0,0.0
2017-12-20 00:00:00-05:00,239.54735376397238,239.60092761487635,238.13653027320333,238.44012451171875,76751500,0.0,0.0,0.0
2017-12-21 00:00:00-05:00,239.07410132434148,239.65453012952233,238.68120824860918,238.9312286376953,67032300,0.0,0.0,0.0
2017-12-22 00:00:00-05:00,238.94905888151953,238.98478385886727,238.32399440371458,238.8686981201172,78720900,0.0,0.0,0.0
2017-12-26 00:00:00-05:00,238.4579534864564,238.80621073845916,238.3151080627476,238.58297729492188,45244400,0.0,0.0,0.0
2017-12-27 00:00:00-05:00,238.75259422260243,239.0651264377347,238.42221314524053,238.6990203857422,57751000,0.0,0.0,0.0
2017-12-28 00:00:00-05:00,239.20807692388186,239.2348638510284,238.81518382561268,239.19020080566406,45116100,0.0,0.0,0.0
2017-12-29 00:00:00-05:00,239.77951098894385,239.7973598547882,238.0918802857285,238.28829956054688,96007400,0.0,0.0,0.0
2018-01-02 00:00:00-05:00,239.16333742899855,240.02948413010924,238.77044445631918,239.99375915527344,86655700,0.0,0.0,0.0
2018-01-03 00:00:00-05:00,240.16342599972018,241.66357523639044,240.16342599972018,241.5117645263672,90070400,0.0,0.0,0.0
2018-01-04 00:00:00-05:00,242.1635995544183,243.02080816739482,241.5742601173187,242.52967834472656,80636400,0.0,0.0,0.0
2018-01-05 00:00:00-05:00,243.3333469441399,244.2709163351994,242.83330630221866,244.1459197998047,83524000,0.0,0.0,0.0
2018-01-08 00:00:00-05:00,244.04774918250882,244.75317455642622,243.7530930010985,244.5924530029297,57319200,0.0,0.0,0.0
2018-01-09 00:00:00-05:00,245.02100281274315,245.78000191082228,244.7352574875553,245.14602661132812,57254000,0.0,0.0,0.0
2018-01-10 00:00:00-05:00,244.37810306228528,245.03889256984448,243.69949193989893,244.77099609375,69574300,0.0,0.0,0.0
2018-01-11 00:00:00-05:00,245.33352422937918,246.5568389892578,245.163864653174,246.5568389892578,62361500,0.0,0.0,0.0
2018-01-12 00:00:00-05:00,246.8247382822664,248.333771121932,246.5211168528001,248.1641387939453,90816100,0.0,0.0,0.0
2018-01-16 00:00:00-05:00,249.44101279675255,250.10177495708632,246.6104012244716,247.31582641601562,106555100,0.0,0.0,0.0
2018-01-17 00:00:00-05:00,248.2624094697237,250.0661261256182,247.3159017220565,249.67323303222656,113258800,0.0,0.0,0.0
2018-01-18 00:00:00-05:00,249.557103689273,249.98569439665826,248.75344161258136,249.25350952148438,100728000,0.0,0.0,0.0
2018-01-19 00:00:00-05:00,249.842945575293,250.3876495361328,249.25363306055377,250.3876495361328,140920100,0.0,0.0,0.0
2018-01-22 00:00:00-05:00,250.1732029003077,252.4233856201172,250.1196018175361,252.4233856201172,91322400,0.0,0.0,0.0
2018-01-23 00:00:00-05:00,252.468113795589,253.25389996156576,252.1377326235713,252.95924377441406,97084700,0.0,0.0,0.0
2018-01-24 00:00:00-05:00,253.61102296179513,254.21823859582332,251.6644340105242,252.8609619140625,134816100,0.0,0.0,0.0
2018-01-25 00:00:00-05:00,253.73606159662364,253.8342712305592,252.16448945224718,252.96812438964844,84587300,0.0,0.0,0.0
2018-01-26 00:00:00-05:00,253.81647902973307,255.94166622209556,253.5575205503642,255.89700317382812,107743100,0.0,0.0,0.0
2018-01-29 00:00:00-05:00,255.3165149758808,255.76298180607688,254.0396263815615,254.20034790039062,90118300,0.0,0.0,0.0
2018-01-30 00:00:00-05:00,252.34304803600475,254.25391182463443,251.1107952726912,251.59298706054688,131796400,0.0,0.0,0.0
2018-01-31 00:00:00-05:00,252.45912193634416,252.96807336893733,250.62859173960774,251.7179718017578,108364800,0.0,0.0,0.0
2018-02-01 00:00:00-05:00,250.97684287236913,252.75377194112662,250.62858570302302,251.43222045898438,90102500,0.0,0.0,0.0
2018-02-02 00:00:00-05:00,250.09283208853986,250.22679392942146,245.9228474134488,245.9585723876953,173174800,0.0,0.0,0.0
2018-02-05 00:00:00-05:00,244.17271215502078,246.31574741814015,235.11835206186385,235.67196655273438,294681800,0.0,0.0,0.0
2018-02-06 00:00:00-05:00,232.10921332677114,240.82425590384224,231.0019841387644,240.31527709960938,355026800,0.0,0.0,0.0
2018-02-07 00:00:00-05:00,239.75270442027718,243.19941550802307,238.93119340574353,239.01158142089844,167376100,0.0,0.0,0.0
2018-02-08 00:00:00-05:00,239.31516476564644,239.45803742474712,230.01078381174398,230.0465087890625,246449500,0.0,0.0,0.0
2018-02-09 00:00:00-05:00,232.87705659291157,235.38619766310995,225.84074955488364,233.5021209716797,283565300,0.0,0.0,0.0
2018-02-12 00:00:00-05:00,235.58270680654945,238.42225693249392,233.64505576718005,236.93104553222656,143736000,0.0,0.0,0.0
2018-02-13 00:00:00-05:00,235.70768582977223,238.07395444330726,235.1183463778816,237.5203399658203,81223600,0.0,0.0,0.0
2018-02-14 00:00:00-05:00,236.0112641008299,241.09205817346196,236.0023260452878,240.7259521484375,120735700,0.0,0.0,0.0
2018-02-15 00:00:00-05:00,242.49403851593243,243.80665229145174,239.99380752675532,243.79771423339844,111200300,0.0,0.0,0.0
2018-02-16 00:00:00-05:00,243.1637273180991,245.84252858989026,243.1190642801305,243.86912536621094,160420100,0.0,0.0,0.0
2018-02-20 00:00:00-05:00,242.9047920606293,244.36921664226634,241.53860437174998,242.3422393798828,86369700,0.0,0.0,0.0
2018-02-21 00:00:00-05:00,242.7886514351858,245.30673084178218,241.03850912961417,241.13671875,98883700,0.0,0.0,0.0
2018-02-22 00:00:00-05:00,242.07429841337333,243.81550254013771,240.7706230197158,241.44923400878906,110511300,0.0,0.0,0.0
2018-02-23 00:00:00-05:00,242.69046977402036,245.29782104492188,242.20827792248505,245.29782104492188,92766400,0.0,0.0,0.0
2018-02-26 00:00:00-05:00,246.38717511543462,248.24449236459864,245.78892483097576,248.14625549316406,86491400,0.0,0.0,0.0
2018-02-27 00:00:00-05:00,248.33381095392883,249.05711241641015,244.98530913764193,245.04782104492188,99099200,0.0,0.0,0.0
2018-02-28 00:00:00-05:00,246.1639358570598,246.61934072708038,242.24397140293527,242.56541442871094,121907800,0.0,0.0,0.0
2018-03-01 00:00:00-05:00,242.3511833785578,243.9227556997758,237.5204079026958,239.0384063720703,176855100,0.0,0.0,0.0
2018-03-02 00:00:00-05:00,237.34183807193224,240.8421512206665,236.4667802223853,240.27066040039062,139083200,0.0,0.0,0.0
2018-03-05 00:00:00-05:00,239.0651460628237,243.67268716224075,238.95797113013379,243.04762268066406,97307400,0.0,0.0,0.0
2018-03-06 00:00:00-05:00,244.0387895079489,244.11917752775534,242.14577426730017,243.6637725830078,79213200,0.0,0.0,0.0
2018-03-07 00:00:00-05:00,241.467167485071,243.93164621538344,241.27072096126133,243.57447814941406,87063500,0.0,0.0,0.0
2018-03-08 00:00:00-05:00,244.26201340399055,244.8781398639161,243.25302116906514,244.75314331054688,66901200,0.0,0.0,0.0
2018-03-09 00:00:00-05:00,246.18189638019655,249.01248168945312,245.86042599402387,249.01248168945312,113625300,0.0,0.0,0.0
2018-03-12 00:00:00-04:00,249.30718225728916,249.94115776356895,248.30707329292315,248.69996643066406,71924800,0.0,0.0,0.0
2018-03-13 00:00:00-04:00,249.8785542737333,250.38753300431205,246.47647918015616,247.0926055908203,91968900,0.0,0.0,0.0
2018-03-14 00:00:00-04:00,248.06590298990577,248.25341143230128,245.26210541011807,245.8246307373047,105895100,0.0,0.0,0.0
2018-03-15 00:00:00-04:00,246.34264054167,246.99446493282915,245.04787531919777,245.55685424804688,83433000,0.0,0.0,0.0
2018-03-16 00:00:00-04:00,246.09203169598706,246.8899388474376,245.76930118033385,245.82308959960938,100343700,1.097,0.0,0.0
2018-03-19 00:00:00-04:00,245.06110408215233,246.00242898455699,240.82060037354321,242.4970703125,109208400,0.0,0.0,0.0
2018-03-20 00:00:00-04:00,242.90043471387057,243.55489689858746,242.219078322073,242.90940856933594,59757300,0.0,0.0,0.0
2018-03-21 00:00:00-04:00,242.86458289121484,244.98930747061036,242.22806837486618,242.44322204589844,78709600,0.0,0.0,0.0
2018-03-22 00:00:00-04:00,240.18397527759558,241.0446171377778,236.10483873743374,236.38278198242188,148785900,0.0,0.0,0.0
2018-03-23 00:00:00-04:00,236.83103934284554,237.16274363819042,231.1471423321314,231.34437561035156,183534800,0.0,0.0,0.0
2018-03-26 00:00:00-04:00,235.0021846410622,237.9606568731258,232.56367620179614,237.67376708984375,141956100,0.0,0.0,0.0
2018-03-27 00:00:00-04:00,238.62409120884507,239.1619753495043,232.05265724419917,233.63052368164062,129941400,0.0,0.0,0.0
2018-03-28 00:00:00-04:00,233.76503273859893,235.45945013521802,231.81959358240516,232.9402313232422,146452300,0.0,0.0,0.0
2018-03-29 00:00:00-04:00,234.09666615523935,237.8082303600339,232.94913455092197,235.9165802001953,111601600,0.0,0.0,0.0
2018-04-02 00:00:00-04:00,235.3787222857988,235.89871347931964,228.31423180564477,230.824462890625,186286300,0.0,0.0,0.0
2018-04-03 00:00:00-04:00,232.0795647520181,234.26705158045132,230.2596503469783,233.78292846679688,119956900,0.0,0.0,0.0
2018-04-04 00:00:00-04:00,230.17890402050222,237.0013308475119,230.04443301484483,236.2841339111328,123715300,0.0,0.0,0.0
2018-04-05 00:00:00-04:00,238.0682310599428,239.04545108335924,236.96554121662078,238.14894104003906,82652600,0.0,0.0,0.0
2018-04-06 00:00:00-04:00,236.158665790137,237.67374245253924,231.2995697670115,232.84156799316406,179521200,0.0,0.0,0.0
2018-04-09 00:00:00-04:00,234.3208095403495,237.43170027123313,233.03880683274875,233.98910522460938,105442900,0.0,0.0,0.0
2018-04-10 00:00:00-04:00,236.92075288524492,238.5075935307926,235.76427436649834,237.70968627929688,103529000,0.0,0.0,0.0
2018-04-11 00:00:00-04:00,236.2035206418897,238.14895962582042,236.13181187092644,236.46351623535156,91140200,0.0,0.0,0.0
2018-04-12 00:00:00-04:00,237.80825863213235,239.36817732488683,237.62894568291964,238.40890502929688,68890500,0.0,0.0,0.0
2018-04-13 00:00:00-04:00,239.73580819044653,239.85235889992987,236.68767882559973,237.70968627929688,85079200,0.0,0.0,0.0
2018-04-16 00:00:00-04:00,239.36819568877115,240.44401874795307,238.53444786552944,239.66403198242188,63405300,0.0,0.0,0.0
2018-04-17 00:00:00-04:00,241.45704497473167,242.83767814233812,240.93708117253283,242.22805786132812,64682000,0.0,0.0,0.0
2018-04-18 00:00:00-04:00,242.6763365124695,243.22319457559837,241.941191617719,242.4073944091797,57303900,0.0,0.0,0.0
2018-04-19 00:00:00-04:00,241.74393586309262,241.95014302936482,240.01367798736126,241.06260681152344,77655900,0.0,0.0,0.0
2018-04-20 00:00:00-04:00,240.9908879342314,241.21501546866372,238.12204454977083,239.0185546875,99953100,0.0,0.0,0.0
2018-04-23 00:00:00-04:00,239.60126007524852,240.16606572614936,237.88892277274272,238.982666015625,65558000,0.0,0.0,0.0
2018-04-24 00:00:00-04:00,240.02269050307075,240.2468180575601,234.24018865351775,235.76426696777344,112885500,0.0,0.0,0.0
2018-04-25 00:00:00-04:00,235.70145078323003,236.7951940933804,233.85464234533399,236.34693908691406,103840900,0.0,0.0,0.0
2018-04-26 00:00:00-04:00,237.38690259297826,239.59230964415525,236.93864757025767,238.7495880126953,67731900,0.0,0.0,0.0
2018-04-27 00:00:00-04:00,239.36820627254386,239.67301643561544,238.02344106876552,238.97373962402344,57053600,0.0,0.0,0.0
2018-04-30 00:00:00-04:00,239.60128212744596,240.16608783032984,237.06414339216047,237.13587951660156,82182300,0.0,0.0,0.0
2018-05-01 00:00:00-04:00,236.56212575524754,237.66484307442914,234.98425915726114,237.55726623535156,74203400,0.0,0.0,0.0
2018-05-02 00:00:00-04:00,237.35997909078216,238.18475290957704,235.5669592211961,235.96142578125,86368900,0.0,0.0,0.0
2018-05-03 00:00:00-04:00,235.11869108281218,236.10483006839294,232.24087465463276,235.44142150878906,136311500,0.0,0.0,0.0
2018-05-04 00:00:00-04:00,234.4552982833255,239.1799237538993,234.12359394251877,238.48959350585938,91222100,0.0,0.0,0.0
2018-05-07 00:00:00-04:00,239.26956880686842,240.28260213255726,238.57026473674105,239.2964630126953,55304900,0.0,0.0,0.0
2018-05-08 00:00:00-04:00,238.91991677180474,239.6640080392247,237.70962279096653,239.2964630126953,67499200,0.0,0.0,0.0
2018-05-09 00:00:00-04:00,239.97778132946294,241.9411403453582,239.44884373220668,241.60943603515625,59666100,0.0,0.0,0.0
2018-05-10 00:00:00-04:00,242.36250687136513,244.2003687623424,242.25493005029594,243.86863708496094,72063900,0.0,0.0,0.0
2018-05-11 00:00:00-04:00,243.99412269302337,244.88165868457517,243.4741316617215,244.6127166748047,59871500,0.0,0.0,0.0
2018-05-14 00:00:00-04:00,245.0520548277236,245.71546351256856,244.17346512562753,244.7293243408203,54790600,0.0,0.0,0.0
2018-05-15 00:00:00-04:00,243.4831654545452,243.50108580650502,242.0846119408318,243.04388427734375,87036100,0.0,0.0,0.0
2018-05-16 00:00:00-04:00,243.07971788856682,244.53205961163331,243.05279632546873,244.06585693359375,53942600,0.0,0.0,0.0
2018-05-17 00:00:00-04:00,243.79690265820463,244.953408081574,243.07073183312193,243.8596649169922,56536400,0.0,0.0,0.0
2018-05-18 00:00:00-04:00,243.5100566115544,243.87762901699577,242.89146248524034,243.25006103515625,64368000,0.0,0.0,0.0
2018-05-21 00:00:00-04:00,244.75618801039428,245.62580374847124,244.36172144718543,245.07891845703125,58025900,0.0,0.0,0.0
2018-05-22 00:00:00-04:00,245.60786167028266,245.86785722001989,244.06586344038257,244.39756774902344,52966400,0.0,0.0,0.0
2018-05-23 00:00:00-04:00,243.10659953667331,245.0968525919811,242.94520696298082,245.06993103027344,64694200,0.0,0.0,0.0
2018-05-24 00:00:00-04:00,244.66656246182805,244.9444783902108,242.7569916666517,244.56793212890625,76043800,0.0,0.0,0.0
2018-05-25 00:00:00-04:00,243.9851837158203,244.62169813613585,243.4741664649003,243.9851837158203,56374800,0.0,0.0,0.0
2018-05-29 00:00:00-04:00,242.3355825498337,243.10659527053457,240.0494933082765,241.1790771484375,115908600,0.0,0.0,0.0
2018-05-30 00:00:00-04:00,242.5059448605848,244.84582273028147,242.43423610168114,244.39756774902344,69678400,0.0,0.0,0.0
2018-05-31 00:00:00-04:00,243.98515992611107,244.2899700041377,242.29077046894673,242.900390625,93519900,0.0,0.0,0.0
2018-06-01 00:00:00-04:00,244.21826151971214,245.58992055199434,244.14652540756205,245.2851104736328,71258400,0.0,0.0,0.0
2018-06-04 00:00:00-04:00,246.118933435263,246.7106334247141,245.87688554111799,246.4506378173828,45385200,0.0,0.0,0.0
2018-06-05 00:00:00-04:00,246.5850714132428,247.01540607456243,245.80511206904413,246.62991333007812,51135000,0.0,0.0,0.0
2018-06-06 00:00:00-04:00,247.2485264128028,248.79947136500795,246.62095840345896,248.69189453125,62732200,0.0,0.0,0.0
2018-06-07 00:00:00-04:00,249.18495386560969,249.4807901137658,247.74155860583224,248.6649627685547,72969400,0.0,0.0,0.0
2018-06-08 00:00:00-04:00,248.19878067966252,249.4538891152985,248.02844160347135,249.4001007080078,72139700,0.0,0.0,0.0
2018-06-11 00:00:00-04:00,249.62423470604864,250.45798240012496,249.5076840341065,249.7318115234375,58892500,0.0,0.0,0.0
2018-06-12 00:00:00-04:00,250.15316839098313,250.42211043025506,249.40010332170945,250.0545654296875,72329000,0.0,0.0,0.0
2018-06-13 00:00:00-04:00,250.29659230352132,250.55658782591857,249.0504304541947,249.2566375732422,79070600,0.0,0.0,0.0
2018-06-14 00:00:00-04:00,250.13529908473205,250.42216153205592,249.28360352105128,249.88427734375,77097600,0.0,0.0,0.0
2018-06-15 00:00:00-04:00,249.08816215898443,249.90765288476533,247.96249261513702,249.56544494628906,120041600,1.246,0.0,0.0
2018-06-18 00:00:00-04:00,248.08852913331063,249.1781969327101,247.60225972492287,249.05210876464844,52917600,0.0,0.0,0.0
2018-06-19 00:00:00-04:00,246.7468067868435,248.32274442143103,246.32355386569603,248.0976104736328,97531500,0.0,0.0,0.0
2018-06-20 00:00:00-04:00,248.79094740260132,249.19619939442916,248.1785898221112,248.5207977294922,53785500,0.0,0.0,0.0
2018-06-21 00:00:00-04:00,248.51182841410815,248.5298567170107,246.45860808156138,246.96290588378906,71061400,0.0,0.0,0.0
2018-06-22 00:00:00-04:00,248.2417130731721,248.35878712957677,247.18807404770283,247.4132080078125,54898500,0.0,0.0,0.0
2018-06-25 00:00:00-04:00,246.24244445165778,246.4045342559002,242.33412343932736,244.04513549804688,137854200,0.0,0.0,0.0
2018-06-26 00:00:00-04:00,244.62150885611223,245.44998623598397,243.85604808315506,244.58547973632812,68547400,0.0,0.0,0.0
2018-06-27 00:00:00-04:00,245.17984240863163,246.62969159917603,242.40617724438712,242.5592803955078,105110700,0.0,0.0,0.0
2018-06-28 00:00:00-04:00,242.5053041511437,244.72061462347196,241.78485898953537,243.9461669921875,76650500,0.0,0.0,0.0
2018-06-29 00:00:00-04:00,245.0537029520131,246.44053524395227,244.1801824637487,244.29725646972656,97592500,0.0,0.0,0.0
2018-07-02 00:00:00-04:00,242.70337378683755,244.98172790046,242.4602115707859,244.81961059570312,63554800,0.0,0.0,0.0
2018-07-03 00:00:00-04:00,245.72918038977787,245.8282536108632,243.5228843393062,243.9551239013672,42187100,0.0,0.0,0.0
2018-07-05 00:00:00-04:00,245.0987885356565,246.00831081191626,244.00912066275424,245.9452667236328,56925900,0.0,0.0,0.0
2018-07-06 00:00:00-04:00,245.97235327527386,248.40378336364716,245.58510200793503,248.02557373046875,66493700,0.0,0.0,0.0
2018-07-09 00:00:00-04:00,249.04310629654478,250.31286477566684,248.9980905099335,250.2588348388672,50550400,0.0,0.0,0.0
2018-07-10 00:00:00-04:00,250.71817008972332,251.2584970547654,250.4209778919732,251.159423828125,51966800,0.0,0.0,0.0
2018-07-11 00:00:00-04:00,249.58342863625535,250.38491848790764,249.01608682794685,249.322265625,77054700,0.0,0.0,0.0
2018-07-12 00:00:00-04:00,250.6010610352332,251.6366715423023,249.98870338540397,251.5826416015625,60124700,0.0,0.0,0.0
2018-07-13 00:00:00-04:00,251.40258260354474,252.0869710997811,250.94330056727998,251.78079223632812,48216000,0.0,0.0,0.0
2018-07-16 00:00:00-04:00,251.82584128856843,251.96990283053267,251.10539616789063,251.5556640625,48201000,0.0,0.0,0.0
2018-07-17 00:00:00-04:00,250.77214053525054,252.96944951812273,250.71811059978356,252.57321166992188,52315500,0.0,0.0,0.0
2018-07-18 00:00:00-04:00,252.65422446106066,253.21255204469966,252.20395673462133,253.1044921875,44593500,0.0,0.0,0.0
2018-07-19 00:00:00-04:00,252.42920358962976,252.8164274119772,251.6637426156168,252.15003967285156,61412100,0.0,0.0,0.0
2018-07-20 00:00:00-04:00,251.94281552978603,252.5822155437392,251.6996808300764,251.8617706298828,82337700,0.0,0.0,0.0
2018-07-23 00:00:00-04:00,251.65470688227376,252.53721426048395,251.30348477547486,252.33010864257812,47047600,0.0,0.0,0.0
2018-07-24 00:00:00-04:00,253.761894490617,254.45529689993342,252.7172700611245,253.5997772216797,68026900,0.0,0.0,0.0
2018-07-25 00:00:00-04:00,253.34768248600957,256.0853185587849,253.3026666963473,255.76113891601562,78882900,0.0,0.0,0.0
2018-07-26 00:00:00-04:00,255.03176092837984,255.85122435862039,254.9326876952315,255.15782165527344,57919500,0.0,0.0,0.0
2018-07-27 00:00:00-04:00,255.49097896442416,255.59005218339752,252.4922071378731,253.42877197265625,76768700,0.0,0.0,0.0
2018-07-30 00:00:00-04:00,253.5097986198129,253.6718884404496,251.5736249942624,252.10496520996094,63742500,0.0,0.0,0.0
2018-07-31 00:00:00-04:00,252.87934196201266,253.96898209448682,252.49211833804836,253.3476104736328,68570500,0.0,0.0,0.0
2018-08-01 00:00:00-04:00,253.55483974370316,254.06815170917488,252.26708023636428,252.92445373535156,53853300,0.0,0.0,0.0
2018-08-02 00:00:00-04:00,251.60069984177713,254.4733836401609,251.3935667228492,254.30230712890625,63426400,0.0,0.0,0.0
2018-08-03 00:00:00-04:00,254.42835743382494,255.44596720081742,254.24823929585182,255.39193725585938,53935400,0.0,0.0,0.0
2018-08-06 00:00:00-04:00,255.4279251133217,256.6436261606406,255.03168725953194,256.3284606933594,39400900,0.0,0.0,0.0
2018-08-07 00:00:00-04:00,257.00385028924427,257.56217792545823,256.86874797286174,257.1749267578125,43196600,0.0,0.0,0.0
2018-08-08 00:00:00-04:00,257.0039389434754,257.4722076910195,256.5986868188622,257.06695556640625,42114600,0.0,0.0,0.0
2018-08-09 00:00:00-04:00,257.1298758026962,257.5261135836486,256.5805623912883,256.71563720703125,35717000,0.0,0.0,0.0
2018-08-10 00:00:00-04:00,255.2569058977727,255.80621959252423,254.27529760534048,254.99574279785156,77076000,0.0,0.0,0.0
2018-08-13 00:00:00-04:00,255.27483659591346,255.89620838030774,253.74391502928503,254.04110717773438,65732900,0.0,0.0,0.0
2018-08-14 00:00:00-04:00,254.7795714630341,255.90524108417648,254.3833335578185,255.66207885742188,43842000,0.0,0.0,0.0
2018-08-15 00:00:00-04:00,254.29319539886794,254.43728436341837,252.29400567424042,253.75286865234375,102925400,0.0,0.0,0.0
2018-08-16 00:00:00-04:00,255.21182596866544,256.6887177896158,255.1757968436698,255.80618286132812,69967900,0.0,0.0,0.0
2018-08-17 00:00:00-04:00,255.59905717630292,257.1569939621595,255.18481841440527,256.70672607421875,65618500,0.0,0.0,0.0
2018-08-20 00:00:00-04:00,257.16592240130666,257.52613109516824,256.70664051439013,257.2559814453125,39807500,0.0,0.0,0.0
2018-08-21 00:00:00-04:00,257.77826907330007,258.7328344388065,257.2919722418774,257.85931396484375,67272000,0.0,0.0,0.0
2018-08-22 00:00:00-04:00,257.44510530819457,258.23758098280587,257.1749281561241,257.7062683105469,44993300,0.0,0.0,0.0
2018-08-23 00:00:00-04:00,257.52622559157805,258.3997464228561,257.0399285612346,257.3641357421875,49204900,0.0,0.0,0.0
2018-08-24 00:00:00-04:00,257.9494755227871,259.05714444509664,257.895445573618,258.9130554199219,57487400,0.0,0.0,0.0
2018-08-27 00:00:00-04:00,260.1287703232093,261.0653352945981,259.9666804672496,260.957275390625,57072400,0.0,0.0,0.0
2018-08-28 00:00:00-04:00,261.4254934571392,261.5335808223322,260.615016852281,261.08331298828125,46943500,0.0,0.0,0.0
2018-08-29 00:00:00-04:00,261.29941506496766,262.7222492320925,261.0562803446201,262.4881286621094,61485500,0.0,0.0,0.0
2018-08-30 00:00:00-04:00,262.0019238094986,262.3801335073905,260.8222239481623,261.4255676269531,61229500,0.0,0.0,0.0
2018-08-31 00:00:00-04:00,261.0112259431754,261.8847465441312,260.5159423732391,261.4344787597656,66140800,0.0,0.0,0.0
2018-09-04 00:00:00-04:00,261.01123738106855,261.3444311589538,259.96661277770374,260.9842224121094,57594400,0.0,0.0,0.0
2018-09-05 00:00:00-04:00,260.6240683516277,260.8312014785545,259.25526383353844,260.2818603515625,72452400,0.0,0.0,0.0
2018-09-06 00:00:00-04:00,260.3898429133035,260.6960216955383,258.45369702090363,259.4983215332031,65909900,0.0,0.0,0.0
2018-09-07 00:00:00-04:00,258.4357213865992,259.9846437478832,258.19255918130403,258.9940490722656,73524800,0.0,0.0,0.0
2018-09-10 00:00:00-04:00,260.0206644842675,260.2908416786441,259.24621698782437,259.4443359375,50210900,0.0,0.0,0.0
2018-09-11 00:00:00-04:00,258.7869418125179,260.7501030587331,258.4357471773948,260.2998352050781,50530500,0.0,0.0,0.0
2018-09-12 00:00:00-04:00,260.3088545765358,260.97524221901455,259.5614220166342,260.3628845214844,59810800,0.0,0.0,0.0
2018-09-13 00:00:00-04:00,261.4434860384049,262.0918727301368,261.1553080682654,261.9027404785156,51034200,0.0,0.0,0.0
2018-09-14 00:00:00-04:00,262.10987422664016,262.2989789965875,261.155308744973,261.9477844238281,55079900,0.0,0.0,0.0
2018-09-17 00:00:00-04:00,261.8938380854031,261.92983973163257,260.2818712460218,260.56103515625,68244000,0.0,0.0,0.0
2018-09-18 00:00:00-04:00,260.7771256001223,262.5781970670211,260.7501106274056,261.974853515625,61930400,0.0,0.0,0.0
2018-09-19 00:00:00-04:00,262.02889437757074,262.6772812319538,261.9028061781934,262.2540283203125,49080600,0.0,0.0,0.0
2018-09-20 00:00:00-04:00,263.5327637226495,264.70344906552145,262.27199183688975,264.3792419433594,100360600,0.0,0.0,0.0
2018-09-21 00:00:00-04:00,265.13268231047385,265.25028626736156,263.97478025325773,264.1376037597656,105479700,1.323,0.0,0.0
2018-09-24 00:00:00-04:00,263.54970590822444,263.69444716800075,262.6722310003493,263.2602233886719,53409600,0.0,0.0,0.0
2018-09-25 00:00:00-04:00,263.7215264078457,263.8300754271531,262.7716948823396,263.01593017578125,44370000,0.0,0.0,0.0
2018-09-26 00:00:00-04:00,263.1607840471315,264.3639063348618,261.80386551184046,262.2290344238281,79739700,0.0,0.0,0.0
2018-09-27 00:00:00-04:00,262.70844063727003,264.0653589802566,262.4280130549121,262.96173095703125,59249500,0.0,0.0,0.0
2018-09-28 00:00:00-04:00,262.3284842366154,263.49544170976174,262.2923196251839,262.9888610839844,70091400,0.0,0.0,0.0
2018-10-01 00:00:00-04:00,264.24622574437416,264.9880142876407,263.224037266833,263.9024963378906,62078900,0.0,0.0,0.0
2018-10-02 00:00:00-04:00,263.74871826171875,264.4723969446222,263.3687966154947,263.74871826171875,47258200,0.0,0.0,0.0
2018-10-03 00:00:00-04:00,264.8161576090936,265.2413264329312,263.53162378835697,263.8934631347656,64694600,0.0,0.0,0.0
2018-10-04 00:00:00-04:00,263.4050409653518,263.4593155026715,260.22081514741865,261.8310241699219,111545900,0.0,0.0,0.0
2018-10-05 00:00:00-04:00,262.0571295536198,262.5817925210217,258.9181238862463,260.3655090332031,105951700,0.0,0.0,0.0
2018-10-08 00:00:00-04:00,259.66893992015474,260.72734841829845,258.2668019504445,260.3655090332031,87742200,0.0,0.0,0.0
2018-10-09 00:00:00-04:00,259.9765073186502,261.3062607191873,259.41562457826836,259.98553466796875,74339000,0.0,0.0,0.0
2018-10-10 00:00:00-04:00,259.46989598620206,259.5422804193186,251.3736336469932,251.75355529785156,214731000,0.0,0.0,0.0
2018-10-11 00:00:00-04:00,250.6499501011032,252.2963510217994,244.57095467640374,246.2083282470703,274840500,0.0,0.0,0.0
2018-10-12 00:00:00-04:00,250.36953821017372,250.65902077392295,246.38924958164054,249.62777709960938,183186500,0.0,0.0,0.0
2018-10-15 00:00:00-04:00,249.2658384938089,250.61372921622774,248.13507343512427,248.2255401611328,102263700,0.0,0.0,0.0
2018-10-16 00:00:00-04:00,250.21580411487366,254.0332696806872,249.73636063036398,253.6533203125,118255800,0.0,0.0,0.0
2018-10-17 00:00:00-04:00,253.68952292206654,254.33179004497867,251.0842345952467,253.69857788085938,110626000,0.0,0.0,0.0
2018-10-18 00:00:00-04:00,252.74859561095033,253.35469781782112,248.7411709444153,250.03475952148438,134557500,0.0,0.0,0.0
2018-10-19 00:00:00-04:00,250.69520261836539,252.65819578314392,249.19354293847718,249.89913940429688,139901600,0.0,0.0,0.0
2018-10-22 00:00:00-04:00,250.5775588224328,250.9032059365352,248.2346167296253,248.7773895263672,82415800,0.0,0.0,0.0
2018-10-23 00:00:00-04:00,245.10469629864915,248.65076080281162,242.98787937338506,247.5109405517578,146352700,0.0,0.0,0.0
2018-10-24 00:00:00-04:00,247.2576280773041,247.64663228478852,239.45084837239372,240.01170349121094,177806700,0.0,0.0,0.0
2018-10-25 00:00:00-04:00,241.87526634699356,245.88269262720266,240.83496761511387,244.3177032470703,138061500,0.0,0.0,0.0
2018-10-26 00:00:00-04:00,240.55446687964647,245.14988429819743,237.2707204699661,240.02072143554688,201574600,0.0,0.0,0.0
2018-10-29 00:00:00-04:00,243.15975025729497,244.47144900038907,235.0634875666472,238.6909637451172,160749100,0.0,0.0,0.0
2018-10-30 00:00:00-04:00,238.51913897281136,242.54464717230195,238.02158564035068,242.22802734375,157116000,0.0,0.0,0.0
2018-10-31 00:00:00-04:00,244.83331363088624,247.16722882606766,244.35387021584145,244.8152313232422,128296300,0.0,0.0,0.0
2018-11-01 00:00:00-04:00,245.69259811059948,247.61942587895751,244.58897048586957,247.42041015625,99495000,0.0,0.0,0.0
2018-11-02 00:00:00-04:00,248.54213297756993,248.97635665143585,243.87433200813322,245.9549560546875,122634100,0.0,0.0,0.0
2018-11-05 00:00:00-05:00,246.45248199407732,247.87272938188818,245.4664582808549,247.31187438964844,65622500,0.0,0.0,0.0
2018-11-06 00:00:00-05:00,247.2485406148728,249.0396545773559,247.18521115386886,248.8768310546875,60085900,0.0,0.0,0.0
2018-11-07 00:00:00-05:00,251.08418519704654,254.28652043595162,250.64996135914504,254.20510864257812,102752100,0.0,0.0,0.0
2018-11-08 00:00:00-05:00,253.39093185702268,254.3950658406956,252.58584128528395,253.74374389648438,65584900,0.0,0.0,0.0
2018-11-09 00:00:00-05:00,252.41392315773828,252.60388397642356,249.83577304929463,251.26507568359375,98812600,0.0,0.0,0.0
2018-11-12 00:00:00-05:00,250.74952602929986,250.99376145126695,246.04553026908016,246.57022094726562,99673600,0.0,0.0,0.0
2018-11-13 00:00:00-05:00,247.04051400312738,249.06683626422299,245.37603105914593,246.1087646484375,98176600,0.0,0.0,0.0
2018-11-14 00:00:00-05:00,248.00846479999072,248.4155236944271,242.84313726906353,244.42620849609375,125335900,0.0,0.0,0.0
2018-11-15 00:00:00-05:00,243.14159653606296,247.447558211774,241.54044333794553,246.97714233398438,135101400,0.0,0.0,0.0
2018-11-16 00:00:00-05:00,245.8645721143694,248.54221665495115,245.33988154764504,247.61952209472656,126668000,0.0,0.0,0.0
2018-11-19 00:00:00-05:00,247.0043540256199,247.30289151596426,242.49940286745885,243.43115234375,103061700,0.0,0.0,0.0
2018-11-20 00:00:00-05:00,240.04785764973616,241.53143476988876,238.04867260488894,238.9261474609375,136021300,0.0,0.0,0.0
2018-11-21 00:00:00-05:00,240.50019689661292,241.66715441615753,239.73129857780438,239.74032592773438,75563700,0.0,0.0,0.0
2018-11-23 00:00:00-05:00,238.0758306770696,239.55940792691902,237.97633658684896,238.13916015625,42807900,0.0,0.0,0.0
2018-11-26 00:00:00-05:00,240.4278153921138,242.2099024264612,240.0297838387976,241.98374938964844,79981400,0.0,0.0,0.0
2018-11-27 00:00:00-05:00,240.9343530795475,242.7978515625,240.31922355453864,242.7978515625,75502400,0.0,0.0,0.0
2018-11-28 00:00:00-05:00,243.88343130134464,248.3883819580078,242.7345562490865,248.3883819580078,127629600,0.0,0.0,0.0
2018-11-29 00:00:00-05:00,247.60147060828027,249.26595423474058,246.44356775480432,247.84573364257812,82346400,0.0,0.0,0.0
2018-11-30 00:00:00-05:00,247.69190089602992,249.92629446465975,247.36625370703652,249.35638427734375,98204200,0.0,0.0,0.0
2018-12-03 00:00:00-05:00,253.54474842540776,253.65329749038597,251.03898215356756,252.65821838378906,103176300,0.0,0.0,0.0
2018-12-04 00:00:00-05:00,251.81688184819765,252.25110562213254,244.1548157704582,244.471435546875,177986000,0.0,0.0,0.0
2018-12-06 00:00:00-05:00,240.55450605372573,244.2181746904076,237.40644542794962,244.10057067871094,204185400,0.0,0.0,0.0
2018-12-07 00:00:00-05:00,243.7568015328119,245.34892787712963,237.57831220540808,238.42864990234375,161018900,0.0,0.0,0.0
2018-12-10 00:00:00-05:00,238.2477113433868,239.86697491562094,233.95080338172798,238.88095092773438,151445900,0.0,0.0,0.0
2018-12-11 00:00:00-05:00,242.12855281220092,242.31851368205574,237.44266731192263,238.93527221679688,121504400,0.0,0.0,0.0
2018-12-12 00:00:00-05:00,241.9566000823964,243.34065549451503,240.05690914644111,240.13832092285156,97976700,0.0,0.0,0.0
2018-12-13 00:00:00-05:00,241.09725968076592,241.97473471392945,238.92619568727585,240.0569610595703,96662700,0.0,0.0,0.0
2018-12-14 00:00:00-05:00,237.87683484962585,238.84477660434922,235.06350394036937,235.62435913085938,116961100,0.0,0.0,0.0
2018-12-17 00:00:00-05:00,234.6563972036364,235.7871624442154,229.3463280509292,231.00177001953125,165492300,0.0,0.0,0.0
2018-12-18 00:00:00-05:00,232.66624592329384,233.344705006344,229.12015430232725,230.7484588623047,134515100,0.0,0.0,0.0
2018-12-19 00:00:00-05:00,230.829914535649,234.65642062680607,225.5650782276916,227.29287719726562,214992800,0.0,0.0,0.0
2018-12-20 00:00:00-05:00,226.02647311603602,227.61858609975482,221.31343605700434,223.5930633544922,252053400,0.0,0.0,0.0
2018-12-21 00:00:00-05:00,224.50742963344334,227.20981807967658,218.35653240158163,219.01165771484375,255345600,1.435,0.0,0.0
2018-12-24 00:00:00-05:00,217.50124953955438,219.1390629763365,213.161061286948,213.22474670410156,147311600,0.0,0.0,0.0
2018-12-26 00:00:00-05:00,214.7079200697917,223.99794006347656,212.6970460501281,223.99794006347656,218485400,0.0,0.0,0.0
2018-12-27 00:00:00-05:00,220.71321412289953,225.9178002146355,217.42849295524357,225.71763610839844,186267300,0.0,0.0,0.0
2018-12-28 00:00:00-05:00,227.09154653300433,228.7475478543602,224.24357135759385,225.4264373779297,153100200,0.0,0.0,0.0
2018-12-31 00:00:00-05:00,227.07334673662075,227.64658491020688,225.17166991439416,227.40090942382812,144299400,0.0,0.0,0.0
2019-01-02 00:00:00-05:00,223.81591118122654,228.5746708150361,223.78861544889352,227.63746643066406,126925200,0.0,0.0,0.0
2019-01-03 00:00:00-05:00,225.8631964049017,226.1725712079577,221.71407807952005,222.20542907714844,144140700,0.0,0.0,0.0
2019-01-04 00:00:00-05:00,225.28081823265416,230.30344070343705,224.89866413694872,229.6483154296875,142628800,0.0,0.0,0.0
2019-01-07 00:00:00-05:00,229.92133612256708,232.88758839025525,229.0114412557297,231.4590606689453,103139100,0.0,0.0,0.0
2019-01-08 00:00:00-05:00,233.6791783907536,234.12501793643858,231.11326850917874,233.6336669921875,102512600,0.0,0.0,0.0
2019-01-09 00:00:00-05:00,234.35252570038037,235.58088935571797,233.10597414364247,234.7255859375,95006600,0.0,0.0,0.0
2019-01-10 00:00:00-05:00,233.169593223976,235.80828194413064,232.4780644596592,235.5535125732422,96823900,0.0,0.0,0.0
2019-01-11 00:00:00-05:00,234.46168188464068,235.67185750045746,233.87025582706457,235.64456176757812,73858100,0.0,0.0,0.0
2019-01-14 00:00:00-05:00,233.7155430001686,235.0257936102595,233.30610703937955,234.20689392089844,70908200,0.0,0.0,0.0
2019-01-15 00:00:00-05:00,234.58906547100085,237.20956673086346,234.57995763802884,236.89109802246094,85208300,0.0,0.0,0.0
2019-01-16 00:00:00-05:00,237.32784903419477,238.36514243721453,237.11859100107674,237.46435546875,77636700,0.0,0.0,0.0
2019-01-17 00:00:00-05:00,236.58180242422014,240.139495124978,236.5362910145861,239.26597595214844,96118400,0.0,0.0,0.0
2019-01-18 00:00:00-05:00,241.10393498587473,242.92372459255802,239.30233327885537,242.4505615234375,127900300,0.0,0.0,0.0
2019-01-22 00:00:00-05:00,240.9583405061119,241.17670636599152,237.5371272731459,239.1749267578125,115531200,0.0,0.0,0.0
2019-01-23 00:00:00-05:00,240.22131164309346,240.9310284072762,237.17315880633814,239.6753692626953,86030300,0.0,0.0,0.0
2019-01-24 00:00:00-05:00,239.49335827351658,240.39417284113603,238.46517289668438,239.80271911621094,59204100,0.0,0.0,0.0
2019-01-25 00:00:00-05:00,241.67712330669266,242.66893298737182,239.90284526295125,241.83181762695312,96883400,0.0,0.0,0.0
2019-01-28 00:00:00-05:00,239.6572398019123,240.05756802618356,238.20140235512608,239.993896484375,85613700,0.0,0.0,0.0
2019-01-29 00:00:00-05:00,240.1394244512012,240.71263479444715,238.82917384535878,239.6753692626953,66136300,0.0,0.0,0.0
2019-01-30 00:00:00-05:00,241.21312882562404,244.32495364379034,240.4397126542573,243.4696502685547,92473700,0.0,0.0,0.0
2019-01-31 00:00:00-05:00,243.40594992558806,246.09923057152034,243.18755630666445,245.60787963867188,104012100,0.0,0.0,0.0
2019-02-01 00:00:00-05:00,245.80808349186827,246.7634897268423,244.92548439346825,245.7261962890625,85782500,0.0,0.0,0.0
2019-02-04 00:00:00-05:00,245.77166045283906,247.51867061098574,245.089239382401,247.45497131347656,60744800,0.0,0.0,0.0
2019-02-05 00:00:00-05:00,247.89179080959255,248.80168579046236,247.38225184172876,248.49232482910156,79552800,0.0,0.0,0.0
2019-02-06 00:00:00-05:00,248.21021477063778,248.71064581260362,247.4186107231202,248.16470336914062,58347800,0.0,0.0,0.0
2019-02-07 00:00:00-05:00,246.52696192453058,247.08198456490902,244.11574564590032,245.79905700683594,95482000,0.0,0.0,0.0
2019-02-08 00:00:00-05:00,244.53425334949233,246.19934879168238,243.69713782717594,246.09927368164062,75788900,0.0,0.0,0.0
2019-02-11 00:00:00-05:00,246.7635334550238,247.02738301044724,245.69894409432288,246.23577880859375,68021400,0.0,0.0,0.0
2019-02-12 00:00:00-05:00,247.87354410357213,249.78430089587874,247.80073697241144,249.40216064453125,72270200,0.0,0.0,0.0
2019-02-13 00:00:00-05:00,250.24842444954484,251.06732440812775,249.8207726824927,250.21202087402344,65277200,0.0,0.0,0.0
2019-02-14 00:00:00-05:00,249.11100944397924,250.80342829418518,248.28300180325846,249.65695190429688,83234400,0.0,0.0,0.0
2019-02-15 00:00:00-05:00,251.45856067083983,252.41396705035697,251.24930259905094,252.3775634765625,97088700,0.0,0.0,0.0
2019-02-19 00:00:00-05:00,251.5677186145511,253.47847543713627,251.55861078106554,252.81427001953125,59120800,0.0,0.0,0.0
2019-02-20 00:00:00-05:00,252.7778338942196,253.78783140854736,252.26829510479024,253.3237762451172,76610800,0.0,0.0,0.0
2019-02-21 00:00:00-05:00,252.67780410835684,253.0417564849418,251.44944054056953,252.42303466796875,64214700,0.0,0.0,0.0
2019-02-22 00:00:00-05:00,253.05083405023527,254.18820257068927,252.4048165055975,253.98805236816406,78114600,0.0,0.0,0.0
2019-02-25 00:00:00-05:00,255.43479404293277,255.96252084390366,254.25191406426617,254.33380126953125,69030700,0.0,0.0,0.0
2019-02-26 00:00:00-05:00,253.9789884611064,255.04355003041178,253.76970262074292,254.15187072753906,56844100,0.0,0.0,0.0
2019-02-27 00:00:00-05:00,253.42391394749896,254.39750814092216,252.4776432577643,254.04266357421875,56921600,0.0,0.0,0.0
2019-02-28 00:00:00-05:00,253.82427324518326,254.270140627781,253.24195494908454,253.5695037841797,69268300,0.0,0.0,0.0
2019-03-01 00:00:00-05:00,255.1708978603869,255.57125379055722,253.69687273920775,255.1527099609375,78880500,0.0,0.0,0.0
2019-03-04 00:00:00-05:00,256.22641986147465,256.47208149810706,251.89531107483845,254.22463989257812,106494600,0.0,0.0,0.0
2019-03-05 00:00:00-05:00,254.3519777228964,254.55215567194406,253.32379224677805,253.87881469726562,59114600,0.0,0.0,0.0
2019-03-06 00:00:00-05:00,253.9971561316227,254.00626396632762,252.01359191115728,252.3411407470703,75039800,0.0,0.0,0.0
2019-03-07 00:00:00-05:00,251.88613555256498,252.03172203552523,249.37484508290223,250.2301483154297,94885100,0.0,0.0,0.0
2019-03-08 00:00:00-05:00,248.34673648131417,249.90264911222562,247.8736010911316,249.72976684570312,85795800,0.0,0.0,0.0
2019-03-11 00:00:00-04:00,250.45767616956428,253.5149096697471,250.4303804335908,253.35113525390625,65098900,0.0,0.0,0.0
2019-03-12 00:00:00-04:00,253.915163761932,254.83416611728023,253.7240936867824,254.30641174316406,79667500,0.0,0.0,0.0
2019-03-13 00:00:00-04:00,255.20731090673468,256.9361055233486,255.0435087344639,255.98980712890625,80639200,0.0,0.0,0.0
2019-03-14 00:00:00-04:00,256.0170894156384,256.4447410722982,255.38017973127995,255.82601928710938,67518400,0.0,0.0,0.0
2019-03-15 00:00:00-04:00,256.3862403490295,257.91244205552704,256.19430072430606,257.0899353027344,81309000,1.233,0.0,0.0
2019-03-18 00:00:00-04:00,257.3092214197429,258.3236676333303,257.0807458092157,258.0220642089844,62199800,0.0,0.0,0.0
2019-03-19 00:00:00-04:00,259.10053648234424,259.8773313845608,257.181335433722,258.0860900878906,90268100,0.0,0.0,0.0
2019-03-20 00:00:00-04:00,257.8668213913674,259.0914478155353,256.18524356011744,257.309326171875,84609200,0.0,0.0,0.0
2019-03-21 00:00:00-04:00,256.4775964354486,260.6266934691754,256.4318845789876,260.2154541015625,79550400,0.0,0.0,0.0
2019-03-22 00:00:00-04:00,258.83546946343824,259.3655206465038,255.1432955214352,255.207275390625,122659300,0.0,0.0,0.0
2019-03-25 00:00:00-04:00,254.86005089936097,256.0664092015388,253.7359683865072,255.0154266357422,85575200,0.0,0.0,0.0
2019-03-26 00:00:00-04:00,256.7974784847148,257.8850247922857,255.49060448153082,256.9162902832031,68125900,0.0,0.0,0.0
2019-03-27 00:00:00-04:00,256.9071967418602,257.501255860115,254.0009925991191,255.57290649414062,72224700,0.0,0.0,0.0
2019-03-28 00:00:00-04:00,256.2126953398846,256.9986384826691,255.04290068985588,256.54168701171875,56238500,0.0,0.0,0.0
2019-03-29 00:00:00-04:00,258.07696231989127,258.4882017458257,256.9345840976957,258.1592102050781,82186800,0.0,0.0,0.0
2019-04-01 00:00:00-04:00,260.18804726763335,261.5223370794931,259.91385978952053,261.2207336425781,77617900,0.0,0.0,0.0
2019-04-02 00:00:00-04:00,261.4126737150068,261.58631741776384,260.54445520122175,261.34869384765625,40070400,0.0,0.0,0.0
2019-04-03 00:00:00-04:00,262.5824859606463,262.9846053117113,261.1476522711685,261.7599792480469,68243200,0.0,0.0,0.0
2019-04-04 00:00:00-04:00,262.08903431509475,262.7104815028186,261.38533922518087,262.45458984375,48997500,0.0,0.0,0.0
2019-04-05 00:00:00-04:00,263.1308833609207,263.77974648276233,262.8384277969563,263.72491455078125,58621700,0.0,0.0,0.0
2019-04-08 00:00:00-04:00,263.29536927126435,264.0356282153136,262.6282102704128,263.92596435546875,53566300,0.0,0.0,0.0
2019-04-09 00:00:00-04:00,262.9480676855835,263.27705924747306,262.0158970368012,262.5733642578125,66142300,0.0,0.0,0.0
2019-04-10 00:00:00-04:00,262.99374692854354,263.5603899806479,262.5733595325515,263.468994140625,52601500,0.0,0.0,0.0
2019-04-11 00:00:00-04:00,263.9625197852622,263.9716677376206,262.8201413444107,263.3959045410156,55093100,0.0,0.0,0.0
2019-04-12 00:00:00-04:00,265.03175075460433,265.4612860869483,263.44156917490665,265.177978515625,69727800,0.0,0.0,0.0
2019-04-15 00:00:00-04:00,265.2510466074385,265.3515903829858,264.19091638487856,265.0043029785156,49596700,0.0,0.0,0.0
2019-04-16 00:00:00-04:00,265.8999693700103,265.95480129413136,264.57479946019987,265.177978515625,52153200,0.0,0.0,0.0
2019-04-17 00:00:00-04:00,266.3112377952541,266.3386537602995,264.1087289696176,264.5291442871094,58268300,0.0,0.0,0.0
2019-04-18 00:00:00-04:00,265.12317666197634,265.32423636992246,263.80715455361974,265.050048828125,68708500,0.0,0.0,0.0
2019-04-22 00:00:00-04:00,264.27326325016213,265.43390967043416,264.1818673996459,265.2785339355469,40160100,0.0,0.0,0.0
2019-04-23 00:00:00-04:00,265.65322133003247,267.90144197832353,265.41562560118007,267.663818359375,52246600,0.0,0.0,0.0
2019-04-24 00:00:00-04:00,267.58157697744116,267.9197165110373,266.9235659236525,267.0697937011719,50392900,0.0,0.0,0.0
2019-04-25 00:00:00-04:00,266.96925332037705,267.5724324515809,265.6989430651895,266.9052734375,57770900,0.0,0.0,0.0
2019-04-26 00:00:00-04:00,266.95095267759035,268.22126277750914,266.1649819456912,268.1481628417969,50916400,0.0,0.0,0.0
2019-04-29 00:00:00-04:00,268.2395814243043,269.0986521647604,268.1481855793437,268.5685729980469,57197700,0.0,0.0,0.0
2019-04-30 00:00:00-04:00,268.2212906505365,268.9981135124124,266.7864846285926,268.7056579589844,81111700,0.0,0.0,0.0
2019-05-01 00:00:00-04:00,269.3454346187409,269.55564230340104,266.676826168252,266.68597412109375,71671900,0.0,0.0,0.0
2019-05-02 00:00:00-04:00,266.5671809246104,267.4993796964185,264.59314738973114,266.1102294921875,65030200,0.0,0.0,0.0
2019-05-03 00:00:00-04:00,267.608937976397,268.9980597423634,266.2197883203395,268.7147521972656,56543700,0.0,0.0,0.0
2019-05-06 00:00:00-04:00,264.34639943758947,268.0568427784353,264.02652786197825,267.6090393066406,107198100,0.0,0.0,0.0
2019-05-07 00:00:00-04:00,265.16887988858343,265.7720590562051,261.20254526219156,263.1400146484375,144729900,0.0,0.0,0.0
2019-05-08 00:00:00-04:00,262.7743835449219,264.5107927092089,262.17120455078395,262.7743835449219,91568300,0.0,0.0,0.0
2019-05-09 00:00:00-04:00,260.67237439471637,262.5915469960297,258.90852168261875,261.979248046875,103471100,0.0,0.0,0.0
2019-05-10 00:00:00-04:00,261.0288908489468,264.06305457790995,257.9947271199837,263.2953796386719,112429300,0.0,0.0,0.0
2019-05-13 00:00:00-04:00,258.1043941879711,259.08224880996244,255.8287576638521,256.6786804199219,127290500,0.0,0.0,0.0
2019-05-14 00:00:00-04:00,257.711424309458,260.5536763290956,257.5834924289167,259.0000305175781,77003200,0.0,0.0,0.0
2019-05-15 00:00:00-04:00,257.34584650019383,261.1659529226633,257.1356388481083,260.51708984375,73956400,0.0,0.0,0.0
2019-05-16 00:00:00-04:00,261.2299664198904,264.30981431583507,261.1568664693772,262.9298400878906,76749600,0.0,0.0,0.0
2019-05-17 00:00:00-04:00,260.59014345315325,263.7522379446513,260.571847555516,261.2298583984375,100353000,0.0,0.0,0.0
2019-05-20 00:00:00-04:00,259.60323198708306,261.3396417615052,258.74416110782465,259.5027160644531,62877600,0.0,0.0,0.0
2019-05-21 00:00:00-04:00,261.22077964622235,262.22607812949855,260.9648880223061,261.8422546386719,46847100,0.0,0.0,0.0
2019-05-22 00:00:00-04:00,260.8735291148578,262.00675950433396,260.5536576013486,261.03802490234375,49482500,0.0,0.0,0.0
2019-05-23 00:00:00-04:00,258.78068141807125,258.82636539518575,256.4136768675648,257.8485107421875,98733800,0.0,0.0,0.0
2019-05-24 00:00:00-04:00,259.310657584995,259.7310727691025,257.8027242057235,258.4333190917969,55268100,0.0,0.0,0.0
2019-05-28 00:00:00-04:00,258.7167533072237,259.6854880927003,256.0116086925023,256.0298767089844,70029400,0.0,0.0,0.0
2019-05-29 00:00:00-04:00,254.8965718047484,255.30781123148284,252.8859749737354,254.31166076660156,104972900,0.0,0.0,0.0
2019-05-30 00:00:00-04:00,255.07937130726307,255.92932202172594,253.8913089435325,255.0062713623047,62523800,0.0,0.0,0.0
2019-05-31 00:00:00-04:00,252.41995810310112,253.26073303928447,251.5425913565193,251.57000732421875,86862800,0.0,0.0,0.0
2019-06-03 00:00:00-04:00,251.60656169709802,252.73979217247395,249.577696494026,250.93028259277344,96428000,0.0,0.0,0.0
2019-06-04 00:00:00-04:00,253.26066422642816,256.51415499656423,252.80371296219454,256.3770751953125,77231900,0.0,0.0,0.0
2019-06-05 00:00:00-04:00,258.022076327484,258.6252553144161,256.18515129783094,258.59783935546875,71169700,0.0,0.0,0.0
2019-06-06 00:00:00-04:00,258.8995058571951,260.9649070112004,258.2414947920888,260.27947998046875,69430400,0.0,0.0,0.0
2019-06-07 00:00:00-04:00,261.3122108845653,263.9808192298224,261.1385671280195,262.8841247558594,74272200,0.0,0.0,0.0
2019-06-10 00:00:00-04:00,264.45604014919917,265.78121032202307,263.9990887641012,264.0904846191406,60799100,0.0,0.0,0.0
2019-06-11 00:00:00-04:00,265.9365425887678,266.3112460493998,263.3684781862314,264.0264892578125,58641300,0.0,0.0,0.0
2019-06-12 00:00:00-04:00,263.78886994585264,264.3554851171207,263.03946309155197,263.5603942871094,47096300,0.0,0.0,0.0
2019-06-13 00:00:00-04:00,264.48336191959015,265.01344095596903,263.7705191283239,264.6478576660156,48945200,0.0,0.0,0.0
2019-06-14 00:00:00-04:00,264.3554992675781,264.96779844733203,263.5786764082502,264.3554992675781,52324700,0.0,0.0,0.0
2019-06-17 00:00:00-04:00,264.59304293235505,265.232785841227,264.28231942778865,264.4559631347656,39205700,0.0,0.0,0.0
2019-06-18 00:00:00-04:00,266.3021662907554,268.2944678209192,265.93658283669447,267.2251892089844,85434800,0.0,0.0,0.0
2019-06-19 00:00:00-04:00,267.3622088296121,268.367507321609,266.3752062402577,267.82830810546875,78674400,0.0,0.0,0.0
2019-06-20 00:00:00-04:00,270.5517917663016,270.7985354809947,267.8923312808763,270.38726806640625,116570000,0.0,0.0,0.0
2019-06-21 00:00:00-04:00,270.113560804413,271.39004928506847,269.7737767058013,269.9941711425781,83309500,1.432,0.0,0.0
2019-06-24 00:00:00-04:00,270.20539588240183,270.52679508784115,269.5074428119221,269.66357421875,47582700,0.0,0.0,0.0
2019-06-25 00:00:00-04:00,269.7186817833591,269.74623108833276,266.90854057307405,267.01873779296875,82028700,0.0,0.0,0.0
2019-06-26 00:00:00-04:00,267.9279252701242,268.44219770896007,266.6422441730346,266.75244140625,51584900,0.0,0.0,0.0
2019-06-27 00:00:00-04:00,267.52384544873854,268.21260617019715,267.13815513913926,267.6983337402344,40355200,0.0,0.0,0.0
2019-06-28 00:00:00-04:00,268.69011787353435,269.58091613141113,268.16668106175626,269.0758361816406,59350900,0.0,0.0,0.0
2019-07-01 00:00:00-04:00,272.4553200506485,272.67574250044834,270.2971978959334,271.51861572265625,78705600,0.0,0.0,0.0
2019-07-02 00:00:00-04:00,271.4727172939156,272.2808676562415,270.6186607624438,272.22576904296875,61504500,0.0,0.0,0.0
2019-07-03 00:00:00-04:00,272.9145335665245,274.4206370857775,272.7675945871526,274.4022521972656,40898900,0.0,0.0,0.0
2019-07-05 00:00:00-04:00,273.1532919452548,274.2553201930849,271.84006170170613,274.0899963378906,51677300,0.0,0.0,0.0
2019-07-08 00:00:00-04:00,272.75838107725605,273.90631537285645,272.03287875522955,272.5838928222656,45841800,0.0,0.0,0.0
2019-07-09 00:00:00-04:00,271.40840787957404,273.2267178583207,271.35330927571744,272.9236755371094,41101300,0.0,0.0,0.0
2019-07-10 00:00:00-04:00,274.0073277453317,275.1920038184866,273.46550610585535,274.22772216796875,58448500,0.0,0.0,0.0
2019-07-11 00:00:00-04:00,274.8798589497695,275.11861031046817,273.85131394006874,274.87066650390625,50826100,0.0,0.0,0.0
2019-07-12 00:00:00-04:00,275.36649899375055,276.17464926470245,275.05426421192664,276.1011657714844,40326000,0.0,0.0,0.0
2019-07-15 00:00:00-04:00,276.54200023225667,276.54200023225667,275.6787512993884,276.1930236816406,33900000,0.0,0.0,0.0
2019-07-16 00:00:00-04:00,276.1011428200432,276.3123728133098,274.98995030272494,275.30218505859375,36650100,0.0,0.0,0.0
2019-07-17 00:00:00-04:00,275.2747208380516,275.44001669652897,273.4288330078125,273.4288330078125,36036300,0.0,0.0,0.0
2019-07-18 00:00:00-04:00,272.92370368244053,274.81549734524737,272.4737223626274,274.4297790527344,51392600,0.0,0.0,0.0
2019-07-19 00:00:00-04:00,275.5408948337901,275.5684441280708,272.7307547142337,272.9052429199219,58678600,0.0,0.0,0.0
2019-07-22 00:00:00-04:00,273.3093854896399,274.12672821540184,272.78594871522427,273.5757141113281,43638100,0.0,0.0,0.0
2019-07-23 00:00:00-04:00,274.7146063229682,275.53192138671875,273.8697139172868,275.53192138671875,44564500,0.0,0.0,0.0
2019-07-24 00:00:00-04:00,274.76037837444625,276.82666015625,274.66853802344025,276.82666015625,47213200,0.0,0.0,0.0
2019-07-25 00:00:00-04:00,276.36755203657475,276.4226506551107,274.6869600939875,275.5043029785156,55394100,0.0,0.0,0.0
2019-07-26 00:00:00-04:00,276.20222422846143,277.5521962779143,276.07364211625463,277.35015869140625,45084100,0.0,0.0,0.0
2019-07-29 00:00:00-04:00,277.23071946262496,277.35010910954696,276.2848227552861,276.8450012207031,38126500,0.0,0.0,0.0
2019-07-30 00:00:00-04:00,275.4216070622189,276.57873390135404,275.03588877392656,276.16546630859375,45849000,0.0,0.0,0.0
2019-07-31 00:00:00-04:00,276.4134499099316,276.6063230947628,271.09623720064997,273.1441345214844,104245200,0.0,0.0,0.0
2019-08-01 00:00:00-04:00,273.300242746731,276.30322921476494,269.95744413578745,270.7655944824219,142646600,0.0,0.0,0.0
2019-08-02 00:00:00-04:00,269.8564453023217,270.1043890626989,267.1473086977525,268.72686767578125,116749700,0.0,0.0,0.0
2019-08-05 00:00:00-04:00,264.5667193510336,264.67691656334915,258.7168504494429,260.6453857421875,178745400,0.0,0.0,0.0
2019-08-06 00:00:00-04:00,262.564722416853,264.5208069666722,261.0678115913767,264.3003845214844,120711700,0.0,0.0,0.0
2019-08-07 00:00:00-04:00,261.177975236931,265.23708276980915,259.0106889889072,264.45648193359375,140572300,0.0,0.0,0.0
2019-08-08 00:00:00-04:00,265.9718726473399,269.645263671875,265.41169396845805,269.645263671875,87713900,0.0,0.0,0.0
2019-08-09 00:00:00-04:00,268.69010797880105,269.2962207116512,265.99935644225224,267.8085021972656,93730000,0.0,0.0,0.0
2019-08-12 00:00:00-04:00,266.2840632762159,267.79933121691346,263.5841190797389,264.54840087890625,65527600,0.0,0.0,0.0
2019-08-13 00:00:00-04:00,264.24528760672166,270.13189815353707,263.8963110898706,268.66253662109375,94299800,0.0,0.0,0.0
2019-08-14 00:00:00-04:00,264.54836284020104,265.163639951689,260.59028748011,260.7188415527344,135622100,0.0,0.0,0.0
2019-08-15 00:00:00-04:00,261.61882277356654,262.31677579508874,259.3321466198546,261.4075927734375,99556600,0.0,0.0,0.0
2019-08-16 00:00:00-04:00,263.08819988081234,265.7054678152385,261.462706881747,265.2646789550781,83018300,0.0,0.0,0.0
2019-08-19 00:00:00-04:00,268.33204768718633,269.14936266116626,267.6432868326607,268.4606018066406,53571800,0.0,0.0,0.0
2019-08-20 00:00:00-04:00,267.946320958024,268.4881427836713,266.27494930250583,266.40350341796875,51596400,0.0,0.0,0.0
2019-08-21 00:00:00-04:00,268.59828905028576,268.9472375614703,267.90033597643304,268.57073974609375,49524700,0.0,0.0,0.0
2019-08-22 00:00:00-04:00,269.2869922945807,269.9298185973185,266.6880537081008,268.4880065917969,51666400,0.0,0.0,0.0
2019-08-23 00:00:00-04:00,267.1657473560489,268.85550390099365,260.32404521376014,261.59136962890625,149161500,0.0,0.0,0.0
2019-08-26 00:00:00-04:00,263.8136356455216,264.4840393066406,262.2616263672535,264.4840393066406,72423800,0.0,0.0,0.0
2019-08-27 00:00:00-04:00,265.8983503215243,266.27487616998485,262.6749415394964,263.44635009765625,66668900,0.0,0.0,0.0
2019-08-28 00:00:00-04:00,262.77593627285495,265.46668740599165,261.9585936413916,265.3013916015625,59696700,0.0,0.0,0.0
2019-08-29 00:00:00-04:00,267.90029818397585,269.22272065012186,266.88091802119186,268.6900634765625,57899400,0.0,0.0,0.0
2019-08-30 00:00:00-04:00,270.19620474490455,270.21456160578526,267.62484293451314,268.57073974609375,62901200,0.0,0.0,0.0
2019-09-03 00:00:00-04:00,266.8442628168886,267.7717748143836,265.65039414847075,267.0003662109375,69101400,0.0,0.0,0.0
2019-09-04 00:00:00-04:00,269.20440713865116,270.0492711678876,268.44216299789707,270.0309143066406,46887300,0.0,0.0,0.0
2019-09-05 00:00:00-04:00,272.55636149983843,274.4297702153083,269.99416413583157,273.50225830078125,83258100,0.0,0.0,0.0
2019-09-06 00:00:00-04:00,273.82369570435014,274.36551738465937,273.1349350559624,273.7134704589844,49584300,0.0,0.0,0.0
2019-09-09 00:00:00-04:00,274.7145062844107,274.8063186210638,272.8961680016299,273.85125732421875,51260300,0.0,0.0,0.0
2019-09-10 00:00:00-04:00,273.07981124431024,273.85124784113526,271.803322736151,273.7869567871094,57947100,0.0,0.0,0.0
2019-09-11 00:00:00-04:00,274.09919865762845,275.8165041188757,273.4379872902545,275.7338562011719,68821100,0.0,0.0,0.0
2019-09-12 00:00:00-04:00,276.65225360492616,277.76344651078534,275.88084487497656,276.6889953613281,72908700,0.0,0.0,0.0
2019-09-13 00:00:00-04:00,277.138941636288,277.49711065785283,276.128753656452,276.5052795410156,62104800,0.0,0.0,0.0
2019-09-16 00:00:00-04:00,275.35739761618504,276.5512665570123,274.9992565519621,275.6512756347656,58191200,0.0,0.0,0.0
2019-09-17 00:00:00-04:00,275.44919135905286,276.4409944716347,275.2747030666757,276.34918212890625,41475500,0.0,0.0,0.0
2019-09-18 00:00:00-04:00,275.9542282722278,276.62463202912267,273.88794641994974,276.5144348144531,73375800,0.0,0.0,0.0
2019-09-19 00:00:00-04:00,276.9092697066763,277.9194573763295,276.15621816877695,276.4960021972656,76560500,0.0,0.0,0.0
2019-09-20 00:00:00-04:00,277.10869969200354,277.39472806211234,274.3870802022345,275.1897277832031,89565000,1.384,0.0,0.0
2019-09-23 00:00:00-04:00,274.51624070214064,275.8540055025996,274.25791700714103,275.1251525878906,43476800,0.0,0.0,0.0
2019-09-24 00:00:00-04:00,276.23224952583655,276.62895585714784,271.98833643587625,272.9662780761719,94869400,0.0,0.0,0.0
2019-09-25 00:00:00-04:00,273.04927976764947,275.032839376682,271.5454560343079,274.5807800292969,71854000,0.0,0.0,0.0
2019-09-26 00:00:00-04:00,274.59005491431765,274.8022322771751,272.57881848406834,274.0088195800781,56179700,0.0,0.0,0.0
2019-09-27 00:00:00-04:00,274.7745680110296,274.8853023004896,270.95506560221696,272.5326843261719,84746600,0.0,0.0,0.0
2019-09-30 00:00:00-04:00,273.0584798757313,274.5161571060841,273.0123617194854,273.7965393066406,51662400,0.0,0.0,0.0
2019-10-01 00:00:00-04:00,274.69144243821614,275.35570716703717,270.31838273065523,270.539794921875,88242400,0.0,0.0,0.0
2019-10-02 00:00:00-04:00,268.9344785812282,268.9437134735063,264.45071313891304,265.7607727050781,122539500,0.0,0.0,0.0
2019-10-03 00:00:00-04:00,265.53017045634914,267.965817395487,262.77164009489155,267.9381408691406,85278800,0.0,0.0,0.0
2019-10-04 00:00:00-04:00,268.602402899276,271.8222274368962,268.54702169198765,271.56390380859375,65091200,0.0,0.0,0.0
2019-10-07 00:00:00-04:00,270.75209604225176,272.40353763238096,270.10627271611787,270.39227294921875,59610500,0.0,0.0,0.0
2019-10-08 00:00:00-04:00,268.5101949288186,269.25748944491363,266.1575770978192,266.1944885253906,95708100,0.0,0.0,0.0
2019-10-09 00:00:00-04:00,268.24264563743833,269.6726467596797,267.6060572268481,268.7223815917969,62359400,0.0,0.0,0.0
2019-10-10 00:00:00-04:00,268.6392652001407,271.4347067349372,268.4732060567258,270.539794921875,55296300,0.0,0.0,0.0
2019-10-11 00:00:00-04:00,273.33530856157375,275.61410348122115,273.2153956964715,273.34454345703125,98720400,0.0,0.0,0.0
2019-10-14 00:00:00-04:00,273.0216303068438,273.7043649980195,272.6895119342466,273.04010009765625,40394800,0.0,0.0,0.0
2019-10-15 00:00:00-04:00,274.1010492100688,276.4997849431065,273.98110820014193,275.7432556152344,46754500,0.0,0.0,0.0
2019-10-16 00:00:00-04:00,275.2726774800154,276.0015301493574,274.85752962165213,275.30035400390625,48928200,0.0,0.0,0.0
2019-10-17 00:00:00-04:00,276.4813344825739,276.99798182671105,275.41112836824163,276.1123046875,45736600,0.0,0.0,0.0
2019-10-18 00:00:00-04:00,275.56795134560684,276.222981273457,274.03645111240627,274.9036865234375,64304000,0.0,0.0,0.0
2019-10-21 00:00:00-04:00,276.2413885226463,276.97021297455115,275.79853602307077,276.7672424316406,39048600,0.0,0.0,0.0
2019-10-22 00:00:00-04:00,277.3116322091738,277.6068672792461,275.7709252184723,275.8631896972656,48594700,0.0,0.0,0.0
2019-10-23 00:00:00-04:00,275.60486141914873,276.72118557484407,275.39265593700605,276.66583251953125,34352200,0.0,0.0,0.0
2019-10-24 00:00:00-04:00,277.6161561977552,277.76377376151765,276.27839138283775,277.1179504394531,35453100,0.0,0.0,0.0
2019-10-25 00:00:00-04:00,276.53665636824644,278.80624425466374,276.4813033129841,278.252685546875,45205400,0.0,0.0,0.0
2019-10-28 00:00:00-04:00,279.4889875816381,280.32854657077405,279.4613110503554,279.82110595703125,42147000,0.0,0.0,0.0
2019-10-29 00:00:00-04:00,279.54433191402416,280.67912597151593,279.41515600195936,279.7380676269531,44284900,0.0,0.0,0.0
2019-10-30 00:00:00-04:00,279.94110259289243,280.9743975062899,278.6125725170457,280.5961608886719,49643900,0.0,0.0,0.0
2019-10-31 00:00:00-04:00,280.5868425694932,280.5868425694932,278.37263581978397,279.8487548828125,69053800,0.0,0.0,0.0
2019-11-01 00:00:00-04:00,281.3157249747862,282.48740234707446,281.14963763082056,282.4412841796875,71141500,0.0,0.0,0.0
2019-11-04 00:00:00-05:00,284.0188718975768,284.1572545398584,283.1977546280954,283.5760192871094,60606900,0.0,0.0,0.0
2019-11-05 00:00:00-05:00,283.779006951515,284.08347693801613,282.96712452773585,283.2623596191406,42933200,0.0,0.0,0.0
2019-11-06 00:00:00-05:00,283.26228584078063,283.6036390084227,282.3673740597262,283.3268737792969,46487100,0.0,0.0,0.0
2019-11-07 00:00:00-05:00,284.6831262344818,285.6795093773217,283.8435673620541,284.32330322265625,54272300,0.0,0.0,0.0
2019-11-08 00:00:00-05:00,283.97274116583566,285.07985867518505,283.2623581263566,285.0245056152344,49032100,0.0,0.0,0.0
2019-11-11 00:00:00-05:00,283.62213261911467,284.65542710153255,283.4837218377641,284.4801330566406,35797300,0.0,0.0,0.0
2019-11-12 00:00:00-05:00,284.8491563766134,285.99315693427155,284.2955977291405,285.0798034667969,46484600,0.0,0.0,0.0
2019-11-13 00:00:00-05:00,284.0742365417981,285.57806034465347,283.8435894101986,285.172119140625,53917700,0.0,0.0,0.0
2019-11-14 00:00:00-05:00,284.88619299181664,285.6703990741036,284.2403695934215,285.58734130859375,51219900,0.0,0.0,0.0
2019-11-15 00:00:00-05:00,286.94345848107116,287.6999877907703,286.2423103828413,287.65386962890625,62023600,0.0,0.0,0.0
2019-11-18 00:00:00-05:00,287.413877108242,288.1058182011571,286.9525830462986,287.8659362792969,49228000,0.0,0.0,0.0
2019-11-19 00:00:00-05:00,288.4749613848458,288.4841962793699,287.12799007714665,287.78302001953125,67804700,0.0,0.0,0.0
2019-11-20 00:00:00-05:00,287.1834198888244,287.70930222425477,285.13527177388266,286.712890625,79406200,0.0,0.0,0.0
2019-11-21 00:00:00-05:00,286.8235544034822,286.93426051947534,285.4396716432342,286.25152587890625,54664700,0.0,0.0,0.0
2019-11-22 00:00:00-05:00,287.0080941031395,287.14647676688264,285.8640932093019,286.8881530761719,44850200,0.0,0.0,0.0
2019-11-25 00:00:00-05:00,287.82918880914013,289.111572265625,287.82918880914013,289.111572265625,48647200,0.0,0.0,0.0
2019-11-26 00:00:00-05:00,289.1484829962721,289.9511305359471,288.8255713703238,289.7666015625,37569000,0.0,0.0,0.0
2019-11-27 00:00:00-05:00,290.25561276766325,291.05828857421875,290.0342004928465,291.05828857421875,44444600,0.0,0.0,0.0
2019-11-29 00:00:00-05:00,290.4861721270838,290.7352890161187,289.74811266402304,289.978759765625,36592700,0.0,0.0,0.0
2019-12-02 00:00:00-05:00,290.2370913929293,290.30167934039736,287.0818547229395,287.5154724121094,75767800,0.0,0.0,0.0
2019-12-03 00:00:00-05:00,284.7570170500677,285.6703990741036,283.35469226133876,285.58734130859375,73941700,0.0,0.0,0.0
2019-12-04 00:00:00-05:00,286.6482781063826,287.9583381004117,286.297689947224,287.34942626953125,49080000,0.0,0.0,0.0
2019-12-05 00:00:00-05:00,288.05970005702477,288.07814168364666,286.5374071284875,287.8659362792969,40709000,0.0,0.0,0.0
2019-12-06 00:00:00-05:00,289.80345057704335,290.9013329757298,289.7942156838093,290.4953918457031,48927000,0.0,0.0,0.0
2019-12-09 00:00:00-05:00,290.0986784654643,290.7813848240789,289.5082084162699,289.58203125,34838500,0.0,0.0,0.0
2019-12-10 00:00:00-05:00,289.52674435288577,290.2002159723674,288.5949209114826,289.2591857910156,52649800,0.0,0.0,0.0
2019-12-11 00:00:00-05:00,289.7204382348869,290.338584859926,289.1761144497864,290.08026123046875,53429100,0.0,0.0,0.0
2019-12-12 00:00:00-05:00,290.08938404405086,293.37379559201554,289.84953027155177,292.58038330078125,96389600,0.0,0.0,0.0
2019-12-13 00:00:00-05:00,292.3406527146494,294.00132913056876,291.55644675339613,292.7558288574219,81503900,0.0,0.0,0.0
2019-12-16 00:00:00-05:00,294.5086746612864,295.36667512911947,292.69117435938875,294.7669982910156,82749700,0.0,0.0,0.0
2019-12-17 00:00:00-05:00,295.1544544973131,295.45889624100073,294.74851340228975,294.83154296875,61097700,0.0,0.0,0.0
2019-12-18 00:00:00-05:00,295.2283012607038,295.45894837106374,294.79468356702057,294.85003662109375,48133000,0.0,0.0,0.0
2019-12-19 00:00:00-05:00,295.0438321801853,296.1325081599219,294.78550849037015,296.0586853027344,85310500,0.0,0.0,0.0
2019-12-20 00:00:00-05:00,297.1062867141395,298.50625365643975,296.1142850778422,297.35662841796875,147142100,1.57,0.0,0.0
2019-12-23 00:00:00-05:00,298.1540057064587,298.20963092064767,297.6626307853903,297.81097412109375,52990000,0.0,0.0,0.0
2019-12-24 00:00:00-05:00,298.04266069825775,298.0890055975089,297.5141930375661,297.8201599121094,20270000,0.0,0.0,0.0
2019-12-26 00:00:00-05:00,298.2095497290698,299.41482839340733,298.20029772495616,299.4055480957031,30911200,0.0,0.0,0.0
2019-12-27 00:00:00-05:00,300.14726443483164,300.202889639094,298.7936706417921,299.3313903808594,42528800,0.0,0.0,0.0
2019-12-30 00:00:00-05:00,299.4147456254445,299.5538085846137,297.1896251044064,297.6809997558594,49729100,0.0,0.0,0.0
2019-12-31 00:00:00-05:00,297.1711424867202,298.6545469842033,296.8188307355394,298.4042053222656,57077300,0.0,0.0,0.0
2020-01-02 00:00:00-05:00,299.961822308594,301.21344584893905,299.02541765431675,301.19488525390625,59151200,0.0,0.0,0.0
2020-01-03 00:00:00-05:00,297.7553094565026,300.0545884148705,297.6996842496835,298.9142150878906,77709700,0.0,0.0,0.0
2020-01-06 00:00:00-05:00,297.1340706068842,300.13797270746016,297.01353991573654,300.0545349121094,55653900,0.0,0.0,0.0
2020-01-07 00:00:00-05:00,299.47975272224426,299.9618755812816,298.75659672728324,299.2109069824219,40496400,0.0,0.0,0.0
2020-01-08 00:00:00-05:00,299.4055142542752,302.03854378792886,299.1552008868685,300.80548095703125,68296000,0.0,0.0,0.0
2020-01-09 00:00:00-05:00,302.3908719452332,302.91933959868663,301.7974987988457,302.84515380859375,48473300,0.0,0.0,0.0
2020-01-10 00:00:00-05:00,303.43853564367447,303.59613093835384,301.5008491524502,301.9736633300781,53029300,0.0,0.0,0.0
2020-01-13 00:00:00-05:00,302.6041945615568,304.05975859762435,302.1684448926002,304.0505065917969,47086800,0.0,0.0,0.0
2020-01-14 00:00:00-05:00,303.60541584646273,304.6716032036604,303.0213229716388,303.5868835449219,62832800,0.0,0.0,0.0
2020-01-15 00:00:00-05:00,303.49419858273944,305.0424805913382,303.4107607763114,304.2729797363281,72056600,0.0,0.0,0.0
2020-01-16 00:00:00-05:00,305.6729536288701,306.8040466308594,305.44117250791817,306.8040466308594,54050300,0.0,0.0,0.0
2020-01-17 00:00:00-05:00,307.52722155030955,307.97222322206403,306.73916003178357,307.7590026855469,95846000,0.0,0.0,0.0
2020-01-21 00:00:00-05:00,306.7854974041848,307.9722156557004,306.71133989191287,307.1563415527344,77742400,0.0,0.0,0.0
2020-01-22 00:00:00-05:00,308.02776557869925,308.6860441971004,307.0357640898416,307.193359375,48914900,0.0,0.0,0.0
2020-01-23 00:00:00-05:00,306.53512268691117,307.9629020816574,305.4040298691284,307.5456848144531,51963000,0.0,0.0,0.0
2020-01-24 00:00:00-05:00,308.213258690702,308.2966964971266,303.50345057505217,304.8106994628906,87578400,0.0,0.0,0.0
2020-01-27 00:00:00-05:00,299.489054998714,301.4267419954356,299.1460234275925,299.9248046875,84062500,0.0,0.0,0.0
2020-01-28 00:00:00-05:00,301.3710346078026,303.9577194292598,300.01744099849935,303.06768798828125,63834000,0.0,0.0,0.0
2020-01-29 00:00:00-05:00,304.4490695316027,304.68085059698774,302.6133533080614,302.81732177734375,53888900,0.0,0.0,0.0
2020-01-30 00:00:00-05:00,300.7220501330904,304.0133586562443,299.9618296450814,303.80010986328125,75491800,0.0,0.0,0.0
2020-01-31 00:00:00-05:00,303.1697190093118,303.3273426273975,297.3566584360201,298.2837829589844,113845600,0.0,0.0,0.0
2020-02-03 00:00:00-05:00,299.78569711180046,302.3909145575543,299.66516640610627,300.49957275390625,69083000,0.0,0.0,0.0
2020-02-04 00:00:00-05:00,304.16174563025317,305.96036944813216,303.8372463921337,305.07958984375,62573200,0.0,0.0,0.0
2020-02-05 00:00:00-05:00,308.05560012188914,308.81584888560207,306.57222378456345,308.60260009765625,65951100,0.0,0.0,0.0
2020-02-06 00:00:00-05:00,309.5761162291249,309.8357099330959,308.5469934177312,309.6410217285156,50359700,0.0,0.0,0.0
2020-02-07 00:00:00-05:00,308.56553523051,309.6502548835903,307.4344423834342,307.99072265625,64139400,0.0,0.0,0.0
2020-02-10 00:00:00-05:00,307.0914461231243,310.35491404780646,307.0543532223912,310.2900085449219,42070000,0.0,0.0,0.0
2020-02-11 00:00:00-05:00,311.6621957526384,312.45950929399737,310.2900412169647,310.8277893066406,54864500,0.0,0.0,0.0
2020-02-12 00:00:00-05:00,312.2832330519852,313.0434816894039,311.91238902925915,312.83026123046875,43992700,0.0,0.0,0.0
2020-02-13 00:00:00-05:00,311.3840213126561,313.4793317387837,311.1058952798048,312.49658203125,54501900,0.0,0.0,0.0
2020-02-14 00:00:00-05:00,312.9138156037858,313.1177841363206,311.69928470801807,312.99725341796875,64582200,0.0,0.0,0.0
2020-02-18 00:00:00-05:00,311.986705286286,313.0621732074738,310.78142634138374,312.190673828125,57226200,0.0,0.0,0.0
2020-02-19 00:00:00-05:00,313.17341190309395,314.3693822097454,312.8860055540293,313.6833190917969,48814700,0.0,0.0,0.0
2020-02-20 00:00:00-05:00,313.12703081262896,313.9614655274482,309.3629074710407,312.3946228027344,74163400,0.0,0.0,0.0
2020-02-21 00:00:00-05:00,311.02236684703735,311.33758569028794,308.34296423902805,309.1773986816406,113788200,0.0,0.0,0.0
2020-02-24 00:00:00-05:00,299.5910232004645,309.2516446037945,297.82946402329435,298.9234924316406,161088400,0.0,0.0,0.0
2020-02-25 00:00:00-05:00,300.33262751806444,300.9537849122823,288.9753556178095,289.8653869628906,218913200,0.0,0.0,0.0
2020-02-26 00:00:00-05:00,291.2839112335436,294.92750301025507,288.05753671707373,288.7992248535156,194773800,0.0,0.0,0.0
2020-02-27 00:00:00-05:00,283.1994185799881,288.8548832240512,275.82879638671875,275.82879638671875,284353500,0.0,0.0,0.0
2020-02-28 00:00:00-05:00,267.6608627028327,276.18113938347227,264.73114579745976,274.669921875,384975800,0.0,0.0,0.0
2020-03-02 00:00:00-05:00,276.47779171091906,286.62981639471866,273.00107480463083,286.5649108886719,238703600,0.0,0.0,0.0
2020-03-03 00:00:00-05:00,286.94498267173964,290.96869890428064,275.8843961075198,278.35980224609375,300139100,0.0,0.0,0.0
2020-03-04 00:00:00-05:00,283.8113402286171,290.2826792604954,281.2246550168901,290.0601501464844,176613400,0.0,0.0,0.0
2020-03-05 00:00:00-05:00,282.7544013117626,285.9900563178503,278.14659204867735,280.41802978515625,186366800,0.0,0.0,0.0
2020-03-06 00:00:00-05:00,271.7865058606779,277.00622063787995,269.079318520246,275.78240966796875,228667200,0.0,0.0,0.0
2020-03-09 00:00:00-04:00,255.2373936747215,263.4795450340004,253.52223578204607,254.24539184570312,309417300,0.0,0.0,0.0
2020-03-10 00:00:00-04:00,263.89668572605297,267.4939043987404,253.56850699723532,267.4012145996094,276444100,0.0,0.0,0.0
2020-03-11 00:00:00-04:00,260.2438385040221,261.3934637418837,251.13946982195947,254.3658447265625,255316300,0.0,0.0,0.0
2020-03-12 00:00:00-04:00,237.3438816659417,247.227032633669,229.63019872133566,230.02886962890625,392220700,0.0,0.0,0.0
2020-03-13 00:00:00-04:00,243.9171357513015,251.69572243435434,230.40894166567574,249.69313049316406,329566100,0.0,0.0,0.0
2020-03-16 00:00:00-04:00,223.6038668959046,238.17826430573805,220.0622588716851,222.3708038330078,297240000,0.0,0.0,0.0
2020-03-17 00:00:00-04:00,227.1825800592429,237.50149436368383,219.79341084820192,234.3770751953125,262070500,0.0,0.0,0.0
2020-03-18 00:00:00-04:00,219.03314065933228,230.26988391983323,211.4029107680486,222.50985717773438,327597100,0.0,0.0,0.0
2020-03-19 00:00:00-04:00,221.8144944605284,229.35201973970368,215.2968115962113,222.982666015625,289322000,0.0,0.0,0.0
2020-03-20 00:00:00-04:00,226.17771121702543,227.98691137437177,213.09366788939272,213.37344360351562,347158800,1.406,0.0,0.0
2020-03-23 00:00:00-04:00,212.80458199006097,214.1941115294932,203.54409220056272,207.91787719726562,326025200,0.0,0.0,0.0
2020-03-24 00:00:00-04:00,218.61450391829229,227.64184863747488,218.03631124687172,226.75588989257812,235494500,0.0,0.0,0.0
2020-03-25 00:00:00-04:00,228.3599223786975,239.06590706452997,223.5851369380366,230.1504669189453,299430300,0.0,0.0,0.0
2020-03-26 00:00:00-04:00,232.6963864785221,245.08098139998648,232.2580745843836,243.58888244628906,257632800,0.0,0.0,0.0
2020-03-27 00:00:00-04:00,236.19355433469624,243.2251719122583,234.1232342411207,236.33343505859375,224341200,0.0,0.0,0.0
2020-03-30 00:00:00-04:00,238.45973456519582,244.73596848763387,236.43604589273016,244.00856018066406,171369500,0.0,0.0,0.0
2020-03-31 00:00:00-04:00,242.99204247552908,245.57526819848582,238.94466534795134,240.3715057373047,194881100,0.0,0.0,0.0
2020-04-01 00:00:00-04:00,231.26023548964358,240.28758024752457,227.45532299466728,229.55361938476562,189554600,0.0,0.0,0.0
2020-04-02 00:00:00-04:00,228.65840150544216,235.6433893810911,228.09884999372755,234.8507080078125,177660400,0.0,0.0,0.0
2020-04-03 00:00:00-04:00,233.8527985965166,236.24020557889955,228.68633280233766,231.45608520507812,135561200,0.0,0.0,0.0
2020-04-06 00:00:00-04:00,240.4554462322951,248.99784771905112,231.43743600190354,247.0021209716797,188061200,0.0,0.0,0.0
2020-04-07 00:00:00-04:00,255.72171628872943,256.4864356164454,247.03012758286806,247.25393676757812,201427200,0.0,0.0,0.0
2020-04-08 00:00:00-04:00,249.89308912940618,257.39100910248607,247.36581581316824,255.5538330078125,153774500,0.0,0.0,0.0
2020-04-09 00:00:00-04:00,258.86446688746577,262.2404163485001,256.8967449348948,259.44268798828125,189999200,0.0,0.0,0.0
2020-04-13 00:00:00-04:00,258.4542283977677,258.79927710047826,253.1105555612745,257.0740051269531,114839100,0.0,0.0,0.0
2020-04-14 00:00:00-04:00,262.0352555449032,265.6909380967998,256.93406289185134,264.6557922363281,134143400,0.0,0.0,0.0
2020-04-15 00:00:00-04:00,258.8551263989519,264.7956309481132,256.88737624548446,259.0323181152344,121775000,0.0,0.0,0.0
2020-04-16 00:00:00-04:00,260.3286303636444,261.149301941165,257.1672119683842,260.2820129394531,131798300,0.0,0.0,0.0
2020-04-17 00:00:00-04:00,266.1385741475947,267.9291043366545,263.35948710128525,267.3136291503906,146684800,0.0,0.0,0.0
2020-04-20 00:00:00-04:00,263.55534344495436,267.4535335494662,262.38031679810956,262.6041259765625,100109300,0.0,0.0,0.0
2020-04-21 00:00:00-04:00,258.0718391760374,259.2935118022099,253.6793844917386,254.63063049316406,126385700,0.0,0.0,0.0
2020-04-22 00:00:00-04:00,259.5825808167889,262.0539019582094,258.23966886447624,260.2820129394531,92951600,0.0,0.0,0.0
2020-04-23 00:00:00-04:00,261.57833329550306,264.7957331114833,259.95565954134184,260.2633972167969,104709700,0.0,0.0,0.0
2020-04-24 00:00:00-04:00,261.80215150389427,264.57190421689205,259.7224961366366,263.89111328125,85063200,0.0,0.0,0.0
2020-04-27 00:00:00-04:00,265.8960580460895,268.8336666820611,265.42977005752385,267.6959228515625,77896600,0.0,0.0,0.0
2020-04-28 00:00:00-04:00,271.39836589633586,271.75274947176473,266.15729123229136,266.4650573730469,105270000,0.0,0.0,0.0
2020-04-29 00:00:00-04:00,271.8739222184622,274.99805799396466,270.82944149040577,273.4406433105469,118745600,0.0,0.0,0.0
2020-04-30 00:00:00-04:00,272.0417340912882,273.5431962344626,269.1321015558982,270.8946838378906,122901700,0.0,0.0,0.0
2020-05-01 00:00:00-04:00,266.07334869217505,271.06263771697917,262.5388764558412,263.7232666015625,125180000,0.0,0.0,0.0
2020-05-04 00:00:00-04:00,261.8114463607373,264.7583907151607,260.3100122645108,264.4506530761719,80873200,0.0,0.0,0.0
2020-05-05 00:00:00-04:00,267.31362203726525,269.7476319526153,264.5811524850615,266.8939514160156,79569900,0.0,0.0,0.0
2020-05-06 00:00:00-04:00,268.61934227868915,269.0110084700088,264.64655729259056,265.0848693847656,73632600,0.0,0.0,0.0
2020-05-07 00:00:00-04:00,268.34876493868796,270.24189322800635,267.7705723271666,268.2834777832031,75250400,0.0,0.0,0.0
2020-05-08 00:00:00-04:00,271.4636116112568,273.1982181997466,270.31653260177217,272.72259521484375,76452400,0.0,0.0,0.0
2020-05-11 00:00:00-04:00,270.76413566984047,274.17736753806093,270.33515864180197,272.77850341796875,79514200,0.0,0.0,0.0
2020-05-12 00:00:00-04:00,273.98155131270204,274.40119349845673,267.20170458098124,267.34161376953125,95870800,0.0,0.0,0.0
2020-05-13 00:00:00-04:00,266.77277725136986,267.82659303640895,260.15147975118873,262.6134948730469,144721100,0.0,0.0,0.0
2020-05-14 00:00:00-04:00,260.14218717581855,265.88683251239354,254.5840115754102,265.75628662109375,121977900,0.0,0.0,0.0
2020-05-15 00:00:00-04:00,263.33152902720104,267.0245226980321,262.37097670882946,266.9779052734375,111146300,0.0,0.0,0.0
2020-05-18 00:00:00-04:00,273.29142001974003,276.7419630406266,272.96504114638316,275.1099548339844,119703800,0.0,0.0,0.0
2020-05-19 00:00:00-04:00,274.50371482624524,276.2382922950385,272.2655384155623,272.2841796875,95189300,0.0,0.0,0.0
2020-05-20 00:00:00-04:00,275.8747051274388,277.78647500066535,275.64156107168105,276.90985107421875,85861700,0.0,0.0,0.0
2020-05-21 00:00:00-04:00,276.7793013690956,277.5999729875924,273.8883094257428,274.9980773925781,78293900,0.0,0.0,0.0
2020-05-22 00:00:00-04:00,274.7089270820431,275.69745539378795,273.4499437537004,275.520263671875,63958200,0.0,0.0,0.0
2020-05-26 00:00:00-04:00,281.57276523171595,281.81524418534843,275.53899522224816,278.9149169921875,88951400,0.0,0.0,0.0
2020-05-27 00:00:00-04:00,281.74991401022817,283.10216086991176,276.8538890120153,283.0648498535156,104817400,0.0,0.0,0.0
2020-05-28 00:00:00-04:00,284.1093543565007,286.15169866023473,281.8618421354063,282.5426330566406,90405200,0.0,0.0,0.0
2020-05-29 00:00:00-04:00,282.06693797502635,284.3983780492826,279.2785447534037,283.8015441894531,119090800,0.0,0.0,0.0
2020-06-01 00:00:00-04:00,283.14883437810636,285.564203773769,282.62659388498867,284.9486999511719,55758300,0.0,0.0,0.0
2020-06-02 00:00:00-04:00,285.88120407905984,287.35469031653145,284.52898575324014,287.30804443359375,74267200,0.0,0.0,0.0
2020-06-03 00:00:00-04:00,289.32242226540586,292.10150950135704,289.04266079801346,291.1316223144531,92567600,0.0,0.0,0.0
2020-06-04 00:00:00-04:00,290.1337382980232,291.89632079684446,288.2406099437138,290.36688232421875,75794400,0.0,0.0,0.0
2020-06-05 00:00:00-04:00,295.8412069973895,299.60879497601815,295.7759198222224,297.8089294433594,150524700,0.0,0.0,0.0
2020-06-08 00:00:00-04:00,298.6295431311322,301.60446339855105,298.0793266044891,301.40863037109375,73641200,0.0,0.0,0.0
2020-06-09 00:00:00-04:00,298.70415111309836,301.48323848713284,297.8275271917575,299.1611328125,77479200,0.0,0.0,0.0
2020-06-10 00:00:00-04:00,299.7486683177794,300.65326841119503,296.7644129584786,297.4918212890625,95000800,0.0,0.0,0.0
2020-06-11 00:00:00-04:00,290.4601939521889,291.1036738483451,279.7822128518547,280.34173583984375,209243600,0.0,0.0,0.0
2020-06-12 00:00:00-04:00,287.4572552493203,288.24061577799773,278.4672362164336,283.698974609375,194678900,0.0,0.0,0.0
2020-06-15 00:00:00-04:00,277.9263419251905,287.4945826049996,276.73264555745334,286.3475036621094,135782700,0.0,0.0,0.0
2020-06-16 00:00:00-04:00,294.20914954279255,294.3583651498472,286.92573170449174,291.8590393066406,137627500,0.0,0.0,0.0
2020-06-17 00:00:00-04:00,292.894271532143,293.1927028051911,289.90068085058283,290.6467590332031,83398900,0.0,0.0,0.0
2020-06-18 00:00:00-04:00,289.10792598735975,291.243504766066,288.64163793716756,290.7585754394531,80828700,0.0,0.0,0.0
2020-06-19 00:00:00-04:00,294.27682512221,294.4735199564145,287.12057481652477,289.09698486328125,135549600,1.366,0.0,0.0
2020-06-22 00:00:00-04:00,288.488155880895,291.3543953064263,287.3266814584538,290.9516296386719,74649400,0.0,0.0,0.0
2020-06-23 00:00:00-04:00,293.63986792277876,294.58592407582245,291.8789045661162,292.2910461425781,68471200,0.0,0.0,0.0
2020-06-24 00:00:00-04:00,290.22096314675923,290.8485514007504,282.97106821028643,284.8350524902344,132813500,0.0,0.0,0.0
2020-06-25 00:00:00-04:00,284.25431790861467,288.1602865967959,282.20298615359417,287.8886413574219,89468000,0.0,0.0,0.0
2020-06-26 00:00:00-04:00,286.7740034900297,286.9894502192139,280.4607883088312,281.0508728027344,127961000,0.0,0.0,0.0
2020-06-29 00:00:00-04:00,282.3246868642186,285.32204533762507,280.0017104645374,285.1815490722656,79773300,0.0,0.0,0.0
2020-06-30 00:00:00-04:00,284.7413383004649,290.55814156430307,284.5821187113963,288.8346252441406,113394800,0.0,0.0,0.0
2020-07-01 00:00:00-04:00,289.96808116405305,292.1411859745126,289.49974108862006,290.85791015625,72396500,0.0,0.0,0.0
2020-07-02 00:00:00-04:00,294.34233272563904,295.7099061937447,291.7852144579482,292.4596252441406,69344200,0.0,0.0,0.0
2020-07-06 00:00:00-04:00,296.33752108837274,297.5645699082259,295.5788123855693,296.9744567871094,61713800,0.0,0.0,0.0
2020-07-07 00:00:00-04:00,295.41013164786364,297.41461190670697,293.5273957727805,293.91143798828125,82910000,0.0,0.0,0.0
2020-07-08 00:00:00-04:00,294.68885999049303,296.27185136402693,292.8998264735008,296.1594543457031,54638600,0.0,0.0,0.0
2020-07-09 00:00:00-04:00,296.77770515573906,297.02125111727224,291.00775258749655,294.4734802246094,83354200,0.0,0.0,0.0
2020-07-10 00:00:00-04:00,294.4079150755898,297.75186983774114,292.95607237868205,297.480224609375,57550400,0.0,0.0,0.0
2020-07-13 00:00:00-04:00,299.85934155975684,302.2759631290964,294.2392621485278,294.904296875,102997500,0.0,0.0,0.0
2020-07-14 00:00:00-04:00,293.46187728737885,299.5128515908511,292.24420453589636,298.7260437011719,93657000,0.0,0.0,0.0
2020-07-15 00:00:00-04:00,301.9950280600007,302.58514108410617,299.053838887541,301.4704895019531,87196500,0.0,0.0,0.0
2020-07-16 00:00:00-04:00,299.5409200512278,300.93656417314014,298.8852325846452,300.47760009765625,54622500,0.0,0.0,0.0
2020-07-17 00:00:00-04:00,301.498535546669,302.1448469746913,299.4940268081184,301.3486633300781,62774900,0.0,0.0,0.0
2020-07-20 00:00:00-04:00,301.07706900290543,304.54279670707643,300.3183604305946,303.7840881347656,56308800,0.0,0.0,0.0
2020-07-21 00:00:00-04:00,305.77930290910814,306.2288911696572,303.42822615086584,304.43048095703125,57292200,0.0,0.0,0.0
2020-07-22 00:00:00-04:00,304.06505397612585,306.4817043595979,303.9526569508862,306.1632080078125,57792900,0.0,0.0,0.0
2020-07-23 00:00:00-04:00,305.7979182742342,306.5098042157516,301.12389425924033,302.5101623535156,75738000,0.0,0.0,0.0
2020-07-24 00:00:00-04:00,300.62746411034294,301.6015907506285,299.035096640898,300.5618896484375,73766600,0.0,0.0,0.0
2020-07-27 00:00:00-04:00,301.2644053137518,302.93169463863757,300.4588456164485,302.75372314453125,48293000,0.0,0.0,0.0
2020-07-28 00:00:00-04:00,302.0136933299431,303.14709659041387,300.53375166526837,300.83349609375,57495000,0.0,0.0,0.0
2020-07-29 00:00:00-04:00,301.72340680204917,305.1048370241945,301.6859315920094,304.533447265625,48454200,0.0,0.0,0.0
2020-07-30 00:00:00-04:00,301.51734055357434,303.8684169240142,299.4004628104934,303.4468994140625,61861700,0.0,0.0,0.0
2020-07-31 00:00:00-04:00,305.26408094682597,305.9478678047457,300.9834454393856,305.8448181152344,84986800,0.0,0.0,0.0
2020-08-03 00:00:00-04:00,307.5307980554894,308.7484706752371,306.9781602612835,307.9710388183594,53077900,0.0,0.0,0.0
2020-08-04 00:00:00-04:00,307.0999064762715,309.1606140136719,307.0999064762715,309.1606140136719,41917900,0.0,0.0,0.0
2020-08-05 00:00:00-04:00,310.4813196956265,311.34307787020856,310.2096744926858,311.0807800292969,42697700,0.0,0.0,0.0
2020-08-06 00:00:00-04:00,310.4907323641872,313.28202079035816,310.1628886094789,313.1602478027344,43679400,0.0,0.0,0.0
2020-08-07 00:00:00-04:00,312.1767150568948,313.6754088017818,311.25875834916513,313.3850402832031,57308300,0.0,0.0,0.0
2020-08-10 00:00:00-04:00,313.8440308297158,314.50906569433704,311.8769969101292,314.3217468261719,44282100,0.0,0.0,0.0
2020-08-11 00:00:00-04:00,315.52068320179865,316.1669947285276,310.9871551520584,311.72711181640625,69601100,0.0,0.0,0.0
2020-08-12 00:00:00-04:00,314.199973549069,316.86014159029884,314.17187428960983,316.0733337402344,53774400,0.0,0.0,0.0
2020-08-13 00:00:00-04:00,315.295821359324,316.8319901841447,314.56521214842724,315.50189208984375,41816100,0.0,0.0,0.0
2020-08-14 00:00:00-04:00,315.10855643820963,316.0546124881785,314.3685711540199,315.5113220214844,47260400,0.0,0.0,0.0
2020-08-17 00:00:00-04:00,316.5416490619518,316.9163153538768,315.5206712677434,316.5135498046875,35481000,0.0,0.0,0.0
2020-08-18 00:00:00-04:00,316.9163360015772,317.62822201225964,315.2958691665476,317.1973571777344,38733900,0.0,0.0,0.0
2020-08-19 00:00:00-04:00,317.58129200029873,318.1058304299648,315.30516682315493,315.8765563964844,68054200,0.0,0.0,0.0
2020-08-20 00:00:00-04:00,314.12501951437406,317.34720129286933,313.99389916681145,316.8601379394531,42207800,0.0,0.0,0.0
2020-08-21 00:00:00-04:00,316.5229427503298,318.2089554471391,316.17634711185,317.9841613769531,55106600,0.0,0.0,0.0
2020-08-24 00:00:00-04:00,320.456998614907,321.2812816955143,317.9560786980553,321.20635986328125,48588700,0.0,0.0,0.0
2020-08-25 00:00:00-04:00,321.77768448686686,322.4146200367706,320.59745852041743,322.330322265625,38463400,0.0,0.0,0.0
2020-08-26 00:00:00-04:00,322.9297907416108,325.8334757367222,322.37715299785725,325.5618591308594,50790200,0.0,0.0,0.0
2020-08-27 00:00:00-04:00,326.44239733949644,327.744367840277,324.58776041365843,326.2737731933594,58034100,0.0,0.0,0.0
2020-08-28 00:00:00-04:00,327.3134862047626,328.51243555189626,326.1051609096553,328.38128662109375,48588900,0.0,0.0,0.0
2020-08-31 00:00:00-04:00,328.1658973062957,329.05572630048107,326.95757190511955,327.1917419433594,66099200,0.0,0.0,0.0
2020-09-01 00:00:00-04:00,328.034727836042,330.3764280718998,327.1261470011209,330.2734069824219,54908700,0.0,0.0,0.0
2020-09-02 00:00:00-04:00,332.2122760568819,336.03391750988857,331.0507735312446,335.0504150390625,69540000,0.0,0.0,0.0
2020-09-03 00:00:00-04:00,333.33637924592733,333.8140952966934,320.8972672943186,323.5199890136719,148011100,0.0,0.0,0.0
2020-09-04 00:00:00-04:00,324.21308839902326,325.80542742188834,313.6660612993287,320.8785095214844,139156300,0.0,0.0,0.0
2020-09-08 00:00:00-04:00,315.3895559650479,320.9440908148567,311.8020836742528,312.1111755371094,114465300,0.0,0.0,0.0
2020-09-09 00:00:00-04:00,316.176383607373,320.7754867255069,315.2959019505696,318.2745666503906,91462300,0.0,0.0,0.0
2020-09-10 00:00:00-04:00,320.17597366320473,320.84100847846224,311.7739526782989,312.74810791015625,90569500,0.0,0.0,0.0
2020-09-11 00:00:00-04:00,314.55594541712605,315.6331219088272,310.04114008176873,312.9073791503906,84680200,0.0,0.0,0.0
2020-09-14 00:00:00-04:00,316.1201362625145,318.8271552879685,313.057202834886,317.0287170410156,65605700,0.0,0.0,0.0
2020-09-15 00:00:00-04:00,319.5203527413755,320.3633592240972,317.0381558702238,318.6305236816406,52920900,0.0,0.0,0.0
2020-09-16 00:00:00-04:00,319.8856386198141,321.337481379407,317.08494560826387,317.365966796875,82096000,0.0,0.0,0.0
2020-09-17 00:00:00-04:00,312.43895585919364,316.3168244989197,311.9050414374569,314.5745849609375,91523300,0.0,0.0,0.0
2020-09-18 00:00:00-04:00,315.3918621922978,315.504709149434,308.43268907244754,310.9530334472656,105877900,1.339,0.0,0.0
2020-09-21 00:00:00-04:00,306.2978829494863,307.6426901733394,302.56437688982027,307.4922180175781,99450800,0.0,0.0,0.0
2020-09-22 00:00:00-04:00,308.99697644332406,311.1881648961192,306.4483914325825,310.6239013671875,63612100,0.0,0.0,0.0
2020-09-23 00:00:00-04:00,311.18809361586057,311.4702396655161,302.912326085948,303.420166015625,93112200,0.0,0.0,0.0
2020-09-24 00:00:00-04:00,302.08476476174945,307.33234873737626,300.7493422455752,304.22894287109375,76681300,0.0,0.0,0.0
2020-09-25 00:00:00-04:00,303.36373551697545,309.9467420177309,302.4797581905343,309.14739990234375,71069400,0.0,0.0,0.0
2020-09-28 00:00:00-04:00,313.3699476812692,315.00628597643316,312.3636811367021,314.28216552734375,64584600,0.0,0.0,0.0
2020-09-29 00:00:00-04:00,314.0753109495666,314.8276432366407,311.86529539428534,312.57061767578125,51304000,0.0,0.0,0.0
2020-09-30 00:00:00-04:00,313.247639471691,318.1378840511894,313.0501573247168,314.9404296875,104081100,0.0,0.0,0.0
2020-10-01 00:00:00-04:00,317.5736758475334,318.5611154536733,315.0533313921479,316.96240234375,88698700,0.0,0.0,0.0
2020-10-02 00:00:00-04:00,311.94046825991654,316.93414647495655,311.46084004390406,313.9529724121094,89431100,0.0,0.0,0.0
2020-10-05 00:00:00-04:00,316.04072420129154,319.70839338054463,315.9937142078206,319.52032470703125,45713100,0.0,0.0,0.0
2020-10-06 00:00:00-04:00,319.6614072862933,321.786787223268,314.46083309595923,314.9780578613281,90128900,0.0,0.0,0.0
2020-10-07 00:00:00-04:00,317.97800682555214,321.27892343897173,317.94979508952423,320.46075439453125,56999600,0.0,0.0,0.0
2020-10-08 00:00:00-04:00,322.42631063537164,323.366740283601,321.4952657678726,323.3009033203125,45242500,0.0,0.0,0.0
2020-10-09 00:00:00-04:00,324.9748565555037,326.6582336079083,324.34478478313156,326.1880187988281,59528600,0.0,0.0,0.0
2020-10-12 00:00:00-04:00,328.76473065920277,332.93082626872297,328.26630419462845,331.435546875,80388500,0.0,0.0,0.0
2020-10-13 00:00:00-04:00,331.2945620879778,331.47324602075696,328.29458915296203,329.27264404296875,73255500,0.0,0.0,0.0
2020-10-14 00:00:00-04:00,329.8556312313777,330.965331099997,326.4606946757806,327.20361328125,57727900,0.0,0.0,0.0
2020-10-15 00:00:00-04:00,323.2350496699886,327.2882989486371,322.6896131300133,326.7992858886719,60357700,0.0,0.0,0.0
2020-10-16 00:00:00-04:00,328.1722160214179,329.85559258397126,326.42303121646523,326.6017150878906,89501900,0.0,0.0,0.0
2020-10-19 00:00:00-04:00,327.8807282470236,328.5202133972915,320.724073772048,321.63629150390625,68425600,0.0,0.0,0.0
2020-10-20 00:00:00-04:00,322.9999348731785,326.21621665826694,322.2288044308222,322.9247131347656,60051900,0.0,0.0,0.0
2020-10-21 00:00:00-04:00,322.87768084329804,325.0783113554999,322.00308820618125,322.3134460449219,63575000,0.0,0.0,0.0
2020-10-22 00:00:00-04:00,322.5297482166591,324.6739266938656,320.35735799763285,324.0814514160156,55399300,0.0,0.0,0.0
2020-10-23 00:00:00-04:00,325.32279087183775,325.3792143494791,322.6895995831327,325.1817321777344,49143900,0.0,0.0,0.0
2020-10-26 00:00:00-04:00,321.74919230592604,322.54856322738306,315.62698626114786,319.17242431640625,91473000,0.0,0.0,0.0
2020-10-27 00:00:00-04:00,319.52044402734003,319.8589849858652,317.85586488233645,318.0721740722656,65994100,0.0,0.0,0.0
2020-10-28 00:00:00-04:00,312.31662203131975,318.10025733382724,306.70225713970433,307.20068359375,127094300,0.0,0.0,0.0
2020-10-29 00:00:00-04:00,307.43581155629676,313.53918983272234,305.724222976897,310.32293701171875,90597700,0.0,0.0,0.0
2020-10-30 00:00:00-04:00,308.7241982702799,310.0502073228007,303.38256554354604,307.0878601074219,120287300,0.0,0.0,0.0
2020-11-02 00:00:00-05:00,310.5298767089844,312.5611794632843,307.7461843278693,310.5298767089844,86068300,0.0,0.0,0.0
2020-11-03 00:00:00-05:00,313.8119107012777,318.10026676884297,310.6144562578657,316.01251220703125,93294200,0.0,0.0,0.0
2020-11-04 00:00:00-05:00,320.554822153333,327.213079844498,319.3604868839866,323.0751953125,126959700,0.0,0.0,0.0
2020-11-05 00:00:00-05:00,328.4356384747047,331.20991739412125,328.07827061936183,329.3760681152344,82039700,0.0,0.0,0.0
2020-11-06 00:00:00-05:00,329.0845331386502,330.5704280240426,326.94035473283753,329.30084228515625,74973000,0.0,0.0,0.0
2020-11-09 00:00:00-05:00,342.28813546234073,342.6737150116593,332.96847542290936,333.4386901855469,172304200,0.0,0.0,0.0
2020-11-10 00:00:00-05:00,332.43242305600245,334.02175124658214,329.62996144392315,332.9496765136719,85552000,0.0,0.0,0.0
2020-11-11 00:00:00-05:00,335.169100310771,336.2600020796956,333.90892810347015,335.42303466796875,58649000,0.0,0.0,0.0
2020-11-12 00:00:00-05:00,334.39800340553035,335.4701071140811,330.3353686300907,332.169189453125,67546200,0.0,0.0,0.0
2020-11-13 00:00:00-05:00,334.10639060944766,337.5201544138665,333.57975236575226,336.767822265625,62892200,0.0,0.0,0.0
2020-11-16 00:00:00-05:00,339.47630842186254,341.1690703271321,338.1690974208585,340.9715881347656,74541100,0.0,0.0,0.0
2020-11-17 00:00:00-05:00,338.526421852887,340.36027093135783,336.9935171144087,339.1376953125,66111000,0.0,0.0,0.0
2020-11-18 00:00:00-05:00,339.4104682836854,339.9653183329974,335.0186491921803,335.0562744140625,70591300,0.0,0.0,0.0
2020-11-19 00:00:00-05:00,334.4167588651038,336.8430545135954,333.05312451677065,336.4668884277344,59940900,0.0,0.0,0.0
2020-11-20 00:00:00-05:00,336.2035866851526,336.4104823480211,334.08762005566564,334.162841796875,70417300,0.0,0.0,0.0
2020-11-23 00:00:00-05:00,335.99665364864717,337.4449231276328,333.7302150892081,336.1659240722656,63230600,0.0,0.0,0.0
2020-11-24 00:00:00-05:00,338.7520922930149,342.13764413433756,337.88691325000633,341.5827941894531,62415900,0.0,0.0,0.0
2020-11-25 00:00:00-05:00,341.4981858962768,341.52639763469347,339.9464828840976,341.0561828613281,45330900,0.0,0.0,0.0
2020-11-27 00:00:00-05:00,342.16586890753234,342.4856114964469,340.9809185430137,342.0060119628906,28514100,0.0,0.0,0.0
2020-11-30 00:00:00-05:00,341.2160026644993,341.48873523925596,337.7740561538637,340.49188232421875,83872700,0.0,0.0,0.0
2020-12-01 00:00:00-05:00,343.79282735271556,345.7771198689316,343.1909386826247,344.21600341796875,74231400,0.0,0.0,0.0
2020-12-02 00:00:00-05:00,343.0874773552345,345.09998144573603,342.50441569069324,344.94012451171875,45927000,0.0,0.0,0.0
2020-12-03 00:00:00-05:00,344.836655857774,346.25671347829194,343.72695602036606,344.8460693359375,62882000,0.0,0.0,0.0
2020-12-04 00:00:00-05:00,345.43861581445844,347.8179016113281,345.3445671122843,347.8179016113281,50749900,0.0,0.0,0.0
2020-12-07 00:00:00-05:00,347.0372514321275,347.60151481949333,345.8147046758582,347.10308837890625,48944300,0.0,0.0,0.0
2020-12-08 00:00:00-05:00,345.81474114840245,348.6924531578852,345.76773115267554,348.1188049316406,42458900,0.0,0.0,0.0
2020-12-09 00:00:00-05:00,348.78654277726326,348.94639974119787,344.1502316290085,344.9966125488281,74098300,0.0,0.0,0.0
2020-12-10 00:00:00-05:00,343.6046985525773,345.94635866510754,342.72069258647576,344.8836975097656,57735400,0.0,0.0,0.0
2020-12-11 00:00:00-05:00,343.16274394310886,344.89313090588564,341.62045437396046,344.4793395996094,57698600,0.0,0.0,0.0
2020-12-14 00:00:00-05:00,346.67996216725686,347.77083518668377,342.758358326332,342.9370422363281,69216200,0.0,0.0,0.0
2020-12-15 00:00:00-05:00,345.5139121964464,347.5734558105469,344.1220944222844,347.5734558105469,63865300,0.0,0.0,0.0
2020-12-16 00:00:00-05:00,347.7896488626593,349.04982096422884,346.89622934680017,348.1188049316406,58420500,0.0,0.0,0.0
2020-12-17 00:00:00-05:00,349.7833123481446,350.2723253029032,348.9463164086775,350.0654296875,64119500,0.0,0.0,0.0
2020-12-18 00:00:00-05:00,350.3582465706541,350.5282385324698,346.6277040841073,348.6676940917969,136542300,1.58,0.0,0.0
2020-12-21 00:00:00-05:00,344.6916091122377,357.4320711371788,341.91495851374253,347.4210205078125,96386700,0.0,0.0,0.0
2020-12-22 00:00:00-05:00,347.7516471511759,347.8649751450393,345.6927784040661,346.8355407714844,47949000,0.0,0.0,0.0
2020-12-23 00:00:00-05:00,347.8177599659822,349.08330391665174,346.81665760467683,347.147216796875,46201400,0.0,0.0,0.0
2020-12-24 00:00:00-05:00,347.6288457591147,348.5260736960716,347.0338738252053,348.49774169921875,26457900,0.0,0.0,0.0
2020-12-28 00:00:00-05:00,351.08553826518647,351.88831670770304,350.45278064744303,351.4916687011719,39000400,0.0,0.0,0.0
2020-12-29 00:00:00-05:00,353.04044999374537,353.21989556195405,350.2260137120227,350.8210144042969,53680500,0.0,0.0,0.0
2020-12-30 00:00:00-05:00,351.6522145004894,352.36999695671926,350.9250072585549,351.3216552734375,49455300,0.0,0.0,0.0
2020-12-31 00:00:00-05:00,351.1232716965331,353.84325862502686,350.60384215784245,353.1065979003906,78520700,0.0,0.0,0.0
2021-01-04 00:00:00-05:00,354.4571663426054,354.5894015504455,344.55001695243317,348.2994384765625,110210800,0.0,0.0,0.0
2021-01-05 00:00:00-05:00,347.64772509043775,351.80324762008,347.6004858848247,350.6982421875,66426200,0.0,0.0,0.0
2021-01-06 00:00:00-05:00,349.1683123993127,356.034398005617,348.611097202579,352.7949523925781,107997700,0.0,0.0,0.0
2021-01-07 00:00:00-05:00,355.20327547610503,358.79212974073437,355.02382988067643,358.0365905761719,68766800,0.0,0.0,0.0
2021-01-08 00:00:00-05:00,359.443782237788,360.2937709743707,356.1477016736972,360.0765686035156,71677200,0.0,0.0,0.0
2021-01-11 00:00:00-05:00,356.8559673900438,359.43426514151935,356.73318581674204,357.6492919921875,51034700,0.0,0.0,0.0
2021-01-12 00:00:00-05:00,357.8382408395049,358.75431832018006,355.4487842746329,357.7248840332031,52547700,0.0,0.0,0.0
2021-01-13 00:00:00-05:00,357.6493445205451,359.69875950492474,356.85601980188494,358.688232421875,45303600,0.0,0.0,0.0
2021-01-14 00:00:00-05:00,359.4437871978365,359.9537919756121,357.09214493571363,357.43212890625,49989100,0.0,0.0,0.0
2021-01-15 00:00:00-05:00,355.7887560308579,356.60095903957983,352.9365630734373,354.825439453125,107160000,0.0,0.0,0.0
2021-01-19 00:00:00-05:00,357.31879868550044,358.1593626440309,355.81714518106355,357.611572265625,51233300,0.0,0.0,0.0
2021-01-20 00:00:00-05:00,359.9348587196526,363.4104134914988,359.5382107827262,362.5604248046875,61836100,0.0,0.0,0.0
2021-01-21 00:00:00-05:00,363.12703972931473,363.5615020596326,361.9559455668181,362.89093017578125,47840100,0.0,0.0,0.0
2021-01-22 00:00:00-05:00,361.0115665987471,362.7871153442211,360.6243434087685,361.6065673828125,52860500,0.0,0.0,0.0
2021-01-25 00:00:00-05:00,362.352657076274,363.3915161539552,357.43211275655653,363.03265380859375,70402000,0.0,0.0,0.0
2021-01-26 00:00:00-05:00,363.9959582912858,364.41151343720406,362.2298633321175,362.4659729003906,42665300,0.0,0.0,0.0
2021-01-27 00:00:00-05:00,359.0943314317917,359.18878102614696,351.34050106211924,353.6071472167969,123351100,0.0,0.0,0.0
2021-01-28 00:00:00-05:00,355.4488296734671,360.7093585865416,355.0049712854651,356.6482849121094,94198100,0.0,0.0,0.0
2021-01-29 00:00:00-05:00,354.75937560653165,355.741599542921,347.8082944888103,349.50830078125,126765100,0.0,0.0,0.0
2021-02-01 00:00:00-05:00,352.95550032977303,356.37436253571553,349.8010797082136,355.3260498046875,75817600,0.0,0.0,0.0
2021-02-02 00:00:00-05:00,358.5560366522809,361.9276886938203,355.4110694281212,360.3504638671875,64450700,0.0,0.0,0.0
2021-02-03 00:00:00-05:00,361.1910347940909,362.3810364366792,359.33994354493296,360.6338195800781,52427100,0.0,0.0,0.0
2021-02-04 00:00:00-05:00,361.68202883731965,364.77978484199406,360.7470442841359,364.7325744628906,47142600,0.0,0.0,0.0
2021-02-05 00:00:00-05:00,366.6310073168109,366.8859953150962,364.68546647129796,366.168212890625,48669800,0.0,0.0,0.0
2021-02-08 00:00:00-05:00,367.64149894027054,368.859832458101,366.77263181556293,368.8126220703125,38365200,0.0,0.0,0.0
2021-02-09 00:00:00-05:00,367.9625927717028,369.17150146657843,367.5470664353014,368.5670471191406,35551100,0.0,0.0,0.0
2021-02-10 00:00:00-05:00,370.3331564199582,370.48427001264815,365.9698559106804,368.406494140625,59154400,0.0,0.0,0.0
2021-02-11 00:00:00-05:00,369.5019854101698,369.92699412120993,366.5364645036441,369.0014343261719,42913300,0.0,0.0,0.0
2021-02-12 00:00:00-05:00,368.1892887738823,371.06981415205564,368.11371756716676,370.82427978515625,50593300,0.0,0.0,0.0
2021-02-16 00:00:00-05:00,372.07097568186157,372.2693285145749,369.7759970916795,370.5032043457031,50972400,0.0,0.0,0.0
2021-02-17 00:00:00-05:00,368.72759028026013,370.84312271447357,367.69812723550217,370.588134765625,52290600,0.0,0.0,0.0
2021-02-18 00:00:00-05:00,367.94358370957934,369.76634206666074,366.1963677081147,369.01080322265625,59712800,0.0,0.0,0.0
2021-02-19 00:00:00-05:00,370.28594572500225,370.5787193037305,367.9059426695715,368.3592834472656,83241000,0.0,0.0,0.0
2021-02-22 00:00:00-05:00,365.5543024563739,367.97206230684793,365.2520752695719,365.5259704589844,67414200,0.0,0.0,0.0
2021-02-23 00:00:00-05:00,363.28764726534007,367.3392957242266,359.0754604325179,365.9698486328125,107284100,0.0,0.0,0.0
2021-02-24 00:00:00-05:00,364.8648772694198,370.4370869309673,363.8637748632781,370.00262451171875,72433900,0.0,0.0,0.0
2021-02-25 00:00:00-05:00,368.7181750810474,370.10650059110185,359.6232292725242,361.08709716796875,146670500,0.0,0.0,0.0
2021-02-26 00:00:00-05:00,362.9947678225911,364.15640817016526,357.21481160726444,359.2264404296875,152701600,0.0,0.0,0.0
2021-03-01 00:00:00-05:00,364.16596549251943,369.1998378389215,359.42489553923235,367.93426513671875,105348800,0.0,0.0,0.0
2021-03-02 00:00:00-05:00,368.16095848871817,368.3970680723539,364.553197133492,365.0632019042969,79595300,0.0,0.0,0.0
2021-03-03 00:00:00-05:00,364.35485180138636,365.33704685993314,360.12375793467703,360.2276611328125,119940200,0.0,0.0,0.0
2021-03-04 00:00:00-05:00,360.0388097084294,362.6643473200026,351.21775846923066,355.76995849609375,183433000,0.0,0.0,0.0
2021-03-05 00:00:00-05:00,359.32099818975814,363.3821002932164,351.93551236972115,362.31488037109375,152039600,0.0,0.0,0.0
2021-03-08 00:00:00-05:00,363.2876987203296,366.1398924719349,360.227727356225,360.51104736328125,123149200,0.0,0.0,0.0
2021-03-09 00:00:00-05:00,364.4115071910354,368.24592420831067,363.9015024621558,365.6581726074219,113633600,0.0,0.0,0.0
2021-03-10 00:00:00-05:00,368.03816833852795,369.65314978290337,366.602632479302,367.93426513671875,109899400,0.0,0.0,0.0
2021-03-11 00:00:00-05:00,370.4370671042668,373.6670301445737,369.9742727104435,371.6648254394531,86245000,0.0,0.0,0.0
2021-03-12 00:00:00-05:00,370.2859212945787,372.30700421509846,369.46426460706994,372.16534423828125,64653600,0.0,0.0,0.0
2021-03-15 00:00:00-04:00,372.42037866329116,374.64926825719897,370.24818188915265,374.38482666015625,73427200,0.0,0.0,0.0
2021-03-16 00:00:00-04:00,375.00811901454654,375.7258725165567,373.12866721706916,373.9125671386719,73722500,0.0,0.0,0.0
2021-03-17 00:00:00-04:00,372.6091735343251,375.9997029556404,371.44750426083027,375.1875,97959300,0.0,0.0,0.0
2021-03-18 00:00:00-04:00,372.56204424911056,374.67757689354085,369.03927888854525,369.7287292480469,115349100,0.0,0.0,0.0
2021-03-19 00:00:00-04:00,369.4236235546316,371.02495426639285,366.83685188570126,369.04461669921875,113624500,1.278,0.0,0.0
2021-03-22 00:00:00-04:00,369.5658066333613,373.393842993084,369.50895704177316,371.9914855957031,73778600,0.0,0.0,0.0
2021-03-23 00:00:00-04:00,371.34712280254854,372.8157852554577,368.2676450198155,369.0635681152344,90686600,0.0,0.0,0.0
2021-03-24 00:00:00-04:00,370.484828584715,372.1430087638026,367.14004343726725,367.1874084472656,97588600,0.0,0.0,0.0
2021-03-25 00:00:00-04:00,365.7282030551319,370.0583998475133,363.7573214267062,369.2530212402344,116128600,0.0,0.0,0.0
2021-03-26 00:00:00-04:00,370.41850058577035,375.6109838712181,369.81209543243585,375.20355224609375,114409100,0.0,0.0,0.0
2021-03-29 00:00:00-04:00,373.7064399120075,375.93314485193406,372.1998682078959,375.0140380859375,108107600,0.0,0.0,0.0
2021-03-30 00:00:00-04:00,373.72543255153346,374.7013889589555,372.3988651565854,374.0191650390625,76262200,0.0,0.0,0.0
2021-03-31 00:00:00-04:00,374.59713973566045,377.1175772647308,374.5687149442802,375.5351867675781,112734200,0.0,0.0,0.0
2021-04-01 00:00:00-04:00,377.4965093271987,379.6474241421575,377.28805125958957,379.5905456542969,99682900,0.0,0.0,0.0
2021-04-05 00:00:00-04:00,382.2911044778064,385.5885249698861,382.2153146703845,385.0389404296875,91684800,0.0,0.0,0.0
2021-04-06 00:00:00-04:00,384.47039545555276,385.87272358644833,384.1292690748167,384.8114929199219,62021000,0.0,0.0,0.0
2021-04-07 00:00:00-04:00,384.6409157660753,385.6073874267408,384.1766346128681,385.2568054199219,55836300,0.0,0.0,0.0
2021-04-08 00:00:00-04:00,386.5265616282946,387.14245138976935,385.5790300209889,387.0856018066406,57863100,0.0,0.0,0.0
2021-04-09 00:00:00-04:00,386.9624250726566,390.0703274119552,386.8392413440639,389.8997497558594,61104600,0.0,0.0,0.0
2021-04-12 00:00:00-04:00,389.29331215560774,390.31663342506135,388.6774224803388,390.0418701171875,56704900,0.0,0.0,0.0
2021-04-13 00:00:00-04:00,389.93764127349846,391.83270429408094,389.54914988431506,391.1978454589844,56551000,0.0,0.0,0.0
2021-04-14 00:00:00-04:00,391.16938548308264,392.24010062001537,389.31223198655294,389.86181640625,61659900,0.0,0.0,0.0
2021-04-15 00:00:00-04:00,392.0316496417344,394.32468845505394,391.98428463617046,394.0498962402344,60229800,0.0,0.0,0.0
2021-04-16 00:00:00-04:00,395.35761137679725,395.9829857838709,393.9173735678954,395.3670959472656,82037300,0.0,0.0,0.0
2021-04-19 00:00:00-04:00,394.4195166031893,394.87431326878766,392.0791123735648,393.4245910644531,78498500,0.0,0.0,0.0
2021-04-20 00:00:00-04:00,392.19282421679327,393.31090461102207,389.04701223499654,390.54412841796875,81851800,0.0,0.0,0.0
2021-04-21 00:00:00-04:00,389.9186995608864,394.4478990060897,389.7765467017933,394.23944091796875,66793000,0.0,0.0,0.0
2021-04-22 00:00:00-04:00,394.068974558913,394.9122627396065,389.5587143911716,390.6388854980469,97582800,0.0,0.0,0.0
2021-04-23 00:00:00-04:00,391.20735553836954,396.3050800227831,391.13156573580534,394.8742980957031,73209200,0.0,0.0,0.0
2021-04-26 00:00:00-04:00,395.5375747447861,396.2766482012412,394.94062523834776,395.6986389160156,52182400,0.0,0.0,0.0
2021-04-27 00:00:00-04:00,396.0018031233743,396.2008055432172,394.4573222677148,395.6133117675781,51303100,0.0,0.0,0.0
2021-04-28 00:00:00-04:00,395.88815571320487,397.0252051429718,395.02589853029906,395.4996643066406,51238900,0.0,0.0,0.0
2021-04-29 00:00:00-04:00,398.2664174737882,398.64542426239757,394.58999089991215,398.0200500488281,78544300,0.0,0.0,0.0
2021-04-30 00:00:00-04:00,395.7175782918712,396.5798354122802,394.4952545809215,395.4048767089844,85527000,0.0,0.0,0.0
2021-05-03 00:00:00-04:00,397.4231662919091,397.81165771224664,395.755530363194,396.2577209472656,68128300,0.0,0.0,0.0
2021-05-04 00:00:00-04:00,394.2394195202307,394.74161003485153,390.0702869004626,393.8130187988281,101591200,0.0,0.0,0.0
2021-05-05 00:00:00-04:00,395.48066858488505,395.7175514398124,393.3676631090422,393.9361877441406,60162200,0.0,0.0,0.0
2021-05-06 00:00:00-04:00,394.01200953765556,397.21467062302344,391.97482260308544,397.08203125,74321400,0.0,0.0,0.0
2021-05-07 00:00:00-04:00,397.8590688759871,400.6353296041109,397.1673603781489,399.9720458984375,67733800,0.0,0.0,0.0
2021-05-10 00:00:00-04:00,400.33209424888895,400.55949257581585,395.8881688065207,396.0113525390625,81852400,0.0,0.0,0.0
2021-05-11 00:00:00-04:00,391.4253350347283,393.48146254641534,388.5448306880246,392.4770812988281,116888000,0.0,0.0,0.0
2021-05-12 00:00:00-04:00,389.6533729507522,390.9420018573073,382.80271008075215,384.13873291015625,134811000,0.0,0.0,0.0
2021-05-13 00:00:00-04:00,385.71163647060126,390.71460139821215,385.66424254801444,388.7532043457031,106394000,0.0,0.0,0.0
2021-05-14 00:00:00-04:00,391.5294797482887,395.58491337776223,391.50105496018074,394.72265625,82201600,0.0,0.0,0.0
2021-05-17 00:00:00-04:00,393.5950764107055,394.542607796947,391.6715599369267,393.7182312011719,65129200,0.0,0.0,0.0
2021-05-18 00:00:00-04:00,393.9836299922977,394.229997462961,390.16507877886556,390.326171875,59810200,0.0,0.0,0.0
2021-05-19 00:00:00-04:00,385.56951751334515,389.4827981847287,384.0629170334815,389.3027648925781,106467100,0.0,0.0,0.0
2021-05-20 00:00:00-04:00,390.1934552554712,394.7700485364224,390.07030045175867,393.4908752441406,78022200,0.0,0.0,0.0
2021-05-21 00:00:00-04:00,394.9974605852987,396.25769370156235,392.70445049733877,393.1687316894531,76578700,0.0,0.0,0.0
2021-05-24 00:00:00-04:00,395.4428198904377,398.26647436419677,395.1964524302852,397.17681884765625,51376700,0.0,0.0,0.0
2021-05-25 00:00:00-04:00,398.27596143652727,398.636028086273,395.7081587892364,396.2956237792969,57451400,0.0,0.0,0.0
2021-05-26 00:00:00-04:00,396.8925133841192,397.5936774384187,395.84076730266986,397.08203125,43088600,0.0,0.0,0.0
2021-05-27 00:00:00-04:00,398.1243291855818,398.6454599520295,397.006220021991,397.2904968261719,56707700,0.0,0.0,0.0
2021-05-28 00:00:00-04:00,398.88232648286555,399.14763413940744,397.7642462814652,398.0011291503906,58520200,0.0,0.0,0.0
2021-06-01 00:00:00-04:00,400.39847086745795,400.5405948368615,397.2052937172458,397.650634765625,54216600,0.0,0.0,0.0
2021-06-02 00:00:00-04:00,398.31381878105344,399.1287109213791,397.29049746690623,398.2759094238281,49097100,0.0,0.0,0.0
2021-06-03 00:00:00-04:00,395.9261081148517,397.95381082152295,394.4384764754836,396.7978210449219,58138800,0.0,0.0,0.0
2021-06-04 00:00:00-04:00,398.6739709362318,400.7301274905272,396.864181882219,400.4269104003906,55938800,0.0,0.0,0.0
2021-06-07 00:00:00-04:00,400.4173368984328,400.5973701984432,399.09079856917214,400.038330078125,51555000,0.0,0.0,0.0
2021-06-08 00:00:00-04:00,400.9100651819755,401.004824121417,398.2664729446775,400.1236267089844,47134300,0.0,0.0,0.0
2021-06-09 00:00:00-04:00,400.9763638501355,401.05218256152716,399.2992435442599,399.5266418457031,48436300,0.0,0.0,0.0
2021-06-10 00:00:00-04:00,400.76796033647804,402.35035084311943,399.4319373008559,401.38385009765625,51020100,0.0,0.0,0.0
2021-06-11 00:00:00-04:00,401.9429045475261,402.1608183026852,400.6353063510963,402.047119140625,45570800,0.0,0.0,0.0
2021-06-14 00:00:00-04:00,402.1608287240005,403.0515107383776,400.9006244233522,402.9472961425781,42358500,0.0,0.0,0.0
2021-06-15 00:00:00-04:00,403.09893403238516,403.1368144792338,401.31756987386484,402.208251953125,51508500,0.0,0.0,0.0
2021-06-16 00:00:00-04:00,402.35035310077643,402.5777514344579,397.88748730405695,399.9625549316406,80386100,0.0,0.0,0.0
2021-06-17 00:00:00-04:00,399.54567761290207,400.82482218820564,397.3189724853758,399.8299255371094,90949700,0.0,0.0,0.0
2021-06-18 00:00:00-04:00,396.4989812988023,397.2024394893053,394.2269865697838,394.4361267089844,118676300,1.376,0.0,0.0
2021-06-21 00:00:00-04:00,396.223141612917,400.27284051424243,395.39609696652616,400.08270263671875,72822000,0.0,0.0,0.0
2021-06-22 00:00:00-04:00,400.07330258141474,403.0677862287972,399.3412977044952,402.2217102050781,57700300,0.0,0.0,0.0
2021-06-23 00:00:00-04:00,402.29774654472567,403.11527570892883,401.65132408777833,401.73687744140625,49445400,0.0,0.0,0.0
2021-06-24 00:00:00-04:00,403.9138093571336,404.54120058237004,403.6571202994765,404.1134338378906,45110300,0.0,0.0,0.0
2021-06-25 00:00:00-04:00,404.8739184533192,406.0051721709191,404.5411916520895,405.5488586425781,58129500,0.0,0.0,0.0
2021-06-28 00:00:00-04:00,406.0811857393879,406.5374701969923,404.8643788341677,406.3663635253906,53159600,0.0,0.0,0.0
2021-06-29 00:00:00-04:00,406.7562202367012,407.402642708967,406.04324659526856,406.5851135253906,35970500,0.0,0.0,0.0
2021-06-30 00:00:00-04:00,406.11929502942223,407.61179352069354,406.090777243454,406.9273376464844,64827900,0.0,0.0,0.0
2021-07-01 00:00:00-04:00,407.6974062958778,409.3420095556526,407.6308551152621,409.1803894042969,53441000,0.0,0.0,0.0
2021-07-02 00:00:00-04:00,410.35913926494555,412.66916699871274,409.26588975951665,412.30792236328125,57697700,0.0,0.0,0.0
2021-07-06 00:00:00-04:00,412.3649884908078,412.5836442102897,408.78111767931784,411.55694580078125,68710400,0.0,0.0,0.0
2021-07-07 00:00:00-04:00,412.25085894497533,413.2965593950735,410.20700702626635,413.0113525390625,63549500,0.0,0.0,0.0
2021-07-08 00:00:00-04:00,407.6117832970268,410.41615789444114,406.41397829446083,409.6461486816406,97595200,0.0,0.0,0.0
2021-07-09 00:00:00-04:00,411.17666391256626,414.3232520279394,409.4465075257706,414.01904296875,76238600,0.0,0.0,0.0
2021-07-12 00:00:00-04:00,413.9334779461837,415.7587032389146,413.496195567779,415.50201416015625,52889600,0.0,0.0,0.0
2021-07-13 00:00:00-04:00,414.7034759613988,416.22449216243734,413.8193956297036,414.0855712890625,52911300,0.0,0.0,0.0
2021-07-14 00:00:00-04:00,415.8061966732389,416.3005436016845,413.4391336106957,414.7034606933594,64130400,0.0,0.0,0.0
2021-07-15 00:00:00-04:00,413.34405338768903,414.0285091837392,411.35723716285577,413.2870178222656,55126400,0.0,0.0,0.0
2021-07-16 00:00:00-04:00,414.4848414209105,414.5323613905846,409.64613066269266,410.0453796386719,75874700,0.0,0.0,0.0
2021-07-19 00:00:00-04:00,405.14963975004764,410.11193732143056,401.13797367501417,403.9898681640625,147987000,0.0,0.0,0.0
2021-07-20 00:00:00-04:00,404.6647430213327,411.0720179989587,403.85670057779765,409.7791442871094,99608200,0.0,0.0,0.0
2021-07-21 00:00:00-04:00,410.9960362491932,413.2395417678081,409.7317090666611,413.096923828125,64724400,0.0,0.0,0.0
2021-07-22 00:00:00-04:00,413.27748880625063,414.2091180295339,412.27933743277936,413.9619445800781,47878500,0.0,0.0,0.0
2021-07-23 00:00:00-04:00,415.92028419628025,418.5630386106719,415.2263417670333,418.2208251953125,63766600,0.0,0.0,0.0
2021-07-26 00:00:00-04:00,417.6218650031492,419.25695212065085,417.57434503901675,419.2474365234375,43719200,0.0,0.0,0.0
2021-07-27 00:00:00-04:00,418.19229347789627,418.22081126155945,414.4658053504121,417.33673095703125,67397100,0.0,0.0,0.0
2021-07-28 00:00:00-04:00,417.9736003406682,418.562987157538,415.7206086002614,417.1655578613281,52472400,0.0,0.0,0.0
2021-07-29 00:00:00-04:00,418.1067405969104,419.9889723427354,418.0972249986886,418.895751953125,47435300,0.0,0.0,0.0
2021-07-30 00:00:00-04:00,416.29106546322566,418.3349174931453,416.157963120984,416.8614501953125,68951200,0.0,0.0,0.0
2021-08-02 00:00:00-04:00,418.6010222075262,419.1618912455279,415.6255413192208,415.9867858886719,58783300,0.0,0.0,0.0
2021-08-03 00:00:00-04:00,416.79482976598644,419.49461943753977,414.57035579036074,419.37103271484375,58053900,0.0,0.0,0.0
2021-08-04 00:00:00-04:00,418.0687211369067,419.34256386932987,417.0705696633648,417.3082275390625,46732200,0.0,0.0,0.0
2021-08-05 00:00:00-04:00,418.4869776972188,420.03651160105863,418.1637664858303,419.9509582519531,38969700,0.0,0.0,0.0
2021-08-06 00:00:00-04:00,420.2742272656481,421.0727543114276,419.989020385101,420.64495849609375,46930000,0.0,0.0,0.0
2021-08-09 00:00:00-04:00,420.61643002356163,420.9396412711918,419.523209536671,420.302734375,41222600,0.0,0.0,0.0
2021-08-10 00:00:00-04:00,420.7589798405117,421.5480202045592,420.06503743636375,420.8255310058594,43339300,0.0,0.0,0.0
2021-08-11 00:00:00-04:00,421.90927972100116,421.96631529018134,420.7685103154545,421.8712463378906,44034300,0.0,0.0,0.0
2021-08-12 00:00:00-04:00,421.71909706184334,423.2781464832396,420.8064990408373,423.1355285644531,38909400,0.0,0.0,0.0
2021-08-13 00:00:00-04:00,423.59185399628745,423.9245807978689,423.0975360982888,423.90557861328125,39470300,0.0,0.0,0.0
2021-08-16 00:00:00-04:00,422.5842348114402,425.0368514052777,421.00618298307535,424.9037780761719,73740000,0.0,0.0,0.0
2021-08-17 00:00:00-04:00,422.3085781541518,422.9930340754298,419.0859520742416,422.11846923828125,92673900,0.0,0.0,0.0
2021-08-18 00:00:00-04:00,421.0917688855541,422.6793364354749,417.2512380777837,417.4983825683594,89351900,0.0,0.0,0.0
2021-08-19 00:00:00-04:00,414.7320116422685,419.36161161274106,414.5894227134181,418.144775390625,92812200,0.0,0.0,0.0
2021-08-20 00:00:00-04:00,418.4965325178458,421.80471170385533,418.0021855509453,421.47198486328125,72008700,0.0,0.0,0.0
2021-08-23 00:00:00-04:00,423.183111457017,426.1015570517943,421.5480241573963,425.179443359375,54973000,0.0,0.0,0.0
2021-08-24 00:00:00-04:00,425.8543395996094,426.396206447748,425.3315039460515,425.8543395996094,38744700,0.0,0.0,0.0
2021-08-25 00:00:00-04:00,426.04452782045337,427.2708215551792,425.664252015514,426.74798583984375,40529700,0.0,0.0,0.0
2021-08-26 00:00:00-04:00,426.46275092991425,426.70040878688087,424.1337213382227,424.2287902832031,57829600,0.0,0.0,0.0
2021-08-27 00:00:00-04:00,425.04630861520303,428.4020363100986,424.98927305185384,428.02178955078125,77235100,0.0,0.0,0.0
2021-08-30 00:00:00-04:00,428.7063087400717,430.7026407855135,428.4591352550156,429.90411376953125,48357400,0.0,0.0,0.0
2021-08-31 00:00:00-04:00,429.808987231678,430.15120061655034,428.65873134012105,429.2671203613281,59300200,0.0,0.0,0.0
2021-09-01 00:00:00-04:00,430.21782008572575,430.7406558437274,429.257672918551,429.4953308105469,48721400,0.0,0.0,0.0
2021-09-02 00:00:00-04:00,430.9402676418323,431.6342100522573,429.59987377942156,430.8166809082031,42501000,0.0,0.0,0.0
2021-09-03 00:00:00-04:00,429.6664561947234,431.23499244193107,429.2576625819947,430.7121276855469,47170500,0.0,0.0,0.0
2021-09-07 00:00:00-04:00,430.3603473952966,430.4554163406766,428.4876023140892,429.17205810546875,51671500,0.0,0.0,0.0
2021-09-08 00:00:00-04:00,428.6302592881898,429.3717507121575,426.700449455163,428.6492614746094,56181900,0.0,0.0,0.0
2021-09-09 00:00:00-04:00,428.44960139657144,430.22727754672087,426.5673407023706,426.81451416015625,57970400,0.0,0.0,0.0
2021-09-10 00:00:00-04:00,428.77275995988686,429.20052664856854,423.32563203628115,423.44921875,89948200,0.0,0.0,0.0
2021-09-13 00:00:00-04:00,426.491317022064,426.7574926734723,422.1849286084342,424.5329895019531,83738600,0.0,0.0,0.0
2021-09-14 00:00:00-04:00,425.99701218657503,426.206152291275,421.3389233211386,422.2420349121094,78197100,0.0,0.0,0.0
2021-09-15 00:00:00-04:00,422.66976145601495,426.2726628666368,421.5480232789884,425.7688293457031,78792200,0.0,0.0,0.0
2021-09-16 00:00:00-04:00,425.2364609835419,426.22509678924547,422.09935983764854,425.0938720703125,77786700,0.0,0.0,0.0
2021-09-17 00:00:00-04:00,424.30999520522346,424.73913240456704,420.5906315207667,420.9530334472656,118425000,1.428,0.0,0.0
2021-09-20 00:00:00-04:00,414.7350756994289,416.33724614125543,408.9939212936801,413.9339904785156,166445500,0.0,0.0,0.0
2021-09-21 00:00:00-04:00,416.30862627324524,417.62470521082247,413.0089119498111,413.54296875,92526100,0.0,0.0,0.0
2021-09-22 00:00:00-04:00,415.8508428137117,419.64648773838996,413.6573973626333,417.5769958496094,102350100,0.0,0.0,0.0
2021-09-23 00:00:00-04:00,419.4748723554396,424.281413020927,419.2364530837932,422.6506042480469,76396000,0.0,0.0,0.0
2021-09-24 00:00:00-04:00,420.99118782666477,424.07157509176756,420.77183163372365,423.3467712402344,62094800,0.0,0.0,0.0
2021-09-27 00:00:00-04:00,422.2976983869445,423.48024852105607,421.4298488484263,422.1355895996094,61371100,0.0,0.0,0.0
2021-09-28 00:00:00-04:00,419.32229883446155,419.6560916501211,412.8849782189904,413.62884521484375,130436300,0.0,0.0,0.0
2021-09-29 00:00:00-04:00,415.03072392132714,416.79503231098124,413.75280014769555,414.32501220703125,82329200,0.0,0.0,0.0
2021-09-30 00:00:00-04:00,415.82226003487716,416.5375178278321,408.9176474534713,409.260986328125,140506000,0.0,0.0,0.0
2021-10-01 00:00:00-04:00,411.0157578558942,415.8318154617675,407.4394688107661,414.1247253417969,129240100,0.0,0.0,0.0
2021-10-04 00:00:00-04:00,412.9421363557012,413.85765811630904,406.6097071770432,408.78411865234375,128570000,0.0,0.0,0.0
2021-10-05 00:00:00-04:00,410.31000512111785,415.3168096390159,409.49940291087506,413.03753662109375,90682500,0.0,0.0,0.0
2021-10-06 00:00:00-04:00,409.3849137272136,414.96392997639083,407.73507115010665,414.7541198730469,113032200,0.0,0.0,0.0
2021-10-07 00:00:00-04:00,418.08254449945895,421.2201214037191,417.9013435105908,418.34002685546875,72437500,0.0,0.0,0.0
2021-10-08 00:00:00-04:00,419.12197703171404,419.51298809287215,416.9380485599433,417.5769958496094,74557400,0.0,0.0,0.0
2021-10-11 00:00:00-04:00,416.90944691402154,419.8658514780716,414.48709914947455,414.5538635253906,65233300,0.0,0.0,0.0
2021-10-12 00:00:00-04:00,415.48850272539227,415.8985768813747,412.7323620176891,413.533447265625,71181200,0.0,0.0,0.0
2021-10-13 00:00:00-04:00,414.5728583595357,415.8507818554534,411.54971902101846,415.0210876464844,72974000,0.0,0.0,0.0
2021-10-14 00:00:00-04:00,418.74051731047194,422.1546975373696,418.26367877294325,422.0021057128906,70236800,0.0,0.0,0.0
2021-10-15 00:00:00-04:00,424.1477984010971,425.58785982359063,423.5183681588928,425.2159118652344,66260200,0.0,0.0,0.0
2021-10-18 00:00:00-04:00,423.4039515741671,426.8181022084713,422.7363660756148,426.47479248046875,62213200,0.0,0.0,0.0
2021-10-19 00:00:00-04:00,428.1246890542102,429.83174991906014,427.5047757248327,429.7650146484375,46996800,0.0,0.0,0.0
2021-10-20 00:00:00-04:00,430.23226713693606,431.75815600688003,430.1178305648744,431.4529724121094,49571600,0.0,0.0,0.0
2021-10-21 00:00:00-04:00,430.8427003217251,432.8072728528452,430.4040169973558,432.5783996582031,41305400,0.0,0.0,0.0
2021-10-22 00:00:00-04:00,432.13967303658393,433.6083437975241,430.15600853538183,432.130126953125,58845100,0.0,0.0,0.0
2021-10-25 00:00:00-04:00,433.23644185073766,434.78139413186784,431.43400722405784,434.4476013183594,45214500,0.0,0.0,0.0
2021-10-26 00:00:00-04:00,436.02108009548556,437.25130231281827,434.4570360462909,434.8385009765625,56075100,0.0,0.0,0.0
2021-10-27 00:00:00-04:00,435.30590916317055,435.9830117320948,432.83585994655346,432.91217041015625,72438000,0.0,0.0,0.0
2021-10-28 00:00:00-04:00,434.3617324728018,437.16554527278834,434.35221549315105,437.0892639160156,51437900,0.0,0.0,0.0
2021-10-29 00:00:00-04:00,434.75273282894085,438.2718033155484,434.4570952848768,437.9761657714844,70162400,0.0,0.0,0.0
2021-11-01 00:00:00-04:00,438.9774894395595,439.3589835035539,436.9747911231437,438.72955322265625,48433600,0.0,0.0,0.0
2021-11-02 00:00:00-04:00,438.9012171234956,440.81811715005455,438.76768837756686,440.5033874511719,48908400,0.0,0.0,0.0
2021-11-03 00:00:00-04:00,439.931191373681,443.60285366879407,439.48296201655427,443.1927795410156,52509800,0.0,0.0,0.0
2021-11-04 00:00:00-04:00,443.8031247072219,445.3671689921905,443.45026886593126,445.2813415527344,52847100,0.0,0.0,0.0
2021-11-05 00:00:00-04:00,447.5415211453702,448.8480539196259,445.29085749708673,446.8262634277344,66390600,0.0,0.0,0.0
2021-11-08 00:00:00-05:00,447.94208304539654,448.44753067375456,446.511567594884,447.2077331542969,50405200,0.0,0.0,0.0
2021-11-09 00:00:00-05:00,447.5796582547825,447.81807748434323,444.29900732771347,445.7295227050781,51149100,0.0,0.0,0.0
2021-11-10 00:00:00-05:00,444.0129366133766,445.72957272118686,440.6369408987847,442.14373779296875,69429700,0.0,0.0,0.0
2021-11-11 00:00:00-05:00,443.660040283422,443.73635073667003,442.26768010270575,442.2867431640625,34848500,0.0,0.0,0.0
2021-11-12 00:00:00-05:00,443.57423409446204,446.1872997170934,442.61101102747233,445.6246337890625,53466700,0.0,0.0,0.0
2021-11-15 00:00:00-05:00,446.93116117829805,447.09326995484713,444.63279633218366,445.7771911621094,46980500,0.0,0.0,0.0
2021-11-16 00:00:00-05:00,445.5101977888473,448.695475426756,445.43391643575706,447.5415344238281,48857500,0.0,0.0,0.0
2021-11-17 00:00:00-05:00,447.2744939182577,447.4556948688403,445.82491541750846,446.454345703125,47858300,0.0,0.0,0.0
2021-11-18 00:00:00-05:00,447.5034120948414,448.2377620538931,444.7377544553832,447.9707336425781,50625600,0.0,0.0,0.0
2021-11-19 00:00:00-05:00,447.85629731943055,449.12470418429535,446.79772968855394,447.169677734375,57315600,0.0,0.0,0.0
2021-11-22 00:00:00-05:00,449.077011994333,451.60425042330013,445.700986998401,445.9107971191406,72762000,0.0,0.0,0.0
2021-11-23 00:00:00-05:00,445.5769463532332,447.3698636783138,442.9352716755242,446.50201416015625,73206500,0.0,0.0,0.0
2021-11-24 00:00:00-05:00,444.470719774113,447.81813550409174,443.6410254043711,447.69415283203125,61858800,0.0,0.0,0.0
2021-11-26 00:00:00-05:00,440.9230853023985,442.4108193121048,436.5647737887728,437.7091979980469,112669600,0.0,0.0,0.0
2021-11-29 00:00:00-05:00,442.5729214615626,444.94756803437633,440.3413206273676,443.078369140625,86268800,0.0,0.0,0.0
2021-11-30 00:00:00-05:00,440.5987126024683,442.53467547853495,434.2090659513021,434.45703125,148559600,0.0,0.0,0.0
2021-12-01 00:00:00-05:00,440.255476284429,443.1451165092619,429.4312362177618,429.6315002441406,131939200,0.0,0.0,0.0
2021-12-02 00:00:00-05:00,429.8508136768562,437.8044757905889,429.450256560032,436.2118225097656,127637800,0.0,0.0,0.0
2021-12-03 00:00:00-05:00,437.8998718852119,438.97750242575154,428.12468283635246,432.4162292480469,137331600,0.0,0.0,0.0
2021-12-06 00:00:00-05:00,435.00072163378235,439.4448602217589,432.54976460690034,437.5375061035156,98977500,0.0,0.0,0.0
2021-12-07 00:00:00-05:00,442.8971953402334,447.16013323607007,437.40400580897654,446.5879211425781,95484700,0.0,0.0,0.0
2021-12-08 00:00:00-05:00,446.98845370005677,448.22822224768674,445.20505313446404,447.77044677734375,72238800,0.0,0.0,0.0
2021-12-09 00:00:00-05:00,446.4639215647234,447.87537412806796,444.547050414352,444.747314453125,61272600,0.0,0.0,0.0
2021-12-10 00:00:00-05:00,447.493836035546,449.08646020936806,444.899833623562,448.9338684082031,77159800,0.0,0.0,0.0
2021-12-13 00:00:00-05:00,448.40930616295606,448.76216192960413,444.6708802241806,444.9570007324219,87724700,0.0,0.0,0.0
2021-12-14 00:00:00-05:00,441.638239145863,444.1654771502372,438.9298001992969,441.8957214355469,97264100,0.0,0.0,0.0
2021-12-15 00:00:00-05:00,441.95302096538023,449.0483512755939,439.3971444122689,448.8004150390625,116899300,0.0,0.0,0.0
2021-12-16 00:00:00-05:00,450.6791499909148,450.96524145132787,443.26906102317787,444.8426513671875,116568600,0.0,0.0,0.0
2021-12-17 00:00:00-05:00,441.7159532044379,444.768872728644,438.37593716322283,440.108154296875,135511600,1.633,0.0,0.0
2021-12-20 00:00:00-05:00,434.9498615020751,435.83031043202544,431.75339320981686,435.4283752441406,107134800,0.0,0.0,0.0
2021-12-21 00:00:00-05:00,438.90234893763534,443.3046810901129,436.70119746447665,443.1611328125,69806300,0.0,0.0,0.0
2021-12-22 00:00:00-05:00,442.9027344990818,447.7070017050684,442.70173770944325,447.5921630859375,58890200,0.0,0.0,0.0
2021-12-23 00:00:00-05:00,448.6066599555232,451.8988370338765,448.5014009449451,450.3771667480469,56439700,0.0,0.0,0.0
2021-12-27 00:00:00-05:00,451.77439144908834,456.7987857366245,451.7265517573857,456.7509460449219,56808600,0.0,0.0,0.0
2021-12-28 00:00:00-05:00,457.1911647386783,458.2343211776127,455.60249563164706,456.377685546875,47274600,0.0,0.0,0.0
2021-12-29 00:00:00-05:00,456.48300356710433,457.99509421973374,455.4685567178116,456.9615173339844,54503000,0.0,0.0,0.0
2021-12-30 00:00:00-05:00,457.3921398075276,458.4161662279957,455.2292775473095,455.6982116699219,55329000,0.0,0.0,0.0
2021-12-31 00:00:00-05:00,455.20051394541815,456.3680593031638,454.2721962248872,454.5497131347656,65237400,0.0,0.0,0.0
2022-01-03 00:00:00-05:00,455.8321369394416,457.3155469266343,453.48743734341446,457.1815490722656,72668200,0.0,0.0,0.0
2022-01-04 00:00:00-05:00,458.6267216829484,459.354071932036,455.1431275490676,457.0284729003906,71178700,0.0,0.0,0.0
2022-01-05 00:00:00-05:00,456.65520192307395,457.43997140782875,448.15679385928706,448.25250244140625,104538900,0.0,0.0,0.0
2022-01-06 00:00:00-05:00,447.78364223772036,450.5877259988944,445.42933339501394,447.83148193359375,86858900,0.0,0.0,0.0
2022-01-07 00:00:00-05:00,447.84102993925603,449.0373143132725,444.6828216681558,446.0609436035156,85111600,0.0,0.0,0.0
2022-01-10 00:00:00-05:00,442.81661456625085,445.72595699743675,436.97874125670006,445.505859375,119362000,0.0,0.0,0.0
2022-01-11 00:00:00-05:00,445.2379059635614,449.6593682574006,442.1945363741295,449.56365966796875,74303100,0.0,0.0,0.0
2022-01-12 00:00:00-05:00,451.32453482828026,452.86536408430504,448.78841813387174,450.7790222167969,67605400,0.0,0.0,0.0
2022-01-13 00:00:00-05:00,451.8987654380845,452.55911667341053,443.52477577896656,444.56793212890625,91173100,0.0,0.0,0.0
2022-01-14 00:00:00-05:00,441.3715413044891,445.1039429351773,440.1369675783588,444.7498474121094,95890900,0.0,0.0,0.0
2022-01-18 00:00:00-05:00,439.98378276118797,440.1943299647229,435.74415824190055,436.8734436035156,109709100,0.0,0.0,0.0
2022-01-19 00:00:00-05:00,438.4429981153712,439.85938007454223,432.05961205997914,432.337158203125,109357600,0.0,0.0,0.0
2022-01-20 00:00:00-05:00,434.2512249212793,439.0267827650756,425.39872061158934,427.5520324707031,122379700,0.0,0.0,0.0
2022-01-21 00:00:00-05:00,426.4131604566452,428.80572914993644,419.13019537322384,419.1589050292969,202271200,0.0,0.0,0.0
2022-01-24 00:00:00-05:00,413.46458253400397,421.45576786257226,402.6788933090271,420.93896484375,251783900,0.0,0.0,0.0
2022-01-25 00:00:00-05:00,414.4503313578086,420.82413808243444,408.79429526605276,415.79974365234375,167997300,0.0,0.0,0.0
2022-01-26 00:00:00-05:00,421.78110822862436,424.95844614080795,410.4307483106724,414.75653076171875,186391100,0.0,0.0,0.0
2022-01-27 00:00:00-05:00,419.4269093164766,422.6137982521513,410.9954988187157,412.70855712890625,149878300,0.0,0.0,0.0
2022-01-28 00:00:00-05:00,414.08664941998336,423.00615268055435,409.43550981444423,422.95831298828125,164457400,0.0,0.0,0.0
2022-01-31 00:00:00-05:00,422.2787320282916,430.9302673160311,420.9101899484636,430.576171875,152251400,0.0,0.0,0.0
2022-02-01 00:00:00-05:00,431.3132157908661,434.1364590506402,427.7339417134051,433.4856872558594,123155400,0.0,0.0,0.0
2022-02-02 00:00:00-05:00,435.92599609180166,438.43340329534857,433.5812671965499,437.6965026855469,117361000,0.0,0.0,0.0
2022-02-03 00:00:00-05:00,431.5715531563376,433.5047381488881,426.5567093082935,427.4084777832031,118024400,0.0,0.0,0.0
2022-02-04 00:00:00-05:00,427.16925333912457,433.32293348414623,424.7575252180446,429.41827392578125,118454400,0.0,0.0,0.0
2022-02-07 00:00:00-05:00,430.1934731694811,431.6098552838783,426.69074875176057,428.0401611328125,84472900,0.0,0.0,0.0
2022-02-08 00:00:00-05:00,427.5329036224321,432.4998786610754,426.08778275810846,431.5619812011719,81012000,0.0,0.0,0.0
2022-02-09 00:00:00-05:00,435.65807655588094,438.2037733090083,435.457108950839,437.8783874511719,92589900,0.0,0.0,0.0
2022-02-10 00:00:00-05:00,431.9448123404388,438.0410731811093,427.98273345754336,430.0116271972656,140103700,0.0,0.0,0.0
2022-02-11 00:00:00-05:00,430.09772579352585,432.2031687380772,420.0776468513901,421.5323181152344,153214600,0.0,0.0,0.0
2022-02-14 00:00:00-05:00,421.01555344290733,422.6233526440916,416.6323511083873,420.1542053222656,123006300,0.0,0.0,0.0
2022-02-15 00:00:00-05:00,424.6618117169292,427.1022200941114,424.13542908232864,426.9299621582031,88482700,0.0,0.0,0.0
2022-02-16 00:00:00-05:00,424.85320156463507,428.8057297242315,422.94872622819605,427.4084777832031,84863600,0.0,0.0,0.0
2022-02-17 00:00:00-05:00,424.1737044183482,427.3797521933554,417.66592948896994,418.2784118652344,102259100,0.0,0.0,0.0
2022-02-18 00:00:00-05:00,418.5367995555497,419.80966241249763,413.2635981952447,415.5700378417969,132642900,0.0,0.0,0.0
2022-02-22 00:00:00-05:00,413.33069327784824,416.7855491380811,407.5597884057087,411.1103820800781,124391800,0.0,0.0,0.0
2022-02-23 00:00:00-05:00,414.0675362495683,414.6417586110405,403.2435571795435,403.8177795410156,132578000,0.0,0.0,0.0
2022-02-24 00:00:00-05:00,393.35740361011335,410.3350900718433,392.99375772002986,409.89483642578125,213942900,0.0,0.0,0.0
2022-02-25 00:00:00-05:00,411.1485639880856,419.02491070722886,409.47376588861783,418.93878173828125,121804500,0.0,0.0,0.0
2022-02-28 00:00:00-05:00,413.4645202048917,419.3693917387297,412.19168669440745,417.8668518066406,145615000,0.0,0.0,0.0
2022-03-01 00:00:00-05:00,416.3452113728505,418.3836844230095,408.7559618376784,411.5026550292969,137785900,0.0,0.0,0.0
2022-03-02 00:00:00-05:00,413.7899739516777,420.82413189155534,413.0243636370108,419.0727844238281,117726500,0.0,0.0,0.0
2022-03-03 00:00:00-05:00,421.5418796596606,422.15436203695566,415.158493753946,416.9864196777344,105501700,0.0,0.0,0.0
2022-03-04 00:00:00-05:00,413.19663787985706,414.7470178122338,409.4929459955876,413.5986022949219,113978200,0.0,0.0,0.0
2022-03-07 00:00:00-05:00,413.0052049768461,413.7229756001678,401.339037442631,401.4060363769531,137896600,0.0,0.0,0.0
2022-03-08 00:00:00-05:00,401.58784869014323,408.8516834367414,397.28122522097095,398.3626708984375,164772700,0.0,0.0,0.0
2022-03-09 00:00:00-05:00,406.8706794586661,411.05288489992864,404.65036868144006,409.0431213378906,116990800,0.0,0.0,0.0
2022-03-10 00:00:00-05:00,404.3632832868927,408.10526463590566,402.3726787677613,407.19610595703125,93972700,0.0,0.0,0.0
2022-03-11 00:00:00-05:00,409.72258338788305,410.3446453833314,401.50172117403196,402.0185241699219,95636300,0.0,0.0,0.0
2022-03-14 00:00:00-04:00,402.80332591607095,406.30602092919,397.92247973490345,399.0804748535156,95729200,0.0,0.0,0.0
2022-03-15 00:00:00-04:00,401.73144560536934,408.49763741787274,400.439481773117,407.8564453125,106219100,0.0,0.0,0.0
2022-03-16 00:00:00-04:00,411.41655039709866,416.95771838359593,406.54525490534803,416.9002990722656,144954800,0.0,0.0,0.0
2022-03-17 00:00:00-04:00,414.957543290102,422.1161193847656,414.57473813772754,422.1161193847656,102676900,0.0,0.0,0.0
2022-03-18 00:00:00-04:00,420.4802778464497,427.06586813559943,419.7314785235304,426.7394714355469,106345500,1.366,0.0,0.0
2022-03-21 00:00:00-04:00,426.5666674499668,428.6018640552735,423.0530617024134,426.61468505859375,88349800,0.0,0.0,0.0
2022-03-22 00:00:00-04:00,428.0259067400327,432.557111308015,428.0259067400327,431.6067199707031,74650400,0.0,0.0,0.0
2022-03-23 00:00:00-04:00,429.03389607889636,430.55068422258705,425.9618822653039,426.04827880859375,79426100,0.0,0.0,0.0
2022-03-24 00:00:00-04:00,428.1026814781251,432.48028198868747,426.96988777076336,432.4706726074219,64736900,0.0,0.0,0.0
2022-03-25 00:00:00-04:00,433.1138723792305,434.8610804950929,430.4930602054369,434.5826721191406,77101300,0.0,0.0,0.0
2022-03-28 00:00:00-04:00,433.9778506287421,437.6738586425781,432.05784950954336,437.6738586425781,68529800,0.0,0.0,0.0
2022-03-29 00:00:00-04:00,441.61945711757664,443.5874758885129,438.89305898073854,443.0882568359375,86581500,0.0,0.0,0.0
2022-03-30 00:00:00-04:00,441.9266807000324,442.75229646538446,438.21148299818276,440.352294921875,79666900,0.0,0.0,0.0
2022-03-31 00:00:00-04:00,439.57464920569635,440.4098449649705,433.1138352027156,433.57464599609375,121699900,0.0,0.0,0.0
2022-04-01 00:00:00-04:00,435.1779434126898,435.32193766772076,431.17475663833835,434.8035583496094,89048800,0.0,0.0,0.0
2022-04-04 00:00:00-04:00,435.0050735063804,438.63387457698553,434.16987767775674,438.52825927734375,59601000,0.0,0.0,0.0
2022-04-05 00:00:00-04:00,437.01141801149186,439.517005192233,431.8274212986323,432.989013671875,74214500,0.0,0.0,0.0
2022-04-06 00:00:00-04:00,429.0146791745913,430.9730592910336,425.73146425508475,428.6594543457031,106898000,0.0,0.0,0.0
2022-04-07 00:00:00-04:00,427.7666934374089,432.66270269556367,425.78909440832166,430.8194885253906,78097200,0.0,0.0,0.0
2022-04-08 00:00:00-04:00,430.0514443088947,432.60504926824444,428.102644378982,429.6674499511719,79272700,0.0,0.0,0.0
2022-04-11 00:00:00-04:00,426.34586197932674,427.2002765950259,421.814687170573,422.323486328125,89770500,0.0,0.0,0.0
2022-04-12 00:00:00-04:00,425.35707957778624,427.9202942308347,419.18428236472414,420.7586975097656,84363600,0.0,0.0,0.0
2022-04-13 00:00:00-04:00,420.5090786581879,426.34586965168734,420.3266761930572,425.577880859375,74070400,0.0,0.0,0.0
2022-04-14 00:00:00-04:00,425.8082702634076,426.9410932792198,420.1730712191211,420.2786865234375,97869500,0.0,0.0,0.0
2022-04-18 00:00:00-04:00,419.3378423677162,422.16024635852625,418.18582997669046,420.4514465332031,66002500,0.0,0.0,0.0
2022-04-19 00:00:00-04:00,420.3458213352626,427.9682279476347,420.1730282697468,427.2386474609375,77821000,0.0,0.0,0.0
2022-04-20 00:00:00-04:00,429.0434975011507,429.66749205570903,425.7410929667158,426.921875,65224400,0.0,0.0,0.0
2022-04-21 00:00:00-04:00,430.5987206798366,432.00992287579226,419.6163103663754,420.53790283203125,85417300,0.0,0.0,0.0
2022-04-22 00:00:00-04:00,419.43385889265255,420.55704317026596,408.4226510164796,408.9986572265625,132471800,0.0,0.0,0.0
2022-04-25 00:00:00-04:00,406.72344341145725,411.5426355959817,402.0866243771724,411.3698425292969,119647700,0.0,0.0,0.0
2022-04-26 00:00:00-04:00,408.797024466447,408.99864567726297,399.4274389481225,399.45623779296875,103996300,0.0,0.0,0.0
2022-04-27 00:00:00-04:00,400.5506689253032,406.00349497952044,398.40988618789964,400.5794677734375,122030000,0.0,0.0,0.0
2022-04-28 00:00:00-04:00,405.3986528084858,412.4546629252452,400.89624774811995,410.6978454589844,105449100,0.0,0.0,0.0
2022-04-29 00:00:00-04:00,406.646698949689,408.83549940585186,394.76188542222087,395.5202941894531,145491100,0.0,0.0,0.0
2022-05-02 00:00:00-04:00,395.58745703394555,399.2834652291176,388.8194351785775,397.90106201171875,158312500,0.0,0.0,0.0
2022-05-03 00:00:00-04:00,398.40987096264143,402.1730570272212,396.82584648510385,399.7250671386719,100028200,0.0,0.0,0.0
2022-05-04 00:00:00-04:00,400.3969805283091,412.47380276848446,397.1617836529893,411.8977966308594,144247900,0.0,0.0,0.0
2022-05-05 00:00:00-04:00,407.56824001066565,408.0002519962424,393.0626451139667,397.2578430175781,172929100,0.0,0.0,0.0
2022-05-06 00:00:00-04:00,394.65629743720575,398.20828248333913,389.50109831596944,394.8866882324219,151770800,0.0,0.0,0.0
2022-05-09 00:00:00-04:00,388.8962666686615,390.153865168307,380.64025527247725,382.24346923828125,155586100,0.0,0.0,0.0
2022-05-10 00:00:00-04:00,388.3106764228604,389.8370740306688,379.0274859966535,383.1266784667969,132497200,0.0,0.0,0.0
2022-05-11 00:00:00-04:00,382.14743220860186,387.8786367575438,376.28181351795746,377.04022216796875,142361000,0.0,0.0,0.0
2022-05-12 00:00:00-04:00,373.795464257162,379.9682616672203,369.74426017045835,376.64666748046875,125090800,0.0,0.0,0.0
2022-05-13 00:00:00-04:00,380.84181601601574,387.0530208447135,379.78580953492104,385.65142822265625,104174400,0.0,0.0,0.0
2022-05-16 00:00:00-04:00,383.98105340001786,387.8114464475931,381.69624726746645,384.0866394042969,78622400,0.0,0.0,0.0
2022-05-17 00:00:00-04:00,390.269047975236,392.22745742860633,386.47703383567045,391.9874572753906,83029700,0.0,0.0,0.0
2022-05-18 00:00:00-04:00,387.3602425939615,387.64823105557144,374.9282230893509,376.1858215332031,117674500,0.0,0.0,0.0
2022-05-19 00:00:00-04:00,373.0754693783139,378.37469202118785,371.62585893841236,373.8818664550781,98510700,0.0,0.0,0.0
2022-05-20 00:00:00-04:00,377.5202106796092,381.1490115328294,365.3186120734881,374.0450134277344,131432200,0.0,0.0,0.0
2022-05-23 00:00:00-04:00,377.1169985311622,381.82102460586395,374.7650147907028,381.0434265136719,76414900,0.0,0.0,0.0
2022-05-24 00:00:00-04:00,376.8578567880613,379.34425498211243,371.48184723208016,378.1346740722656,91448800,0.0,0.0,0.0
2022-05-25 00:00:00-04:00,376.6178326622619,383.47225100185494,376.21464881692896,381.4754333496094,91472900,0.0,0.0,0.0
2022-05-26 00:00:00-04:00,382.72345063021044,390.75865093400427,382.5122493271417,389.09783935546875,82168300,0.0,0.0,0.0
2022-05-27 00:00:00-04:00,391.59389129889587,398.7650977409074,391.3922993538705,398.64990234375,84768700,0.0,0.0,0.0
2022-05-31 00:00:00-04:00,397.00822056308124,399.80182571319057,393.62902913285666,396.41302490234375,95937000,0.0,0.0,0.0
2022-06-01 00:00:00-04:00,398.56348510394616,399.59066353986975,390.6530597793606,393.2066650390625,86585800,0.0,0.0,0.0
2022-06-02 00:00:00-04:00,393.04346554075426,400.7426599429565,390.7586593845705,400.6946716308594,79609600,0.0,0.0,0.0
2022-06-03 00:00:00-04:00,395.9042087315087,397.47862364738455,393.12982246209066,394.1186218261719,71874300,0.0,0.0,0.0
2022-06-06 00:00:00-04:00,398.18905703711096,399.9458452856898,394.1282438569681,395.31866455078125,57508900,0.0,0.0,0.0
2022-06-07 00:00:00-04:00,391.7762970390988,399.5714981452226,391.30587676759353,399.1106872558594,59272400,0.0,0.0,0.0
2022-06-08 00:00:00-04:00,397.37298588214077,399.1874008254881,393.96499594640767,394.7713928222656,64350000,0.0,0.0,0.0
2022-06-09 00:00:00-04:00,392.9666280033203,395.2706235013598,385.38262939453125,385.38262939453125,86289800,0.0,0.0,0.0
2022-06-10 00:00:00-04:00,379.0850408803496,379.9490355592954,374.1602331243973,374.2082214355469,132893900,0.0,0.0,0.0
2022-06-13 00:00:00-04:00,364.6562531575561,366.53784623046715,358.36823131509624,360.000244140625,170004900,0.0,0.0,0.0
2022-06-14 00:00:00-04:00,361.77627901550125,362.82267628994964,355.766665102993,358.91546630859375,104011800,0.0,0.0,0.0
2022-06-15 00:00:00-04:00,362.2658301082389,368.54424254307577,357.2354360927038,364.0322570800781,125666800,0.0,0.0,0.0
2022-06-16 00:00:00-04:00,355.6898092108188,356.10260241148677,349.51698347713915,351.98419189453125,134473300,0.0,0.0,0.0
2022-06-17 00:00:00-04:00,352.40555287965583,356.13679889885117,349.1853038450942,352.74298095703125,111113900,1.577,0.0,0.0
2022-06-21 00:00:00-04:00,358.5568510654798,363.03048045433957,358.4797027833649,361.6228332519531,76811900,0.0,0.0,0.0
2022-06-22 00:00:00-04:00,357.33239914871615,365.14200103804023,356.90817182668707,360.9672546386719,90059400,0.0,0.0,0.0
2022-06-23 00:00:00-04:00,363.13651180694967,365.2479676651819,359.52095884838485,364.5055847167969,79292100,0.0,0.0,0.0
2022-06-24 00:00:00-04:00,367.7258718066924,376.10431641840285,367.69694855696343,376.09466552734375,98050300,0.0,0.0,0.0
2022-06-27 00:00:00-04:00,377.0298450032132,377.3287283560235,373.54928686473795,374.6580505371094,66009600,0.0,0.0,0.0
2022-06-28 00:00:00-04:00,376.2393275606886,379.0642729597043,366.8870840956626,367.0027770996094,86548900,0.0,0.0,0.0
2022-06-29 00:00:00-04:00,367.56193223301693,368.5646243668848,364.85268033142984,366.7038269042969,65676000,0.0,0.0,0.0
2022-06-30 00:00:00-04:00,362.75084151407594,367.0123863578746,359.2027858194282,363.7246398925781,112508300,0.0,0.0,0.0
2022-07-01 00:00:00-04:00,363.05939086789806,368.0151232861389,360.3983342745425,367.57159423828125,74839700,0.0,0.0,0.0
2022-07-05 00:00:00-04:00,362.40380365893986,368.28510988842663,359.5306332259251,368.26580810546875,81438000,0.0,0.0,0.0
2022-07-06 00:00:00-04:00,368.41044008819324,372.0356446250894,365.99044952308304,369.50958251953125,70426200,0.0,0.0,0.0
2022-07-07 00:00:00-04:00,371.3125157356289,375.853642653088,369.52883680664047,375.04376220703125,64525900,0.0,0.0,0.0
2022-07-08 00:00:00-04:00,373.38536901796783,376.6345706110005,371.83310576065287,374.7351989746094,72397800,0.0,0.0,0.0
2022-07-11 00:00:00-04:00,372.01635163614003,372.99977158060767,369.75059892621783,370.4544372558594,58366900,0.0,0.0,0.0
2022-07-12 00:00:00-04:00,369.8952032127752,372.31522298885375,365.40227208025624,367.1763000488281,62219200,0.0,0.0,0.0
2022-07-13 00:00:00-04:00,361.651764699548,368.22725828508226,361.2275374086458,365.2480163574219,84224600,0.0,0.0,0.0
2022-07-14 00:00:00-04:00,360.2151102755867,365.4600746934587,357.7372737211417,364.3609619140625,89704800,0.0,0.0,0.0
2022-07-15 00:00:00-04:00,368.8345961328782,371.43780602364194,366.89667976156716,371.3221130371094,79060400,0.0,0.0,0.0
2022-07-18 00:00:00-04:00,374.4556572006374,375.1401937719739,367.0124364005337,368.2561950683594,63203600,0.0,0.0,0.0
2022-07-19 00:00:00-04:00,372.23804055696615,378.7846100866812,371.57280587529993,378.20611572265625,78506000,0.0,0.0,0.0
2022-07-20 00:00:00-04:00,378.39895818724943,382.0530853318939,377.01058347855724,380.6164855957031,71843800,0.0,0.0,0.0
2022-07-21 00:00:00-04:00,380.0283933584103,384.5405967300921,377.5891012882815,384.4924011230469,64903900,0.0,0.0,0.0
2022-07-22 00:00:00-04:00,384.6177195776038,385.83252537522435,378.66891677388514,380.9250183105469,72197300,0.0,0.0,0.0
2022-07-25 00:00:00-04:00,381.56141792671804,382.25560538516515,379.1124747506059,381.38787841796875,53631500,0.0,0.0,0.0
2022-07-26 00:00:00-04:00,379.71985841909463,379.93197205192575,375.96933984008473,376.8756408691406,52946400,0.0,0.0,0.0
2022-07-27 00:00:00-04:00,380.2211851344438,388.43574047441456,379.9223017702702,386.6617126464844,82342100,0.0,0.0,0.0
2022-07-28 00:00:00-04:00,387.4812837648079,392.21522247427794,383.8753518196176,391.51141357421875,73966600,0.0,0.0,0.0
2022-07-29 00:00:00-04:00,392.9671920452372,398.22180724757027,392.1862349898111,397.2190856933594,87003700,0.0,0.0,0.0
2022-08-01 00:00:00-04:00,394.48093248201525,398.5882101302985,393.7578218776525,396.0428466796875,69997500,0.0,0.0,0.0
2022-08-02 00:00:00-04:00,394.4520477777563,398.1929450442776,392.2345201437415,393.4300537109375,63435400,0.0,0.0,0.0
2022-08-03 00:00:00-04:00,395.58973693867654,400.7768555826929,395.30050443651714,399.5909729003906,67820600,0.0,0.0,0.0
2022-08-04 00:00:00-04:00,399.51382626538214,400.2080136968768,397.6530285057676,399.3210144042969,45656600,0.0,0.0,0.0
2022-08-05 00:00:00-04:00,394.9726576079736,399.3016703493972,394.91481111342705,398.64605712890625,56814900,0.0,0.0,0.0
2022-08-08 00:00:00-04:00,400.3623021444993,402.6473273129241,397.06490431357133,398.1833190917969,53886100,0.0,0.0,0.0
2022-08-09 00:00:00-04:00,397.4408849188032,397.9518819185263,395.5125899125353,396.6020812988281,44931800,0.0,0.0,0.0
2022-08-10 00:00:00-04:00,403.76576259742643,405.0770187370435,401.7796207386487,404.932373046875,68665700,0.0,0.0,0.0
2022-08-11 00:00:00-04:00,407.8248160750117,409.7145667049465,404.18033903649757,404.932373046875,59489700,0.0,0.0,0.0
2022-08-12 00:00:00-04:00,406.8991493733253,411.8934261300298,405.935001918049,411.7873840332031,61694500,0.0,0.0,0.0
2022-08-15 00:00:00-04:00,409.54089346967277,414.0145516705404,409.4830469777171,413.4842529296875,54048300,0.0,0.0,0.0
2022-08-16 00:00:00-04:00,412.3948177152447,416.2514076867015,411.57528646162086,414.294189453125,59289000,0.0,0.0,0.0
2022-08-17 00:00:00-04:00,410.6400559067463,414.10134182212937,409.3191785695703,411.353515625,63563400,0.0,0.0,0.0
2022-08-18 00:00:00-04:00,411.55600257586286,413.24326076173986,410.24477605180766,412.5491027832031,49023200,0.0,0.0,0.0
2022-08-19 00:00:00-04:00,409.7434244548556,410.0133845840532,406.11822035696105,407.0052490234375,68016900,0.0,0.0,0.0
2022-08-22 00:00:00-04:00,402.09775457797474,402.27132351201266,397.61447401376137,398.5304260253906,77695600,0.0,0.0,0.0
2022-08-23 00:00:00-04:00,398.0964924943304,400.5261629986592,397.0070011235412,397.56622314453125,49105200,0.0,0.0,0.0
2022-08-24 00:00:00-04:00,397.3348613841068,400.22730424286317,396.64070334451753,398.8389587402344,49177800,0.0,0.0,0.0
2022-08-25 00:00:00-04:00,400.3526146349462,404.5177390645968,399.24385084990735,404.46954345703125,50942300,0.0,0.0,0.0
2022-08-26 00:00:00-04:00,404.353870503531,404.9034122661206,390.72080950453415,390.7786560058594,103087000,0.0,0.0,0.0
2022-08-29 00:00:00-04:00,387.7801867662347,391.28966882304826,386.8160391406831,388.19476318359375,65370800,0.0,0.0,0.0
2022-08-30 00:00:00-04:00,389.3710344093265,389.6120713218712,381.8024694707341,383.9332275390625,85652400,0.0,0.0,0.0
2022-08-31 00:00:00-04:00,385.59154191206613,386.8545729119159,380.87687545674936,381.0118408203125,76029700,0.0,0.0,0.0
2022-09-01 00:00:00-04:00,378.80392742706897,382.5544459219639,376.05610115266273,382.2073669433594,78740100,0.0,0.0,0.0
2022-09-02 00:00:00-04:00,385.928969911344,387.16307756570666,376.33569027365184,378.1772155761719,99632100,0.0,0.0,0.0
2022-09-06 00:00:00-04:00,379.0353608588761,379.9898575929653,374.4942337796802,376.7503356933594,76637400,0.0,0.0,0.0
2022-09-07 00:00:00-04:00,376.43215521673324,384.2996034730844,376.2104200910171,383.5186462402344,70964200,0.0,0.0,0.0
2022-09-08 00:00:00-04:00,381.21430389252606,386.4881626058231,379.98981770522096,386.025390625,80821700,0.0,0.0,0.0
2022-09-09 00:00:00-04:00,388.3007750573692,392.8997777040775,388.03081492017793,392.02239990234375,76706900,0.0,0.0,0.0
2022-09-12 00:00:00-04:00,394.12423229586324,396.96847932319235,393.815698019814,396.2357177734375,69256300,0.0,0.0,0.0
2022-09-13 00:00:00-04:00,387.42342918723847,388.64791550825413,377.8687520672987,379.0064392089844,122947100,0.0,0.0,0.0
2022-09-14 00:00:00-04:00,380.3272928269931,381.9952787142722,377.0973925852478,380.45263671875,85023700,0.0,0.0,0.0
2022-09-15 00:00:00-04:00,378.8713845339038,381.7638269665112,374.84125513943115,376.1332092285156,87633800,0.0,0.0,0.0
2022-09-16 00:00:00-04:00,371.88906644567146,373.93176039236886,369.92377860456196,373.2637634277344,103084800,1.596,0.0,0.0
2022-09-19 00:00:00-04:00,370.06900762147643,376.15838623046875,369.9915424295266,376.15838623046875,73278500,0.0,0.0,0.0
2022-09-20 00:00:00-04:00,372.7797032473781,373.80589547155324,369.0428201563846,371.84063720703125,77274900,0.0,0.0,0.0
2022-09-21 00:00:00-04:00,373.7961828672283,376.89414042724246,365.34461854740647,365.35430908203125,106746600,0.0,0.0,0.0
2022-09-22 00:00:00-04:00,364.57015194726813,366.2352991370827,361.5303077374916,362.2854309082031,89472600,0.0,0.0,0.0
2022-09-23 00:00:00-04:00,358.7614618583152,358.8001944520415,351.7039755698731,356.2153625488281,122346900,0.0,0.0,0.0
2022-09-26 00:00:00-04:00,354.7244695551301,358.4032682797955,351.45225966138753,352.6914367675781,92581200,0.0,0.0,0.0
2022-09-27 00:00:00-04:00,356.283144064264,358.587246145266,349.3611768300736,351.7911376953125,108294100,0.0,0.0,0.0
2022-09-28 00:00:00-04:00,352.75918513495765,360.42658367557743,351.0359541384381,358.7130432128906,110802200,0.0,0.0,0.0
2022-09-29 00:00:00-04:00,355.11175490432606,355.40217553713336,348.22852000794325,351.219970703125,112952300,0.0,0.0,0.0
2022-09-30 00:00:00-04:00,350.26144180944897,354.2403808165135,345.6532680928761,345.7887878417969,153711200,0.0,0.0,0.0
2022-10-03 00:00:00-04:00,349.56445429264244,356.79622286854453,347.7540969009881,354.9180908203125,89756500,0.0,0.0,0.0
2022-10-04 00:00:00-04:00,360.52346312355036,365.9448745817731,354.8794057029123,365.91583251953125,103602800,0.0,0.0,0.0
2022-10-05 00:00:00-04:00,361.4818911122912,367.35828471949065,359.11970502740456,365.0638732910156,88065700,0.0,0.0,0.0
2022-10-06 00:00:00-04:00,363.64080952798656,366.64195095729843,360.79456896117733,361.2980041503906,82333500,0.0,0.0,0.0
2022-10-07 00:00:00-04:00,357.20287209348857,361.3851064718136,349.4289646826356,351.219970703125,107789500,0.0,0.0,0.0
2022-10-10 00:00:00-04:00,352.3526173371149,352.59464436316824,346.26323863351894,348.53826904296875,76042800,0.0,0.0,0.0
2022-10-11 00:00:00-04:00,346.8150171580632,351.45226297366156,344.36570498195,346.3309631347656,92482800,0.0,0.0,0.0
2022-10-12 00:00:00-04:00,346.7472985877486,348.3446710780274,344.93691158482983,345.1886291503906,76991800,0.0,0.0,0.0
2022-10-13 00:00:00-04:00,338.07302172024123,355.789417697354,337.00809690014466,354.29852294921875,147254500,0.0,0.0,0.0
2022-10-14 00:00:00-04:00,356.7961792364946,358.4516651311161,345.5758114500566,346.2244567871094,123737000,0.0,0.0,0.0
2022-10-17 00:00:00-04:00,352.4010479761125,356.2444384134882,345.8856696600057,355.1214294433594,93168200,0.0,0.0,0.0
2022-10-18 00:00:00-04:00,363.16637751238045,363.476179179006,355.79905988906506,359.2939453125,97162900,0.0,0.0,0.0
2022-10-19 00:00:00-04:00,357.22222732280454,359.99103207629946,353.89193282529124,356.74786376953125,79746900,0.0,0.0,0.0
2022-10-20 00:00:00-04:00,356.29278588794796,360.78482118707063,352.98184353003325,353.75634765625,88283100,0.0,0.0,0.0
2022-10-21 00:00:00-04:00,353.47567541764914,362.8469560784398,351.94607739987106,362.3532409667969,131038400,0.0,0.0,0.0
2022-10-24 00:00:00-04:00,363.9021661590858,367.9391603720645,361.21079729134743,366.787109375,85436900,0.0,0.0,0.0
2022-10-25 00:00:00-04:00,366.70968797421585,372.9636582410341,366.59351972534546,372.6441955566406,78846300,0.0,0.0,0.0
2022-10-26 00:00:00-04:00,369.4493715941543,375.2192870230064,369.1879930691434,369.83660888671875,104087300,0.0,0.0,0.0
2022-10-27 00:00:00-04:00,370.8531753240205,372.7216168581545,367.23243095583604,367.8617248535156,81971800,0.0,0.0,0.0
2022-10-28 00:00:00-04:00,367.7552498929273,377.09748792826366,367.57130697504016,376.6134338378906,100302000,0.0,0.0,0.0
2022-10-31 00:00:00-04:00,374.1157113964752,376.01319507548106,372.97335088370846,373.8930358886719,96631300,0.0,0.0,0.0
2022-11-01 00:00:00-04:00,377.6976890341328,377.93971604677756,371.0661429788046,372.25689697265625,85407600,0.0,0.0,0.0
2022-11-02 00:00:00-04:00,371.6567189241273,376.23588118409805,362.80822565217966,362.9147033691406,126990400,0.0,0.0,0.0
2022-11-03 00:00:00-04:00,359.62308630805427,362.2660318307935,357.02856391275907,359.1777648925781,87100100,0.0,0.0,0.0
2022-11-04 00:00:00-04:00,364.9767680429755,366.7871255340292,358.2000110766603,364.3475036621094,103505200,0.0,0.0,0.0
2022-11-07 00:00:00-05:00,365.6640596198247,368.43286382661375,363.55359129809256,367.8326416015625,68286900,0.0,0.0,0.0
2022-11-08 00:00:00-05:00,368.95563042986925,372.83775301382957,365.6737596308276,369.8172607421875,84641100,0.0,0.0,0.0
2022-11-09 00:00:00-05:00,367.8133186181293,368.9847507396869,361.69486808138663,362.19830322265625,78495500,0.0,0.0,0.0
2022-11-10 00:00:00-05:00,375.6743179306232,382.44141330729383,373.34120352324453,382.1025695800781,141455800,0.0,0.0,0.0
2022-11-11 00:00:00-05:00,382.97392279820264,386.6140191177036,381.05705790870246,385.8008117675781,93839900,0.0,0.0,0.0
2022-11-14 00:00:00-05:00,384.00981585201527,387.41754620158866,382.238161238016,382.5189208984375,71903500,0.0,0.0,0.0
2022-11-15 00:00:00-05:00,388.3566045024486,389.4796135770628,381.9090002458271,385.78143310546875,93194500,0.0,0.0,0.0
2022-11-16 00:00:00-05:00,384.1258885030318,385.09399649659196,382.19936305002665,382.83831787109375,68508500,0.0,0.0,0.0
2022-11-17 00:00:00-05:00,378.00748368483505,382.354309181126,377.69771154386615,381.66693115234375,74496300,0.0,0.0,0.0
2022-11-18 00:00:00-05:00,385.05526720177244,385.12304185253674,380.50517731966283,383.3998107910156,92922500,0.0,0.0,0.0
2022-11-21 00:00:00-05:00,382.05419095337123,383.196551409338,380.13732629854326,382.0057678222656,51243200,0.0,0.0,0.0
2022-11-22 00:00:00-05:00,383.98072048831693,387.31101471636714,382.54790986414645,387.14642333984375,60429000,0.0,0.0,0.0
2022-11-23 00:00:00-05:00,386.8075646132894,390.07977459212987,386.5752281324342,389.5860595703125,68261600,0.0,0.0,0.0
2022-11-25 00:00:00-05:00,389.01484733894364,390.0604205847658,388.7341172744678,389.4989013671875,30545400,0.0,0.0,0.0
2022-11-28 00:00:00-05:00,386.36223739115604,388.0273844157478,382.5091567235635,383.2836608886719,67881600,0.0,0.0,0.0
2022-11-29 00:00:00-05:00,383.41913121924125,384.62926612341045,380.75683443006903,382.62530517578125,52310000,0.0,0.0,0.0
2022-11-30 00:00:00-05:00,382.8771033798645,394.6783447265625,380.93122598385315,394.6783447265625,144566700,0.0,0.0,0.0
2022-12-01 00:00:00-05:00,395.7335026782755,396.92428617274606,391.8417190937048,394.3878479003906,76398200,0.0,0.0,0.0
2022-12-02 00:00:00-05:00,389.421474142032,394.8525462750853,389.3149964347865,393.932861328125,85342700,0.0,0.0,0.0
2022-12-05 00:00:00-05:00,391.0672801702586,392.0160072031906,385.47161651460664,386.8463134765625,77289800,0.0,0.0,0.0
2022-12-06 00:00:00-05:00,386.68177008614003,387.23356927769385,379.1498898645426,381.27001953125,77972200,0.0,0.0,0.0
2022-12-07 00:00:00-05:00,380.40838345323436,383.0222870329136,379.4693174532784,380.6213684082031,65927900,0.0,0.0,0.0
2022-12-08 00:00:00-05:00,382.5382541247339,384.68742577402145,380.72786713538227,383.6031494140625,60737900,0.0,0.0,0.0
2022-12-09 00:00:00-05:00,382.3446730972051,384.93919610624494,380.61175106419097,380.73760986328125,81447700,0.0,0.0,0.0
2022-12-12 00:00:00-05:00,381.541076313997,386.22674560546875,380.8634183577902,386.22674560546875,75405800,0.0,0.0,0.0
2022-12-13 00:00:00-05:00,397.1372819674052,397.3986605026586,386.3428832135019,389.150390625,123782500,0.0,0.0,0.0
2022-12-14 00:00:00-05:00,388.8018640572586,392.5678185944661,383.6709031535273,386.662353515625,108111300,0.0,0.0,0.0
2022-12-15 00:00:00-05:00,381.72502796329087,382.6447425144485,375.5194807819786,377.2039794921875,117705900,0.0,0.0,0.0
2022-12-16 00:00:00-05:00,374.6082219725969,375.9697911981717,370.5818651426838,372.7506408691406,119858000,1.781,0.0,0.0
2022-12-19 00:00:00-05:00,372.9451350684014,373.28553476886,367.8975794438309,369.5898132324219,79878100,0.0,0.0,0.0
2022-12-20 00:00:00-05:00,368.8214772992246,371.7391378214494,367.4793487102048,370.09552001953125,74427200,0.0,0.0,0.0
2022-12-21 00:00:00-05:00,372.73114378296117,376.7769700663776,372.1865161755762,375.6293640136719,78167400,0.0,0.0,0.0
2022-12-22 00:00:00-05:00,372.5366054382058,375.6098780526688,364.48386366409846,370.27056884765625,100120900,0.0,0.0,0.0
2022-12-23 00:00:00-05:00,369.22997837523826,372.54638980329537,367.6544462490604,372.4005126953125,59857300,0.0,0.0,0.0
2022-12-27 00:00:00-05:00,372.2837789540677,372.6338839830815,369.2299465833248,370.9319152832031,51638200,0.0,0.0,0.0
2022-12-28 00:00:00-05:00,370.86386081050694,372.8673485838514,366.0886486295166,366.3220520019531,70911500,0.0,0.0,0.0
2022-12-29 00:00:00-05:00,369.210527749917,373.8009819270414,368.6756054621705,372.91595458984375,66970900,0.0,0.0,0.0
2022-12-30 00:00:00-05:00,370.1928356385573,372.0795624142601,368.04347070214413,371.9336853027344,84022200,0.0,0.0,0.0
2023-01-03 00:00:00-05:00,373.82041219975,375.8238701862383,367.4599035203272,370.36785888671875,74850700,0.0,0.0,0.0
2023-01-04 00:00:00-05:00,372.663075152117,375.2889817006144,369.5703618785392,373.2271728515625,85934100,0.0,0.0,0.0
2023-01-05 00:00:00-05:00,371.24317919819777,371.35988088700236,368.3644287144175,368.9674072265625,76970500,0.0,0.0,0.0
2023-01-06 00:00:00-05:00,372.10874956360306,378.56652025049135,368.9965955930403,377.4286193847656,104189600,0.0,0.0,0.0
2023-01-09 00:00:00-05:00,379.6557491934046,382.8943693457858,377.0298722460483,377.2146301269531,73978100,0.0,0.0,0.0
2023-01-10 00:00:00-05:00,376.62136455177455,379.9280407060977,375.6682513821254,379.8599548339844,65358100,0.0,0.0,0.0
2023-01-11 00:00:00-05:00,381.46468788030154,384.74218858021834,380.6380114305353,384.66436767578125,68881100,0.0,0.0,0.0
2023-01-12 00:00:00-05:00,385.7828916834724,387.55291687190424,381.64953843227323,386.0649108886719,90157700,0.0,0.0,0.0
2023-01-13 00:00:00-05:00,382.81658574466684,388.1461907486119,382.5442718936614,387.5626525878906,63903900,0.0,0.0,0.0
2023-01-17 00:00:00-05:00,387.5432261774777,389.2451952276488,386.16218680328836,386.8526916503906,62677300,0.0,0.0,0.0
2023-01-18 00:00:00-05:00,388.058617102753,389.1381373403146,380.54076717386124,380.7449951171875,99632300,0.0,0.0,0.0
2023-01-19 00:00:00-05:00,378.67347674014985,380.3462702134002,376.63113780930576,377.9732666015625,86958900,0.0,0.0,0.0
2023-01-20 00:00:00-05:00,379.3931677106101,385.1701385057755,377.7203743207645,385.0145263671875,91806400,0.0,0.0,0.0
2023-01-23 00:00:00-05:00,385.8314671186957,391.59870286950155,384.858913514311,389.6341552734375,84178800,0.0,0.0,0.0
2023-01-24 00:00:00-05:00,387.93213415735465,390.13981985683256,386.7261773481215,389.2159118652344,59524900,0.0,0.0,0.0
2023-01-25 00:00:00-05:00,385.08261694038765,389.70224662614316,382.75819954684823,389.3618469238281,84800300,0.0,0.0,0.0
2023-01-26 00:00:00-05:00,392.0655202323489,393.8063994099957,389.0505982692675,393.64105224609375,72287400,0.0,0.0,0.0
2023-01-27 00:00:00-05:00,392.5810150303639,396.9575065123276,392.3670520373797,394.5455627441406,68346200,0.0,0.0,0.0
2023-01-30 00:00:00-05:00,391.74454983367764,394.0106161783339,389.2937256239855,389.59521484375,74202000,0.0,0.0,0.0
2023-01-31 00:00:00-05:00,390.1204405657477,395.3722242077225,389.7703058269594,395.3236083984375,86811800,0.0,0.0,0.0
2023-02-01 00:00:00-05:00,394.08845311480576,402.3162782988523,391.30696394401565,399.5250244140625,101459200,0.0,0.0,0.0
2023-02-02 00:00:00-05:00,403.47362616210864,406.82894840244194,401.5479887719908,405.3409423828125,101654500,0.0,0.0,0.0
2023-02-03 00:00:00-05:00,400.29335095333477,405.5256943092174,399.8070741311149,401.0325012207031,94736800,0.0,0.0,0.0
2023-02-06 00:00:00-05:00,398.54275374651496,400.0015841673505,396.89913576464187,398.5816345214844,60295300,0.0,0.0,0.0
2023-02-07 00:00:00-05:00,397.64797936889096,405.05883293441605,396.3836715809593,403.7945251464844,90990700,0.0,0.0,0.0
2023-02-08 00:00:00-05:00,401.7910634252605,403.15263249506677,398.67888011143515,399.3791198730469,76227500,0.0,0.0,0.0
2023-02-09 00:00:00-05:00,403.0359701076331,403.1915822564933,394.67200260628846,395.9168701171875,78694900,0.0,0.0,0.0
2023-02-10 00:00:00-05:00,394.72063068835496,397.2298358567524,393.89398378681244,396.8408203125,70769700,0.0,0.0,0.0
2023-02-13 00:00:00-05:00,397.50208674804423,401.6354393210369,397.0352503608903,401.499267578125,64913500,0.0,0.0,0.0
2023-02-14 00:00:00-05:00,399.9529458498895,403.6583728108521,397.29789343155113,401.3145446777344,88389300,0.0,0.0,0.0
2023-02-15 00:00:00-05:00,399.08739286530573,402.69555856613965,398.2315409116889,402.6177673339844,61555700,0.0,0.0,0.0
2023-02-16 00:00:00-05:00,397.57020007302543,401.577116212856,396.9380461600877,397.0741882324219,76431500,0.0,0.0,0.0
2023-02-17 00:00:00-05:00,394.91513808768576,396.32535277125834,392.9602957271431,396.08221435546875,89257800,0.0,0.0,0.0
2023-02-21 00:00:00-05:00,391.99751420480004,393.0673292715397,387.8738957802601,388.136474609375,82655900,0.0,0.0,0.0
2023-02-22 00:00:00-05:00,388.5546767298017,390.1205037541471,386.12329227211126,387.6015930175781,83742300,0.0,0.0,0.0
2023-02-23 00:00:00-05:00,390.5386223846908,391.16107093690334,385.3743651279737,389.663330078125,96242400,0.0,0.0,0.0
2023-02-24 00:00:00-05:00,384.5671807726759,386.34694090885995,382.8360364474327,385.5008239746094,108194400,0.0,0.0,0.0
2023-02-27 00:00:00-05:00,388.8950311578683,390.27607042804783,385.8606684571724,386.81378173828125,80444700,0.0,0.0,0.0
2023-02-28 00:00:00-05:00,386.32753359030573,388.32125688926135,385.27715892823346,385.3841552734375,96438600,0.0,0.0,0.0
2023-03-01 00:00:00-05:00,384.55747733552965,385.80234493371916,382.5831944334013,383.9058532714844,99706800,0.0,0.0,0.0
2023-03-02 00:00:00-05:00,381.90233587134014,387.7473924337121,381.5619361794918,386.89154052734375,85127800,0.0,0.0,0.0
2023-03-03 00:00:00-05:00,388.7394149844705,393.34933951355396,388.07808561911077,393.0964660644531,90120000,0.0,0.0,0.0
2023-03-06 00:00:00-05:00,393.9328424695924,396.2669949641514,392.92140804726415,393.3687744140625,72795900,0.0,0.0,0.0
2023-03-07 00:00:00-05:00,393.32018785234857,393.56332628194724,386.7165397940535,387.3389587402344,108310600,0.0,0.0,0.0
2023-03-08 00:00:00-05:00,387.455647626494,388.73939583720204,385.70503331737797,387.9710998535156,74746600,0.0,0.0,0.0
2023-03-09 00:00:00-05:00,388.76859220093377,390.46085575890453,379.81138126470995,380.8131103515625,111945300,0.0,0.0,0.0
2023-03-10 00:00:00-05:00,380.2587356685714,382.36919011248045,373.77181955384776,375.31817626953125,189253000,0.0,0.0,0.0
2023-03-13 00:00:00-04:00,371.3306803028049,379.6752066466768,370.20251458750374,374.7832336425781,157790000,0.0,0.0,0.0
2023-03-14 00:00:00-04:00,379.7821724856615,382.6512174148434,376.42685076712525,380.9784240722656,149752400,0.0,0.0,0.0
2023-03-15 00:00:00-04:00,375.29873126397814,378.7999005575514,373.1785418122267,378.5956726074219,172996900,0.0,0.0,0.0
2023-03-16 00:00:00-04:00,376.2032179845603,385.5883549698506,375.6877657263418,385.23822021484375,143254200,0.0,0.0,0.0
2023-03-17 00:00:00-04:00,383.8871128714046,385.0390989863246,379.3279399751169,380.7337646484375,140553400,1.506,0.0,0.0
2023-03-20 00:00:00-04:00,381.5245220955287,384.81456165518904,380.81186739189945,384.3947448730469,93055800,0.0,0.0,0.0
2023-03-21 00:00:00-04:00,387.81164034857824,389.93014927939254,386.19103628299194,389.4420166015625,91524200,0.0,0.0,0.0
2023-03-22 00:00:00-04:00,389.2663076359112,392.93704522361946,382.76437659746756,382.80340576171875,111746600,0.0,0.0,0.0
2023-03-23 00:00:00-04:00,385.7127002711169,389.81302694241083,381.08521172545414,383.8382873535156,119351300,0.0,0.0,0.0
2023-03-24 00:00:00-04:00,382.53982392550034,386.4448854557238,380.1577340086036,386.3570251464844,107682400,0.0,0.0,0.0
2023-03-27 00:00:00-04:00,388.67078517878787,389.45181539262114,386.17154808103413,387.0794677734375,74010400,0.0,0.0,0.0
2023-03-28 00:00:00-04:00,386.3765197112767,387.07943194203085,384.3459009297945,386.2105712890625,62871700,0.0,0.0,0.0
2023-03-29 00:00:00-04:00,390.4377868001966,392.06816301251484,389.2174551360598,391.8240966796875,77497900,0.0,0.0,0.0
2023-03-30 00:00:00-04:00,394.4990446279163,394.75288314176856,392.2243595699222,394.1183166503906,69840000,0.0,0.0,0.0
2023-03-31 00:00:00-04:00,395.0555933898537,399.97597975960866,394.9481886943752,399.67333984375,112062600,0.0,0.0,0.0
2023-04-03 00:00:00-04:00,399.1461560691893,401.6063344063007,398.7458836385615,401.1963195800781,67391100,0.0,0.0,0.0
2023-04-04 00:00:00-04:00,401.8503630308558,402.1432605296152,397.57431577096986,398.97039794921875,66601500,0.0,0.0,0.0
2023-04-05 00:00:00-04:00,398.2283905984215,398.99964854399485,396.24657318884954,397.9257507324219,65200200,0.0,0.0,0.0
2023-04-06 00:00:00-04:00,397.1154520499043,399.7611526418927,396.0513263765631,399.47802734375,63743300,0.0,0.0,0.0
2023-04-10 00:00:00-04:00,396.9592652843989,399.9661794407019,396.3344709125638,399.8880615234375,63681000,0.0,0.0,0.0
2023-04-11 00:00:00-04:00,400.5226750862286,401.42082262056886,399.21448295177146,399.9954833984375,59297900,0.0,0.0,0.0
2023-04-12 00:00:00-04:00,402.0944227396003,402.3873202335203,397.7695741980063,398.3650817871094,86420400,0.0,0.0,0.0
2023-04-13 00:00:00-04:00,399.4682766371875,404.01767706083143,398.30651840616065,403.6564636230469,85814800,0.0,0.0,0.0
2023-04-14 00:00:00-04:00,403.0121089977852,405.23799287170084,400.3273792036949,402.67041015625,78161500,0.0,0.0,0.0
2023-04-17 00:00:00-04:00,402.5825820088245,404.1348405113149,401.33296341474846,404.1153259277344,66436400,0.0,0.0,0.0
2023-04-18 00:00:00-04:00,405.71641577651974,405.85310725146013,402.98288421030765,404.3789367675781,63560000,0.0,0.0,0.0
2023-04-19 00:00:00-04:00,402.4361346676273,405.2282394822421,402.3775611255904,404.3105773925781,55227300,0.0,0.0,0.0
2023-04-20 00:00:00-04:00,401.45010657003843,403.8810277952159,400.5324146653663,402.1042175292969,75840400,0.0,0.0,0.0
2023-04-21 00:00:00-04:00,402.4068537883278,402.8852143197186,400.4348083266132,402.4166259765625,73457400,0.0,0.0,0.0
2023-04-24 00:00:00-04:00,402.21160157948736,403.26598497164736,400.85460806824943,402.83642578125,64332100,0.0,0.0,0.0
2023-04-25 00:00:00-04:00,400.8349968624645,401.4012474250617,396.3832294435232,396.4418029785156,97766700,0.0,0.0,0.0
2023-04-26 00:00:00-04:00,397.0666666428056,398.1600791292905,394.196443969155,394.7626647949219,80447000,0.0,0.0,0.0
2023-04-27 00:00:00-04:00,397.339983103262,402.8949351276499,397.086144587586,402.62158203125,92968400,0.0,0.0,0.0
2023-04-28 00:00:00-04:00,401.72342384747225,406.06781662104476,401.664850309275,406.05804443359375,89335600,0.0,0.0,0.0
2023-05-01 00:00:00-04:00,405.6089512992258,407.7079157661923,405.41368631907653,405.64801025390625,62122300,0.0,0.0,0.0
2023-05-02 00:00:00-04:00,404.92561380956795,404.97444495848515,398.1405867437011,401.0888977050781,103998500,0.0,0.0,0.0
2023-05-03 00:00:00-04:00,401.596507667564,404.04694327623173,398.09171856999524,398.3357849121094,91531800,0.0,0.0,0.0
2023-05-04 00:00:00-04:00,397.2716394376436,397.6035660711867,394.15735068400716,395.5143737792969,94901900,0.0,0.0,0.0
2023-05-05 00:00:00-04:00,399.20471703996367,403.9005515686978,398.9411360885525,402.83642578125,87844000,0.0,0.0,0.0
2023-05-08 00:00:00-04:00,403.1683078624172,403.43188878466765,401.518417016663,402.9437561035156,50046800,0.0,0.0,0.0
2023-05-09 00:00:00-04:00,401.3719922891204,402.30919871611195,400.9424331364878,401.1767272949219,49220100,0.0,0.0,0.0
2023-05-10 00:00:00-04:00,404.05676074656657,404.70109953714984,399.16566116860974,403.05120849609375,96142900,0.0,0.0,0.0
2023-05-11 00:00:00-04:00,402.1725459788378,402.64113430610377,400.2395297490981,402.3482666015625,70157100,0.0,0.0,0.0
2023-05-12 00:00:00-04:00,403.6076578191423,403.82243740049137,399.36089733848206,401.8210754394531,70439400,0.0,0.0,0.0
2023-05-15 00:00:00-04:00,402.436139423994,403.61741226004193,400.49338073920967,403.2073974609375,54289400,0.0,0.0,0.0
2023-05-16 00:00:00-04:00,402.0846207662827,403.0218569254917,400.5030757133406,400.5128479003906,57705500,0.0,0.0,0.0
2023-05-17 00:00:00-04:00,402.56301538512264,405.9896864391258,400.8936100104414,405.3746643066406,87287000,0.0,0.0,0.0
2023-05-18 00:00:00-04:00,405.052538972026,409.7093443480247,404.8280169808196,409.27978515625,97177200,0.0,0.0,0.0
2023-05-19 00:00:00-04:00,410.1974639304022,410.73439800627307,407.44438823320314,408.6842346191406,103679700,0.0,0.0,0.0
2023-05-22 00:00:00-04:00,408.70381637308003,410.41228105305936,407.4444254954397,408.8502502441406,60745400,0.0,0.0,0.0
2023-05-23 00:00:00-04:00,407.1807733761806,408.78186298584313,403.8614768651625,404.2617492675781,86383500,0.0,0.0,0.0
2023-05-24 00:00:00-04:00,402.6313964664295,403.0218966746542,400.15167396465586,401.33294677734375,89213700,0.0,0.0,0.0
2023-05-25 00:00:00-04:00,404.89630147270395,406.2826114463487,402.62161620529514,404.8084411621094,90961600,0.0,0.0,0.0
2023-05-26 00:00:00-04:00,405.4722774495331,410.78316337292216,405.3941893300366,410.05096435546875,93830000,0.0,0.0,0.0
2023-05-30 00:00:00-04:00,412.0132807654795,412.5502148119157,408.8013592948245,410.2071838378906,72216000,0.0,0.0,0.0
2023-05-31 00:00:00-04:00,408.352312629318,409.2700045389137,406.3412081789081,407.9325256347656,110811800,0.0,0.0,0.0
2023-06-01 00:00:00-04:00,408.16680781471985,412.88218649997975,406.89767467998365,411.80828857421875,88865000,0.0,0.0,0.0
2023-06-02 00:00:00-04:00,414.42467838052306,418.56403430329675,413.8877443069912,417.7635192871094,91366700,0.0,0.0,0.0
2023-06-05 00:00:00-04:00,418.11493766343403,419.42312970341555,416.2502672039309,416.96295166015625,65460200,0.0,0.0,0.0
2023-06-06 00:00:00-04:00,416.54320389747755,418.4078447392131,415.8793207306928,417.87091064453125,64022200,0.0,0.0,0.0
2023-06-07 00:00:00-04:00,418.2711201288726,419.4231060672314,415.9964052270547,416.42596435546875,85373300,0.0,0.0,0.0
2023-06-08 00:00:00-04:00,416.49435790902805,419.4036396504327,415.7133574730873,418.9447937011719,61952800,0.0,0.0,0.0
2023-06-09 00:00:00-04:00,419.75507622792645,421.73689386045237,418.69095048368905,419.6965026855469,85742800,0.0,0.0,0.0
2023-06-12 00:00:00-04:00,420.6922870063436,423.5820241639446,419.96008797770025,423.50390625,76104300,0.0,0.0,0.0
2023-06-13 00:00:00-04:00,424.987858971068,426.9501321559242,424.31423346494773,426.2960510253906,95899700,0.0,0.0,0.0
2023-06-14 00:00:00-04:00,426.6377624996344,428.63909470164236,423.2989216403373,426.8037109375,100612100,0.0,0.0,0.0
2023-06-15 00:00:00-04:00,425.97385926819544,433.36419532994097,425.87625656500063,432.0950622558594,110303100,0.0,0.0,0.0
2023-06-16 00:00:00-04:00,434.11167306313797,434.68980566142784,430.143123064739,430.6232604980469,114121300,1.638,0.0,0.0
2023-06-20 00:00:00-04:00,428.65371958769873,429.5552033810263,426.28236805425865,428.3891296386719,76160400,0.0,0.0,0.0
2023-06-21 00:00:00-04:00,427.389652658076,428.2029497734765,425.5964337434124,426.1941833496094,76982300,0.0,0.0,0.0
2023-06-22 00:00:00-04:00,425.22408421351344,427.84037873108394,424.8811160820468,427.73260498046875,70637200,0.0,0.0,0.0
2023-06-23 00:00:00-04:00,424.224593865999,426.311768401445,423.7738519642743,424.49896240234375,92074500,0.0,0.0,0.0
2023-06-26 00:00:00-04:00,423.9208221311058,425.87079741128355,422.51958391373114,422.7645568847656,72823600,0.0,0.0,0.0
2023-06-27 00:00:00-04:00,423.65625050804124,428.02655981874335,423.1957001389276,427.3994445800781,72813700,0.0,0.0,0.0
2023-06-28 00:00:00-04:00,426.30190892756116,428.64386464663266,425.67479373545933,427.614990234375,75636000,0.0,0.0,0.0
2023-06-29 00:00:00-04:00,427.1936534884178,429.46700981555455,426.78211564708164,429.3004150390625,67882300,0.0,0.0,0.0
2023-06-30 00:00:00-04:00,432.5634576750227,435.36593399282305,432.2400766205529,434.366455078125,104921500,0.0,0.0,0.0
2023-07-03 00:00:00-04:00,434.0137098156611,435.15035804216234,433.72953280707276,434.8662109375,32793400,0.0,0.0,0.0
2023-07-05 00:00:00-04:00,433.0240435963664,434.96424037073183,433.01423510787225,434.2195129394531,58418400,0.0,0.0,0.0
2023-07-06 00:00:00-04:00,430.5841409173067,431.2504602773362,428.27158032718177,430.8193054199219,80658300,0.0,0.0,0.0
2023-07-07 00:00:00-04:00,429.8100060017132,433.739382246484,429.48662491563294,429.7315979003906,86076100,0.0,0.0,0.0
2023-07-10 00:00:00-04:00,429.3690545446256,430.9956787968833,428.7909218730768,430.8193054199219,62443500,0.0,0.0,0.0
2023-07-11 00:00:00-04:00,431.59339539722845,434.0627121973904,430.6036950179592,433.5629577636719,64463800,0.0,0.0,0.0
2023-07-12 00:00:00-04:00,437.41391565228014,438.48199412750967,435.96366502055844,437.05133056640625,91924500,0.0,0.0,0.0
2023-07-13 00:00:00-04:00,438.89357848514527,441.3237211761576,438.45264507003446,440.52020263671875,72425200,0.0,0.0,0.0
2023-07-14 00:00:00-04:00,441.4217012998632,442.2839810279948,439.47169613975444,440.2458190917969,69761800,0.0,0.0,0.0
2023-07-17 00:00:00-04:00,440.0988074631404,442.84249253249675,440.04979493094777,441.7744140625,52680200,0.0,0.0,0.0
2023-07-18 00:00:00-04:00,441.44126466498665,445.71357864393127,441.0003013846613,445.05706787109375,80744400,0.0,0.0,0.0
2023-07-19 00:00:00-04:00,445.86054059320156,447.25197008786586,444.9786141230395,446.0467224121094,65891700,0.0,0.0,0.0
2023-07-20 00:00:00-04:00,445.0374990317561,445.9487912842407,442.36238348963764,443.0874938964844,70591600,0.0,0.0,0.0
2023-07-21 00:00:00-04:00,444.8317002104133,445.0374990317561,443.0777153125583,443.0874938964844,71245400,0.0,0.0,0.0
2023-07-24 00:00:00-04:00,444.25353707988455,445.8899695307134,443.2050456852066,445.0668640136719,54023400,0.0,0.0,0.0
2023-07-25 00:00:00-04:00,444.79246620840485,447.5557381536192,444.743453679665,446.2818908691406,55191200,0.0,0.0,0.0
2023-07-26 00:00:00-04:00,445.33142905378566,447.8007456327546,444.2633505766311,446.35052490234375,71052900,0.0,0.0,0.0
2023-07-27 00:00:00-04:00,449.78995863000523,450.2015263760867,442.470165112416,443.3912658691406,92194400,0.0,0.0,0.0
2023-07-28 00:00:00-04:00,446.7131123298341,448.57490090975745,443.39126452289526,447.7322082519531,80011800,0.0,0.0,0.0
2023-07-31 00:00:00-04:00,448.2122921094712,448.9472109271419,446.87962377005493,448.58465576171875,62040400,0.0,0.0,0.0
2023-08-01 00:00:00-04:00,447.09522657914863,448.0555313209302,446.3309121614613,447.301025390625,55291500,0.0,0.0,0.0
2023-08-02 00:00:00-04:00,444.13596249388127,444.40052251693686,440.3143904190101,441.0787048339844,93933400,0.0,0.0,0.0
2023-08-03 00:00:00-04:00,439.03076520754735,441.72546787091386,438.37422449183566,439.8146667480469,64276100,0.0,0.0,0.0
2023-08-04 00:00:00-04:00,441.65685064773396,443.79300767873565,437.29632000481047,437.8254699707031,100052300,0.0,0.0,0.0
2023-08-07 00:00:00-04:00,439.6872500519729,441.80381997103194,438.9817267456199,441.64703369140625,58357500,0.0,0.0,0.0
2023-08-08 00:00:00-04:00,439.0699302451711,441.63727203050115,436.3164365185731,439.7264709472656,71361300,0.0,0.0,0.0
2023-08-09 00:00:00-04:00,440.0008483598165,440.1674431366444,436.0126812432423,436.78680419921875,78789600,0.0,0.0,0.0
2023-08-10 00:00:00-04:00,439.1776945185379,442.61712419837835,435.7578818125965,436.94354248046875,93005500,0.0,0.0,0.0
2023-08-11 00:00:00-04:00,435.0425706646499,437.71768608724466,434.43504252347105,436.68878173828125,68664600,0.0,0.0,0.0
2023-08-14 00:00:00-04:00,435.75792973116353,439.0993347167969,435.44435715353234,439.0993347167969,47867400,0.0,0.0,0.0
2023-08-15 00:00:00-04:00,437.29635403501476,437.65893916277594,433.4061819372562,433.9843444824219,75707500,0.0,0.0,0.0
2023-08-16 00:00:00-04:00,433.5629550055302,435.24837024366,430.6918789598099,430.7996826171875,80107200,0.0,0.0,0.0
2023-08-17 00:00:00-04:00,432.2890973914982,432.5536574288021,426.9878788300595,427.51702880859375,95711300,0.0,0.0,0.0
2023-08-18 00:00:00-04:00,424.6557121470417,428.7712697419343,424.30296544664094,427.7227783203125,98758400,0.0,0.0,0.0
2023-08-21 00:00:00-04:00,428.7516919006662,431.2602127900051,426.56655208680246,430.5057067871094,68719000,0.0,0.0,0.0
2023-08-22 00:00:00-04:00,432.3086706600243,432.3086706600243,428.7712755053373,429.339599609375,65062900,0.0,0.0,0.0
2023-08-23 00:00:00-04:00,430.41750043586205,434.7486356241566,430.27052263732946,434.1214904785156,68441000,0.0,0.0,0.0
2023-08-24 00:00:00-04:00,435.7480941562773,436.26743562272776,428.07552448891664,428.1049499511719,88517300,0.0,0.0,0.0
2023-08-25 00:00:00-04:00,429.85891707583124,432.42622874406715,426.2529225174529,431.12298583984375,102325100,0.0,0.0,0.0
2023-08-28 00:00:00-04:00,433.3473706832324,434.48404884002144,431.1230269054722,433.85693359375,61595400,0.0,0.0,0.0
2023-08-29 00:00:00-04:00,433.7491292356068,440.41241187799994,433.56294738843866,440.12823486328125,83081900,0.0,0.0,0.0
2023-08-30 00:00:00-04:00,440.4712022401119,442.5877722590719,439.7558704125424,441.9410400390625,69053900,0.0,0.0,0.0
2023-08-31 00:00:00-04:00,442.56809778697584,443.72436286165834,441.1080686656212,441.29425048828125,66084600,0.0,0.0,0.0
2023-09-01 00:00:00-04:00,444.0575977292076,444.54754364858826,440.637754877261,442.1174011230469,58875700,0.0,0.0,0.0
2023-09-05 00:00:00-04:00,441.66666319135845,441.9900143433077,440.1380343015647,440.20660400390625,55166200,0.0,0.0,0.0
2023-09-06 00:00:00-04:00,439.383502038816,439.4913056929659,434.885802010405,437.2473449707031,70758500,0.0,0.0,0.0
2023-09-07 00:00:00-04:00,434.1998750268418,436.59081359773234,433.8471283051991,435.9049072265625,70355400,0.0,0.0,0.0
2023-09-08 00:00:00-04:00,435.9538427364967,438.11939517631157,435.5912875660214,436.5613708496094,61659700,0.0,0.0,0.0
2023-09-11 00:00:00-04:00,439.22669630581146,439.74603777009037,437.49229856373097,439.4324951171875,60180100,0.0,0.0,0.0
2023-09-12 00:00:00-04:00,437.9626903976125,439.51090641972337,436.4340614478074,437.02197265625,67565400,0.0,0.0,0.0
2023-09-13 00:00:00-04:00,437.2473171475049,438.7073463500825,436.1302261493997,437.531494140625,60199300,0.0,0.0,0.0
2023-09-14 00:00:00-04:00,440.04000776850955,442.009569906928,438.7171478878904,441.3040466308594,83430800,0.0,0.0,0.0
2023-09-15 00:00:00-04:00,439.69433302215805,440.028667812428,435.54460237559834,435.9870910644531,111761400,1.583,0.0,0.0
2023-09-18 00:00:00-04:00,435.672439049655,437.560480932324,435.19060800033236,436.2427978515625,55752200,0.0,0.0,0.0
2023-09-19 00:00:00-04:00,435.3085744848103,435.90843249240544,432.6142100166568,435.33807373046875,66514600,0.0,0.0,0.0
2023-09-20 00:00:00-04:00,436.6164824817176,437.0393150428385,431.1293822353932,431.3359069824219,82562600,0.0,0.0,0.0
2023-09-21 00:00:00-04:00,428.4448632635587,428.7103564992815,424.04929519347553,424.2066345214844,103976100,0.0,0.0,0.0
2023-09-22 00:00:00-04:00,425.2489728945116,426.87149154396485,422.8299145348389,423.2527770996094,100829700,0.0,0.0,0.0
2023-09-25 00:00:00-04:00,422.02358005816535,425.07193561409366,421.58106134357865,425.0326232910156,70874500,0.0,0.0,0.0
2023-09-26 00:00:00-04:00,421.9449308464144,422.6627859298986,417.94269594553464,418.78839111328125,96168400,0.0,0.0,0.0
2023-09-27 00:00:00-04:00,419.97819594265115,420.5485547267416,415.2581363975362,418.95550537109375,104705800,0.0,0.0,0.0
2023-09-28 00:00:00-04:00,418.3950119111547,423.0855721223498,417.7951538914009,421.3843688964844,92258300,0.0,0.0,0.0
2023-09-29 00:00:00-04:00,424.4819872790485,424.6589827763836,418.8178912890486,420.36175537109375,115078500,0.0,0.0,0.0
2023-10-02 00:00:00-04:00,419.51600638082255,421.4630466299472,417.3919706570699,420.19451904296875,83798600,0.0,0.0,0.0
2023-10-03 00:00:00-04:00,417.98198263094685,420.2535145675191,413.18323862331886,414.56976318359375,103760600,0.0,0.0,0.0
2023-10-04 00:00:00-04:00,415.04184597004564,418.34588202696824,413.55698035608987,417.5887145996094,87453000,0.0,0.0,0.0
2023-10-05 00:00:00-04:00,417.2936827961193,418.2868742121491,414.1568292329643,417.4313659667969,70142700,0.0,0.0,0.0
2023-10-06 00:00:00-04:00,414.9434970921125,423.95097141952147,413.5963146780063,422.387451171875,113202700,0.0,0.0,0.0
2023-10-09 00:00:00-04:00,420.4600220101341,425.67178562276524,419.89953632747483,425.09161376953125,80374400,0.0,0.0,0.0
2023-10-10 00:00:00-04:00,425.73077505083967,429.9395041755486,425.3275986849248,427.30413818359375,78607300,0.0,0.0,0.0
2023-10-11 00:00:00-04:00,428.3858348043182,429.31015452643254,425.9667765659611,429.05450439453125,62451700,0.0,0.0,0.0
2023-10-12 00:00:00-04:00,429.67403645075944,430.05752666926685,424.04928317386,426.4388122558594,81154200,0.0,0.0,0.0
2023-10-13 00:00:00-04:00,427.9629718061334,429.18234400926883,422.7217389807399,424.31475830078125,95143100,0.0,0.0,0.0
2023-10-16 00:00:00-04:00,426.5961405123643,429.8608638701462,426.3503034524603,428.7791748046875,75433200,0.0,0.0,0.0
2023-10-17 00:00:00-04:00,425.6029515030891,430.8442144540271,425.2489605394166,428.7594909667969,75324700,0.0,0.0,0.0
2023-10-18 00:00:00-04:00,426.9599708943194,427.93347604017185,421.9448889134492,423.0462341308594,93559800,0.0,0.0,0.0
2023-10-19 00:00:00-04:00,423.7739464755948,425.612802928208,418.6408673359147,419.3291931152344,121323000,0.0,0.0,0.0
2023-10-20 00:00:00-04:00,418.8866991661608,419.4373717864964,414.0682687241133,414.17645263671875,123845800,0.0,0.0,0.0
2023-10-23 00:00:00-04:00,412.62273565059235,417.3821674835899,410.84287775821616,413.4585876464844,92035100,0.0,0.0,0.0
2023-10-24 00:00:00-04:00,415.61214406495554,417.7460230342554,413.7339452511739,416.5758361816406,78564200,0.0,0.0,0.0
2023-10-25 00:00:00-04:00,414.86480367133174,414.8943029181763,410.0758725312454,410.5970458984375,94223200,0.0,0.0,0.0
2023-10-26 00:00:00-04:00,409.51537993310467,410.3807011624175,404.74613504430465,405.6802978515625,115156800,0.0,0.0,0.0
2023-10-27 00:00:00-04:00,407.2930232197039,407.6961996123917,402.39593802128496,403.8414611816406,107367700,0.0,0.0,0.0
2023-10-30 00:00:00-04:00,406.673482074598,409.7415236788458,405.35579907838417,408.669677734375,86562700,0.0,0.0,0.0
2023-10-31 00:00:00-04:00,409.24988433701736,411.5607588215683,407.31268700436084,411.23626708984375,79665200,0.0,0.0,0.0
2023-11-01 00:00:00-04:00,412.2196021861803,416.44798769621605,411.6787426380733,415.6219787597656,98068100,0.0,0.0,0.0
2023-11-02 00:00:00-04:00,419.47667872050596,423.7444364873871,419.4570225591062,423.58709716796875,94938900,0.0,0.0,0.0
2023-11-03 00:00:00-04:00,425.92748234768464,429.0250233837608,425.79964227159707,427.45166015625,100110800,0.0,0.0,0.0
2023-11-06 00:00:00-05:00,428.218659745179,428.88732934685845,426.458457991005,428.43499755859375,67831700,0.0,0.0,0.0
2023-11-07 00:00:00-05:00,428.4349852117837,430.30334081411877,427.2746415230016,429.6543273925781,64256100,0.0,0.0,0.0
2023-11-08 00:00:00-05:00,430.2640171310496,430.7950335915806,427.62865100893004,429.9690246582031,61746000,0.0,0.0,0.0
2023-11-09 00:00:00-05:00,431.12937921321316,431.1687215470488,426.1831385650166,426.6158142089844,83174400,0.0,0.0,0.0
2023-11-10 00:00:00-05:00,428.7201637632193,433.587719401209,426.60594110239947,433.2730407714844,89462200,0.0,0.0,0.0
2023-11-13 00:00:00-05:00,431.9160709687511,433.9810783259935,431.11956127166445,432.8600769042969,52236100,0.0,0.0,0.0
2023-11-14 00:00:00-05:00,438.8879702843741,442.56568290292546,438.66178939784413,441.2578430175781,97176900,0.0,0.0,0.0
2023-11-15 00:00:00-05:00,442.6148796770637,443.8637511980381,441.3266958316835,442.1920471191406,77327600,0.0,0.0,0.0
2023-11-16 00:00:00-05:00,441.73968833403467,443.05737134694607,440.65799929077724,442.7328796386719,66665800,0.0,0.0,0.0
2023-11-17 00:00:00-05:00,442.7427097887476,443.90308353957664,441.8085469499042,443.2835693359375,83133200,0.0,0.0,0.0
2023-11-20 00:00:00-05:00,443.02793114809447,447.5513395622531,443.0180880615783,446.6958312988281,69936200,0.0,0.0,0.0
2023-11-21 00:00:00-05:00,445.63376177831685,446.5679546385421,444.4340756885891,445.7222595214844,49244600,0.0,0.0,0.0
2023-11-22 00:00:00-05:00,447.40377239578356,448.7804538663834,446.33192646476635,447.4430847167969,59394900,0.0,0.0,0.0
2023-11-24 00:00:00-05:00,447.4922939334449,447.91512647736783,447.157959130617,447.71844482421875,29737400,0.0,0.0,0.0
2023-11-27 00:00:00-05:00,447.07932282494716,447.905331840588,446.51880706130896,446.91217041015625,50506000,0.0,0.0,0.0
2023-11-28 00:00:00-05:00,446.5187317789725,448.6722667103649,445.9484030343568,447.3545837402344,62115000,0.0,0.0,0.0
2023-11-29 00:00:00-05:00,449.5376912336057,450.6882220047712,446.63683161299184,447.03997802734375,63146000,0.0,0.0,0.0
2023-11-30 00:00:00-05:00,447.89547678588184,449.1541613597604,445.79109710253397,448.8001403808594,79752700,0.0,0.0,0.0
2023-12-01 00:00:00-05:00,448.18063362601856,451.99602974416615,447.5808055812684,451.4552001953125,89097900,0.0,0.0,0.0
2023-12-04 00:00:00-05:00,448.01345068259826,451.4748255799938,446.77442233442224,449.0852966308594,72430900,0.0,0.0,0.0
2023-12-05 00:00:00-05:00,447.67911266292833,449.9703007726097,447.29559245910474,448.9967956542969,69793500,0.0,0.0,0.0
2023-12-06 00:00:00-05:00,451.1700487669895,451.19954801676687,446.74498124393017,447.1875,69124700,0.0,0.0,0.0
2023-12-07 00:00:00-05:00,449.3016435437978,451.2584969192429,448.6919724424676,450.59967041015625,66995400,0.0,0.0,0.0
2023-12-08 00:00:00-05:00,449.84247069096904,453.0776947544648,449.5966336346725,452.536865234375,83080900,0.0,0.0,0.0
2023-12-11 00:00:00-05:00,452.0353387203374,454.4740530719245,451.81900091487876,454.2970275878906,65002200,0.0,0.0,0.0
2023-12-12 00:00:00-05:00,453.9430767609804,456.47028907325256,452.9302292207674,456.3719482421875,68327600,0.0,0.0,0.0
2023-12-13 00:00:00-05:00,456.7554418748832,462.9210549166523,456.3916078056985,462.6653747558594,93278000,0.0,0.0,0.0
2023-12-14 00:00:00-05:00,464.6320385490906,465.84156767504913,461.43615680245665,464.15020751953125,119026000,0.0,0.0,0.0
2023-12-15 00:00:00-05:00,463.5439940936669,464.73869138181607,461.5100859891362,463.3860168457031,141319300,1.906,0.0,0.0
2023-12-18 00:00:00-05:00,465.015132046207,466.98980239823476,463.93894032008126,465.9925842285156,70375300,0.0,0.0,0.0
2023-12-19 00:00:00-05:00,466.5454606874059,468.90520607518124,466.4664871358793,468.8262023925781,55761800,0.0,0.0,0.0
2023-12-20 00:00:00-05:00,467.9573823984052,469.872815094612,461.8951599457806,462.32958984375,102921000,0.0,0.0,0.0
2023-12-21 00:00:00-05:00,465.3606738913847,466.98980103190377,462.90221895224823,466.7133483886719,86667500,0.0,0.0,0.0
2023-12-22 00:00:00-05:00,467.8586381052912,469.35940687616863,465.72602061281685,467.65130615234375,67126600,0.0,0.0,0.0
2023-12-26 00:00:00-05:00,468.06596980554446,470.54416047944926,467.9869661221642,469.6259460449219,55387000,0.0,0.0,0.0
2023-12-27 00:00:00-05:00,469.4186113300137,470.6231613802883,468.87558906706124,470.4750671386719,68000300,0.0,0.0,0.0
2023-12-28 00:00:00-05:00,470.8403976052289,471.5018952913904,470.2282546248126,470.6528015136719,77158100,0.0,0.0,0.0
2023-12-29 00:00:00-05:00,470.45530089372437,470.98847029432693,467.3056994557481,469.2902526855469,122234100,0.0,0.0,0.0
2024-01-02 00:00:00-05:00,466.18021683265306,467.671102707142,464.53135370190006,466.66400146484375,123623700,0.0,0.0,0.0
2024-01-03 00:00:00-05:00,464.47208880839077,465.2224731989496,462.2407317555946,462.8528747558594,103585900,0.0,0.0,0.0
2024-01-04 00:00:00-05:00,462.36904000280646,464.99535512497806,461.1348710618091,461.3619689941406,84232200,0.0,0.0,0.0
2024-01-05 00:00:00-05:00,461.56931945202405,464.48197032202864,460.5227465585689,461.993896484375,86060800,0.0,0.0,0.0
2024-01-08 00:00:00-05:00,462.497392838746,468.737358160941,462.36903444945153,468.5892639160156,74879100,0.0,0.0,0.0
2024-01-09 00:00:00-05:00,465.8938645384467,468.91510789531105,465.3804610722293,467.87841796875,65931400,0.0,0.0,0.0
2024-01-10 00:00:00-05:00,468.15484620647555,471.4031873412615,467.8685105714623,470.5244445800781,67310600,0.0,0.0,0.0
2024-01-11 00:00:00-05:00,471.54139410726924,472.0646805353375,466.27891097711375,470.3171081542969,77940700,0.0,0.0,0.0
2024-01-12 00:00:00-05:00,471.788226212342,472.5386105710735,469.2112959241893,470.6429138183594,57944000,0.0,0.0,0.0
2024-01-16 00:00:00-05:00,469.24090704882764,470.57378537947335,467.0687576940883,468.9150695800781,85014900,0.0,0.0,0.0
2024-01-17 00:00:00-05:00,465.84448398284644,466.8022002964971,463.9191683619671,466.30853271484375,68843900,0.0,0.0,0.0
2024-01-18 00:00:00-05:00,468.0067199860643,471.01807998601583,466.43686079415824,470.4552917480469,91856200,0.0,0.0,0.0
2024-01-19 00:00:00-05:00,471.6006379691473,476.6064345129822,470.50471039326055,476.3200988769531,110733300,0.0,0.0,0.0
2024-01-22 00:00:00-05:00,477.8801147683553,479.07478191108953,476.66568163793835,477.32720947265625,75844900,0.0,0.0,0.0
2024-01-23 00:00:00-05:00,477.8800885561266,478.96613310027135,476.77427802538335,478.71929931640625,49945300,0.0,0.0,0.0
2024-01-24 00:00:00-05:00,481.6319182252031,482.57975145597555,478.7390337007263,479.2425842285156,81765000,0.0,0.0,0.0
2024-01-25 00:00:00-05:00,481.4048692496808,482.1256347714462,479.24263294654105,481.84918212890625,72525000,0.0,0.0,0.0
2024-01-26 00:00:00-05:00,481.41474312518983,482.9253647024353,480.3780532680699,481.2370300292969,76641600,0.0,0.0,0.0
2024-01-29 00:00:00-05:00,481.5529814990137,485.19625059743225,481.0000762278625,485.0481262207031,61322800,0.0,0.0,0.0
2024-01-30 00:00:00-05:00,484.3471056578816,485.3936784564474,483.9027928091556,484.6729431152344,58618400,0.0,0.0,0.0
2024-01-31 00:00:00-05:00,482.4316984426035,482.88586417703925,476.74463830989237,476.764404296875,126011100,0.0,0.0,0.0
2024-02-01 00:00:00-05:00,478.4922351786506,483.03398286271914,477.6727301365477,483.0043640136719,91891600,0.0,0.0,0.0
2024-02-02 00:00:00-05:00,483.44868477371125,489.76762415976845,483.10311142026165,488.08917236328125,99147700,0.0,0.0,0.0
2024-02-05 00:00:00-05:00,487.4473797029177,488.11876037909997,484.0213254983892,486.3119201660156,75757100,0.0,0.0,0.0
2024-02-06 00:00:00-05:00,487.26965055523016,488.0595367833383,485.81826662535263,487.7238464355469,55918600,0.0,0.0,0.0
2024-02-07 00:00:00-05:00,490.0045518319189,492.21617284383666,489.08630727690263,491.7916259765625,70556500,0.0,0.0,0.0
2024-02-08 00:00:00-05:00,491.79163516342265,492.3938951308885,490.96227726846075,492.00885009765625,52343600,0.0,0.0,0.0
2024-02-09 00:00:00-05:00,492.522290239314,495.2966997559639,492.1767168912128,494.8524169921875,63979400,0.0,0.0,0.0
2024-02-12 00:00:00-05:00,494.82278896712546,497.12326669534986,493.9045443435202,494.63519287109375,56502300,0.0,0.0,0.0
2024-02-13 00:00:00-05:00,488.26685315552857,490.79442874266346,484.50510862424267,487.8225402832031,113099200,0.0,0.0,0.0
2024-02-14 00:00:00-05:00,490.4982513760117,492.7493743759692,488.13850583834426,492.2557067871094,68387800,0.0,0.0,0.0
2024-02-15 00:00:00-05:00,492.96660765600285,495.8397567457618,492.48279291179165,495.65216064453125,61683000,0.0,0.0,0.0
2024-02-16 00:00:00-05:00,495.34610448774356,496.50126985103236,492.43345346245076,493.183837890625,75461200,0.0,0.0,0.0
2024-02-20 00:00:00-05:00,491.41646125471414,492.0977249314427,488.18788610101467,490.4686279296875,71736700,0.0,0.0,0.0
2024-02-21 00:00:00-05:00,489.1455641953795,491.0708495447921,487.3091052573801,490.9128723144531,59603800,0.0,0.0,0.0
2024-02-22 00:00:00-05:00,497.6268111995141,502.05005349967576,496.64932888711945,501.0726013183594,76402500,0.0,0.0,0.0
2024-02-23 00:00:00-05:00,502.8201814697373,503.66930540147666,500.67768098039136,501.4181823730469,61321800,0.0,0.0,0.0
2024-02-26 00:00:00-05:00,501.86243730909985,502.30675017249405,499.45333716805663,499.5816955566406,50386700,0.0,0.0,0.0
2024-02-27 00:00:00-05:00,500.2827588476133,500.7369246037783,498.3574431515057,500.50982666015625,48854500,0.0,0.0,0.0
2024-02-28 00:00:00-05:00,498.93008300175484,500.4407046514321,498.5647737989886,499.84832763671875,56506600,0.0,0.0,0.0
2024-02-29 00:00:00-05:00,501.6354108088416,503.28424374742,498.9498578140212,501.645263671875,83924800,0.0,0.0,0.0
2024-03-01 00:00:00-05:00,502.5338756491636,506.7892577747691,502.1191816118574,506.3548278808594,76805900,0.0,0.0,0.0
2024-03-04 00:00:00-05:00,505.545258576722,507.68775903304964,505.51560959563705,505.8117980957031,49799300,0.0,0.0,0.0
2024-03-05 00:00:00-05:00,503.7778960932873,504.23209197361217,498.51541280508394,500.75665283203125,72855600,0.0,0.0,0.0
2024-03-06 00:00:00-05:00,504.0839539761013,505.5847227034607,501.98095539502907,503.2940979003906,68382400,0.0,0.0,0.0
2024-03-07 00:00:00-05:00,506.6412061286749,509.3563779669273,503.3533629929502,508.2900390625,58652100,0.0,0.0,0.0
2024-03-08 00:00:00-05:00,508.9317896307731,511.656783979144,504.656611629126,505.2391357421875,86425500,0.0,0.0,0.0
2024-03-11 00:00:00-04:00,504.0148619441716,505.39712513817193,502.0599274855355,504.8047180175781,62557200,0.0,0.0,0.0
2024-03-12 00:00:00-04:00,506.94726437216417,510.8274844298601,504.39003971968737,510.235107421875,73114400,0.0,0.0,0.0
2024-03-13 00:00:00-04:00,510.5609098849255,510.7386229961063,507.97409638524823,509.4353332519531,55104100,0.0,0.0,0.0
2024-03-14 00:00:00-04:00,510.42265985793,510.5806672399703,505.3379196312258,508.42828369140625,110171800,0.0,0.0,0.0
2024-03-15 00:00:00-04:00,505.3134306736308,506.7891514759558,503.24349233984213,504.93707275390625,107585800,1.595,0.0,0.0
2024-03-18 00:00:00-04:00,509.067092617157,510.53286957115847,507.52206650501074,507.9380187988281,88893300,0.0,0.0,0.0
2024-03-19 00:00:00-04:00,507.23484938554435,511.0478762202208,506.21470542311687,510.76068115234375,60755300,0.0,0.0,0.0
2024-03-20 00:00:00-04:00,510.8201649625233,515.6235952416318,510.1367844875123,515.4849243164062,69594600,0.0,0.0,0.0
2024-03-21 00:00:00-04:00,518.3669362427153,519.0799972433423,516.9010989924435,517.1883544921875,60256100,0.0,0.0,0.0
2024-03-22 00:00:00-04:00,517.0992120281103,517.5944134478647,515.9701382832161,516.2078857421875,79023000,0.0,0.0,0.0
2024-03-25 00:00:00-04:00,514.8113578960968,515.9503452837859,514.6231789481147,514.7816772460938,48512100,0.0,0.0,0.0
2024-03-26 00:00:00-04:00,516.2276294197574,516.574306667591,513.424833033871,513.8308715820312,65463700,0.0,0.0,0.0
2024-03-27 00:00:00-04:00,516.7030983621477,518.1887026536133,514.5043725770939,518.1490478515625,82999800,0.0,0.0,0.0
2024-03-28 00:00:00-04:00,518.1887197410889,519.5752475225421,517.7628537507529,518.050048828125,96294900,0.0,0.0,0.0
2024-04-01 00:00:00-04:00,518.8026977832243,519.3474072145876,515.9700999312377,517.148681640625,62477500,0.0,0.0,0.0
2024-04-02 00:00:00-04:00,513.2663787407818,513.9992671999094,511.5232600004811,513.8606567382812,74230300,0.0,0.0,0.0
2024-04-03 00:00:00-04:00,512.7513266543715,515.9503689165954,512.7018186025061,514.4251098632812,59155800,0.0,0.0,0.0
2024-04-04 00:00:00-04:00,518.4957490765652,518.8423659141632,507.8390041282168,508.1460266113281,96858100,0.0,0.0,0.0
2024-04-05 00:00:00-04:00,509.5226586128974,515.4452481567992,509.0769652522051,513.4545288085938,74482100,0.0,0.0,0.0
2024-04-08 00:00:00-04:00,514.167686693872,515.187770241193,512.9197693753006,513.7417602539062,48401800,0.0,0.0,0.0
2024-04-09 00:00:00-04:00,515.5047277799397,515.7523285137437,509.413725548602,514.3360595703125,68124400,0.0,0.0,0.0
2024-04-10 00:00:00-04:00,508.5520102686698,511.2062825180565,507.1753963185619,509.1858825683594,82652800,0.0,0.0,0.0
2024-04-11 00:00:00-04:00,510.73094461172184,514.4944634268413,507.16551846042853,513.0286865234375,70099000,0.0,0.0,0.0
2024-04-12 00:00:00-04:00,509.4335032535515,510.86959945939657,504.1942637744547,505.9472961425781,92469100,0.0,0.0,0.0
2024-04-15 00:00:00-04:00,510.18622940720803,510.35458096734675,498.74705825509733,499.6087341308594,92101400,0.0,0.0,0.0
2024-04-16 00:00:00-04:00,500.0940425161087,501.63906862142886,497.39023171944945,498.69757080078125,73484000,0.0,0.0,0.0
2024-04-17 00:00:00-04:00,501.19333983039104,501.3617216102896,494.32985547517376,495.7461242675781,75910300,0.0,0.0,0.0
2024-04-18 00:00:00-04:00,497.16245658697704,499.29181676831763,493.77526538398075,494.7260437011719,74548100,0.0,0.0,0.0
2024-04-19 00:00:00-04:00,494.6467903221035,495.656990324727,489.1203256217564,490.4078674316406,102129100,0.0,0.0,0.0
2024-04-22 00:00:00-04:00,493.05222692904476,497.5585779345951,490.6752661850258,494.9241027832031,67961000,0.0,0.0,0.0
2024-04-23 00:00:00-04:00,496.96432609613043,501.2329598348073,494.73591974985015,500.79718017578125,64633600,0.0,0.0,0.0
2024-04-24 00:00:00-04:00,501.6984359256906,502.50065976928005,498.30136160286673,500.5594787597656,55928100,0.0,0.0,0.0
2024-04-25 00:00:00-04:00,494.3892945397056,499.43044149195106,492.7155112810887,498.6579284667969,69122400,0.0,0.0,0.0
2024-04-26 00:00:00-04:00,501.49049852500383,504.98661944192617,500.8467427053988,503.3821716308594,64306100,0.0,0.0,0.0
2024-04-29 00:00:00-04:00,505.1945668324085,505.8482363154036,502.3818264728115,505.16485595703125,46415400,0.0,0.0,0.0
2024-04-30 00:00:00-04:00,503.67928267381865,504.6696855468165,497.1624450683594,497.1624450683594,77483600,0.0,0.0,0.0
2024-05-01 00:00:00-04:00,496.5681788979437,503.3128197951425,495.0726609432343,495.5480651855469,80242800,0.0,0.0,0.0
2024-05-02 00:00:00-04:00,499.3115766670157,501.0348981300909,494.7557176408706,500.1831359863281,62550200,0.0,0.0,0.0
2024-05-03 00:00:00-04:00,506.25432995034845,507.63097421000964,503.6792764673451,506.3830871582031,72756700,0.0,0.0,0.0
2024-05-06 00:00:00-04:00,508.8194833616373,511.6520211115232,508.37378997246344,511.6124267578125,47264700,0.0,0.0,0.0
2024-05-07 00:00:00-04:00,512.592893186346,513.5932097300324,511.49356053808145,512.1769409179688,52561300,0.0,0.0,0.0
2024-05-08 00:00:00-04:00,510.3149094204275,512.7710887945075,510.1960659313194,512.2263793945312,42047200,0.0,0.0,0.0
2024-05-09 00:00:00-04:00,512.4146541328394,515.2175112486855,511.7511011196911,515.1778564453125,43643700,0.0,0.0,0.0
2024-05-10 00:00:00-04:00,516.8021535312699,517.6242048938462,514.6034880294221,515.8414916992188,52233200,0.0,0.0,0.0
2024-05-13 00:00:00-04:00,517.544894396622,517.6538241987988,514.7519511946372,515.9107055664062,36716400,0.0,0.0,0.0
2024-05-14 00:00:00-04:00,516.1087864551328,518.8027134936191,515.5640770072746,518.2777709960938,57535900,0.0,0.0,0.0
2024-05-15 00:00:00-04:00,520.7835751561179,524.9927874918133,520.1397890897238,524.6956787109375,59504900,0.0,0.0,0.0
2024-05-16 00:00:00-04:00,524.7946095124151,526.4188845163601,523.4674432410488,523.6160278320312,50244800,0.0,0.0,0.0
2024-05-17 00:00:00-04:00,523.7349021143731,524.4381098639712,522.2592116146577,524.3687744140625,59187600,0.0,0.0,0.0
2024-05-20 00:00:00-04:00,524.4876126954816,526.4585045754586,524.0914273997704,524.972900390625,37764200,0.0,0.0,0.0
2024-05-21 00:00:00-04:00,524.2004426341203,526.4189353173136,523.9924362765489,526.2604370117188,33437000,0.0,0.0,0.0
2024-05-22 00:00:00-04:00,525.5572547138055,526.280229392973,522.5364779021538,524.7451171875,48390000,0.0,0.0,0.0
2024-05-23 00:00:00-04:00,527.8451122672031,527.9540420702835,519.6841421979015,520.9122924804688,57211200,0.0,0.0,0.0
2024-05-24 00:00:00-04:00,522.7841195913288,525.1809380091343,521.8234578436425,524.35888671875,41258400,0.0,0.0,0.0
2024-05-28 00:00:00-04:00,525.1809488785617,525.4186358953048,522.0512419597281,524.725341796875,36269600,0.0,0.0,0.0
2024-05-29 00:00:00-04:00,520.6349510586301,522.2493125032587,520.3279286001089,521.0509033203125,45190300,0.0,0.0,0.0
2024-05-30 00:00:00-04:00,519.4861246908551,520.1595913781238,516.3267371663876,517.5944213867188,46468500,0.0,0.0,0.0
2024-05-31 00:00:00-04:00,518.5650246985202,522.4374730192826,513.3851769884031,522.3087158203125,90785800,0.0,0.0,0.0
2024-06-03 00:00:00-04:00,523.9429420674911,524.2301371360559,517.5845121617758,522.734619140625,46835700,0.0,0.0,0.0
2024-06-04 00:00:00-04:00,521.4074995044357,524.0716855548387,519.9218952484352,523.3189697265625,34632700,0.0,0.0,0.0
2024-06-05 00:00:00-04:00,525.676161287564,529.5585236906696,523.6557007042801,529.5386962890625,47610400,0.0,0.0,0.0
2024-06-06 00:00:00-04:00,529.8456837163661,530.2814633771293,527.567769309855,529.5287475585938,30808500,0.0,0.0,0.0
2024-06-07 00:00:00-04:00,528.5383935105723,531.7374360345742,527.4291470806969,528.8850708007812,43224500,0.0,0.0,0.0
2024-06-10 00:00:00-04:00,528.0629853102115,530.8460149060121,527.4588540784205,530.5191650390625,35729300,0.0,0.0,0.0
2024-06-11 00:00:00-04:00,528.9443882583355,531.8561746749496,526.943755418869,531.7967529296875,36383400,0.0,0.0,0.0
2024-06-12 00:00:00-04:00,536.4319178680672,538.8980113725944,535.114665109043,536.1644897460938,63251300,0.0,0.0,0.0
2024-06-13 00:00:00-04:00,537.9373737282991,538.1156390011481,534.4115417278035,537.2440795898438,44760900,0.0,0.0,0.0
2024-06-14 00:00:00-04:00,535.6890723130914,537.6005424667798,534.668928411455,537.5708618164062,40089900,0.0,0.0,0.0
2024-06-17 00:00:00-04:00,536.8775841230741,543.2656944796701,536.4120633583274,541.849365234375,55839500,0.0,0.0,0.0
2024-06-18 00:00:00-04:00,541.908760555386,543.3547703814315,541.482894612303,543.2260131835938,41376400,0.0,0.0,0.0
2024-06-20 00:00:00-04:00,544.1669516153021,544.8404183084012,539.9478257458514,541.7503662109375,70328200,0.0,0.0,0.0
2024-06-21 00:00:00-04:00,540.9147666280046,542.1567641077305,539.5435965588345,541.0240478515625,64513900,1.759,0.0,0.0
2024-06-24 00:00:00-04:00,540.8451671842284,543.4483888561709,539.1460929266034,539.2653198242188,45528700,0.0,0.0,0.0
2024-06-25 00:00:00-04:00,540.5073919724678,541.7096674415219,538.9673271282493,541.342041015625,38273300,0.0,0.0,0.0
2024-06-26 00:00:00-04:00,540.2093444061392,542.7430073900042,539.5535963546173,542.0177001953125,38550600,0.0,0.0,0.0
2024-06-27 00:00:00-04:00,541.8785333532583,543.4583808478909,541.1233891744105,542.8721313476562,35041500,0.0,0.0,0.0
2024-06-28 00:00:00-04:00,543.6570202025717,546.7571015570238,539.4740117027048,540.73583984375,76144500,0.0,0.0,0.0
2024-07-01 00:00:00-04:00,542.1368764681023,542.3852759657548,539.0468012719632,541.8487548828125,40297800,0.0,0.0,0.0
2024-07-02 00:00:00-04:00,540.2192363850778,545.4952392578125,540.1695686147268,545.4952392578125,40434800,0.0,0.0,0.0
2024-07-03 00:00:00-04:00,545.1773403396794,548.2972529078797,545.1376182479295,547.9296264648438,32789900,0.0,0.0,0.0
2024-07-05 00:00:00-04:00,548.2375511458326,551.4965208324575,547.5916882313281,551.0891723632812,41488400,0.0,0.0,0.0
2024-07-08 00:00:00-04:00,551.884046644386,552.6888585564628,550.6420492094277,551.72509765625,36110500,0.0,0.0,0.0
2024-07-09 00:00:00-04:00,552.6988432685978,553.6129364648433,551.9635904382866,552.2616577148438,27289700,0.0,0.0,0.0
2024-07-10 00:00:00-04:00,553.5036489009739,558.0741754742883,553.205581627829,557.7264404296875,38701200,0.0,0.0,0.0
2024-07-11 00:00:00-04:00,557.8456259785384,558.7299426936437,552.2715561285736,552.9173583984375,53054200,0.0,0.0,0.0
2024-07-12 00:00:00-04:00,554.0600306153884,560.0613404112083,553.5831230048191,556.4049072265625,53084400,0.0,0.0,0.0
2024-07-15 00:00:00-04:00,558.4319186338745,561.2239266160194,556.0472591522632,557.9351196289062,40584300,0.0,0.0,0.0
2024-07-16 00:00:00-04:00,559.2664631971054,561.5417806296592,558.5013733831685,561.2437133789062,36475300,0.0,0.0,0.0
2024-07-17 00:00:00-04:00,555.2225283359235,556.9216026807854,553.0465463761137,553.3744506835938,57119000,0.0,0.0,0.0
2024-07-18 00:00:00-04:00,554.934410669843,555.9379543203733,546.906122110008,549.121826171875,56270400,0.0,0.0,0.0
2024-07-19 00:00:00-04:00,548.8833755688274,550.532782165791,544.4022390050054,545.475341796875,65509100,0.0,0.0,0.0
2024-07-22 00:00:00-04:00,549.4597210903114,551.7152080677258,547.4924163595272,551.0991821289062,43346700,0.0,0.0,0.0
2024-07-23 00:00:00-04:00,550.9897636467225,553.1756911794572,549.7378812203599,550.2346801757812,34439600,0.0,0.0,0.0
2024-07-24 00:00:00-04:00,545.3461720780751,545.6541850257204,536.8310301226088,537.7650146484375,74515300,0.0,0.0,0.0
2024-07-25 00:00:00-04:00,537.8842542829834,543.9551841667384,534.0092584606904,534.9630737304688,61158300,0.0,0.0,0.0
2024-07-26 00:00:00-04:00,538.8083228950942,543.6868621230556,538.0233417058752,540.9544677734375,53763800,0.0,0.0,0.0
2024-07-29 00:00:00-04:00,542.5244041316022,543.5477785454984,539.2454821872736,541.2724609375,39515800,0.0,0.0,0.0
2024-07-30 00:00:00-04:00,542.7628273133917,543.8359300826789,535.0723888630466,538.5300903320312,46853600,0.0,0.0,0.0
2024-07-31 00:00:00-04:00,545.4653901540843,549.9564723516758,544.0743893929554,547.28369140625,65663400,0.0,0.0,0.0
2024-08-01 00:00:00-04:00,549.0324864189774,551.317749824463,535.9765933766676,539.53369140625,76428700,0.0,0.0,0.0
2024-08-02 00:00:00-04:00,532.3200720269788,533.5521237131668,525.215822822894,529.4883422851562,82789100,0.0,0.0,0.0
2024-08-05 00:00:00-04:00,508.3645060852609,520.2280688833214,507.0032513256614,514.0677490234375,146267400,0.0,0.0,0.0
2024-08-06 00:00:00-04:00,515.8958946027635,526.3585100467498,514.554561638132,518.8071899414062,84826300,0.0,0.0,0.0
2024-08-07 00:00:00-04:00,525.0867330311373,528.1868147438752,514.7334583176194,515.3395385742188,70698300,0.0,0.0,0.0
2024-08-08 00:00:00-04:00,520.5559060967021,527.8886642530557,518.4992115856069,527.2528076171875,63276600,0.0,0.0,0.0
2024-08-09 00:00:00-04:00,526.4181852735649,531.0881082802846,525.1761876996719,529.5778198242188,45619600,0.0,0.0,0.0
2024-08-12 00:00:00-04:00,530.7900026001965,532.300230302617,527.5508634586599,529.8560180664062,42542100,0.0,0.0,0.0
2024-08-13 00:00:00-04:00,533.0951503210376,538.8083386739114,532.8467508274344,538.56982421875,52333100,0.0,0.0,0.0
2024-08-14 00:00:00-04:00,539.3746584267726,541.471196329114,536.6621552508178,540.2689208984375,42446900,0.0,0.0,0.0
2024-08-15 00:00:00-04:00,545.982083814168,549.8173574187872,545.3660579251114,549.5292358398438,60846800,0.0,0.0,0.0
2024-08-16 00:00:00-04:00,547.8897787993742,551.4667678986649,547.7308298067959,550.7612915039062,44430700,0.0,0.0,0.0
2024-08-19 00:00:00-04:00,551.178580819559,556.02734375,550.3141554398344,556.02734375,39121800,0.0,0.0,0.0
2024-08-20 00:00:00-04:00,555.5703612216352,557.2495443135458,553.7620055346229,555.1232299804688,33732300,0.0,0.0,0.0
2024-08-21 00:00:00-04:00,556.1864107229809,558.5113962445419,551.1786376407017,557.0309448242188,41514600,0.0,0.0,0.0
2024-08-22 00:00:00-04:00,558.9584957024143,559.5745216188498,551.4270057843165,552.6590576171875,56121500,0.0,0.0,0.0
2024-08-23 00:00:00-04:00,555.9479194512493,559.4851259143927,553.722208984333,558.53125,50639400,0.0,0.0,0.0
2024-08-26 00:00:00-04:00,559.5744817024615,560.2997887939172,555.4709173504181,557.1997680664062,35788600,0.0,0.0,0.0
2024-08-27 00:00:00-04:00,555.9081495950009,558.4617037979162,554.7456568855777,557.9649047851562,32693900,0.0,0.0,0.0
2024-08-28 00:00:00-04:00,557.6171732764703,558.054358836253,551.4866297560903,554.7257690429688,41066000,0.0,0.0,0.0
2024-08-29 00:00:00-04:00,556.7228644372319,560.0712846741632,553.6128980049808,554.775390625,38715200,0.0,0.0,0.0
2024-08-30 00:00:00-04:00,557.1799456914886,560.5879794062929,553.5731802564248,560.0712890625,62700100,0.0,0.0,0.0
2024-09-03 00:00:00-04:00,556.881834277098,557.2196842759827,545.9920391595765,548.5455932617188,60600100,0.0,0.0,0.0
2024-09-04 00:00:00-04:00,546.6775920813889,550.880491910365,545.9423393178182,547.4227905273438,47224900,0.0,0.0,0.0
2024-09-05 00:00:00-04:00,547.3632041488859,550.2545475786525,543.5974290033273,546.0913696289062,44264300,0.0,0.0,0.0
2024-09-06 00:00:00-04:00,546.4193211895582,548.0686672905891,535.9865415281048,536.900634765625,68493800,0.0,0.0,0.0
2024-09-09 00:00:00-04:00,541.1631836675344,544.2035911706921,539.205764040938,542.911865234375,40445800,0.0,0.0,0.0
2024-09-10 00:00:00-04:00,544.8493714758437,545.6343526891766,539.9012729623811,545.276611328125,36394600,0.0,0.0,0.0
2024-09-11 00:00:00-04:00,545.1871934136049,551.8045289085911,536.5031572548023,550.8705444335938,75248600,0.0,0.0,0.0
2024-09-12 00:00:00-04:00,551.4567847066498,555.8186940780948,549.2012980489352,555.5106811523438,51892700,0.0,0.0,0.0
2024-09-13 00:00:00-04:00,556.1267241742606,559.4254766085033,555.8683790070602,558.4119873046875,39310500,0.0,0.0,0.0
2024-09-16 00:00:00-04:00,558.1437002092299,559.5049245430299,556.3155139503538,559.2366943359375,36656100,0.0,0.0,0.0
2024-09-17 00:00:00-04:00,561.4821822822897,562.9527484995683,557.1997775054689,559.4652099609375,49321000,0.0,0.0,0.0
2024-09-18 00:00:00-04:00,560.1309547132038,565.0492771870338,557.2396110727457,557.8059692382812,59044900,0.0,0.0,0.0
2024-09-19 00:00:00-04:00,567.3544220112178,569.2124454796876,564.4431870545009,567.3245849609375,75315500,0.0,0.0,0.0
2024-09-20 00:00:00-04:00,565.9352741325762,567.4003139915075,563.274186536296,566.3438720703125,77503100,1.746,0.0,0.0
2024-09-23 00:00:00-04:00,567.4302449810484,568.4169144135892,566.1943533126803,567.7590942382812,44116900,0.0,0.0,0.0
2024-09-24 00:00:00-04:00,568.5663492842654,569.4434022584327,565.6960051561575,569.3836059570312,46805700,0.0,0.0,0.0
2024-09-25 00:00:00-04:00,569.2242153737513,569.9716996168105,567.001654193034,568.1278686523438,38428600,0.0,0.0,0.0
2024-09-26 00:00:00-04:00,572.453350103916,572.7822602105816,567.9883969266909,570.3803100585938,48336000,0.0,0.0,0.0
2024-09-27 00:00:00-04:00,571.4666429266127,572.2938149879185,568.5065738226857,569.5530395507812,42100900,0.0,0.0,0.0
2024-09-30 00:00:00-04:00,568.5065651200609,572.4533035880738,566.174448485196,571.8353881835938,63557400,0.0,0.0,0.0
2024-10-01 00:00:00-04:00,571.4766419055114,572.13440127127,564.1014397392948,566.712646484375,72668800,0.0,0.0,0.0
2024-10-02 00:00:00-04:00,565.80573723538,567.9883936936922,563.373919358678,566.9518432617188,38097800,0.0,0.0,0.0
2024-10-03 00:00:00-04:00,565.4568653371243,567.8886831733391,563.5931428250311,565.9153442382812,40846500,0.0,0.0,0.0
2024-10-04 00:00:00-04:00,570.4300917963334,571.4367135974977,566.1943479445887,571.0579833984375,42939100,0.0,0.0,0.0
2024-10-07 00:00:00-04:00,569.3836455038623,570.0414656953863,564.7293273686603,565.8953857421875,49964700,0.0,0.0,0.0
2024-10-08 00:00:00-04:00,568.5065999253031,571.8553755715546,567.6196315196793,571.2473754882812,37398700,0.0,0.0,0.0
2024-10-09 00:00:00-04:00,571.2374103968729,575.7721968989688,570.6294711322118,575.2041015625,37912200,0.0,0.0,0.0
2024-10-10 00:00:00-04:00,573.8386709048119,575.6425970526338,572.5629353063589,574.1974487304688,44138100,0.0,0.0,0.0
2024-10-11 00:00:00-04:00,574.1176761498197,578.3833484453603,573.9781311688434,577.6358642578125,42268000,0.0,0.0,0.0
2024-10-14 00:00:00-04:00,579.2703473815798,583.3068108718866,578.7820007527869,582.3599853515625,36217200,0.0,0.0,0.0
2024-10-15 00:00:00-04:00,582.6290678972117,582.9380255946008,576.5993134581498,577.835205078125,54203600,0.0,0.0,0.0
2024-10-16 00:00:00-04:00,577.835235088752,580.8749921074705,577.0179783689249,580.3467407226562,30725400,0.0,0.0,0.0
2024-10-17 00:00:00-04:00,583.944601340952,584.1539188175557,580.2071803114444,580.3965454101562,34393700,0.0,0.0,0.0
2024-10-18 00:00:00-04:00,582.1108141676949,583.4263936848293,580.6258219277963,582.6290893554688,37416800,0.0,0.0,0.0
2024-10-21 00:00:00-04:00,581.8915350892357,582.8881807335302,578.6524367452782,581.6723022460938,36439000,0.0,0.0,0.0
2024-10-22 00:00:00-04:00,579.1009372156066,582.539376841233,578.4332016690254,581.3633422851562,34183800,0.0,0.0,0.0
2024-10-23 00:00:00-04:00,579.3102592315893,579.7587619393839,572.4931762322094,576.0512084960938,49314600,0.0,0.0,0.0
2024-10-24 00:00:00-04:00,578.0345050935296,578.1142537753539,574.6359703072284,577.2969970703125,34979900,0.0,0.0,0.0
2024-10-25 00:00:00-04:00,579.5594025561556,582.4995192928038,576.1409153890147,577.09765625,47268200,0.0,0.0,0.0
2024-10-28 00:00:00-04:00,580.625843766574,580.7554125683909,578.5727561467988,578.8817138671875,30174700,0.0,0.0,0.0
2024-10-29 00:00:00-04:00,577.9049390899631,580.9546722574563,576.4897193404522,579.8185424804688,42899700,0.0,0.0,0.0
2024-10-30 00:00:00-04:00,579.340127925038,581.3633477929158,577.3468366252599,578.064453125,41435800,0.0,0.0,0.0
2024-10-31 00:00:00-04:00,573.6293759428813,573.6991484390127,566.5332636815825,566.7326049804688,60182500,0.0,0.0,0.0
2024-11-01 00:00:00-04:00,569.4036017001581,573.6193933460836,568.705937577061,569.12451171875,45667500,0.0,0.0,0.0
2024-11-04 00:00:00-05:00,569.2640201958944,570.5795996729566,565.9850781072051,567.8986206054688,38217000,0.0,0.0,0.0
2024-11-05 00:00:00-05:00,568.8255339356318,574.8054078922688,568.6063010891585,574.7655639648438,39478300,0.0,0.0,0.0
2024-11-06 00:00:00-05:00,587.2236401168085,589.9444633264045,583.4264225525844,589.0574340820312,68182000,0.0,0.0,0.0
2024-11-07 00:00:00-05:00,591.0905788560154,594.6486108837124,591.0108301769313,593.612060546875,47233200,0.0,0.0,0.0
2024-11-08 00:00:00-05:00,594.170227974366,597.6286200573561,594.170227974366,596.1834716796875,46444900,0.0,0.0,0.0
2024-11-11 00:00:00-05:00,597.7979915870179,598.1567694017272,594.9974198997685,596.7515258789062,37586800,0.0,0.0,0.0
2024-11-12 00:00:00-05:00,596.6718248163537,597.2797640781976,592.3762843945897,594.8978271484375,43006100,0.0,0.0,0.0
2024-11-13 00:00:00-05:00,595.3662175337821,597.2199638760482,592.9643282404705,595.1868286132812,47388600,0.0,0.0,0.0
2024-11-14 00:00:00-05:00,595.3163950921665,595.8047417344717,590.6620768755874,591.3596801757812,38904100,0.0,0.0,0.0
2024-11-15 00:00:00-05:00,587.741810056627,588.2202413060753,581.9014814794444,583.78515625,75988800,0.0,0.0,0.0
2024-11-18 00:00:00-05:00,584.2535445173154,587.5125950397364,583.3765523681863,586.1771240234375,37084100,0.0,0.0,0.0
2024-11-19 00:00:00-05:00,582.7486704174037,589.0573932647131,582.0709587093536,588.3198852539062,49412000,0.0,0.0,0.0
2024-11-20 00:00:00-05:00,588.3996334687998,588.8082313989112,582.6689212758671,588.5192260742188,50032600,0.0,0.0,0.0
2024-11-21 00:00:00-05:00,591.4095359141672,593.1237371839187,585.4794823023249,591.6785888671875,46750300,0.0,0.0,0.0
2024-11-22 00:00:00-05:00,591.6686202509217,594.1503189768671,591.1603820751913,593.512451171875,38226400,0.0,0.0,0.0
2024-11-25 00:00:00-05:00,597.5090108826315,598.8444819692141,593.2034944374628,595.5256958007812,42441400,0.0,0.0,0.0
2024-11-26 00:00:00-05:00,596.7913620470338,599.3129045668759,596.0638302382595,598.6351928710938,45621300,0.0,0.0,0.0
2024-11-27 00:00:00-05:00,598.4458262225876,598.8344717672517,595.2765005812439,596.8212890625,34000200,0.0,0.0,0.0
2024-11-29 00:00:00-05:00,597.6484881409995,601.3261129268905,597.36945899809,600.52880859375,30177400,0.0,0.0,0.0
2024-12-02 00:00:00-05:00,600.9474044087409,602.2929125479887,600.4490815787433,601.605224609375,31746000,0.0,0.0,0.0
2024-12-03 00:00:00-05:00,601.3660019623314,602.1333777080879,600.3195362505401,601.8842163085938,26906600,0.0,0.0,0.0
2024-12-04 00:00:00-05:00,603.5984841150722,605.8708044682724,602.9207724016469,605.6216430664062,42787600,0.0,0.0,0.0
2024-12-05 00:00:00-05:00,605.621645611653,606.4389023128589,604.2662221791059,604.625,28762200,0.0,0.0,0.0
2024-12-06 00:00:00-05:00,605.4024251817842,607.0269624285027,604.9838510488302,605.7711791992188,31241500,0.0,0.0,0.0
2024-12-09 00:00:00-05:00,605.6515854430188,605.820998167633,602.0537093173363,602.6516723632812,34742700,0.0,0.0,0.0
2024-12-10 00:00:00-05:00,603.3393405871914,603.7678908945335,600.1102185836498,600.7779541015625,37234500,0.0,0.0,0.0
2024-12-11 00:00:00-05:00,603.7480059585018,606.3890803229617,603.4689159895003,605.42236328125,28677700,0.0,0.0,0.0
2024-12-12 00:00:00-05:00,604.5453090600739,605.1233197139765,602.3028564453125,602.3028564453125,31543800,0.0,0.0,0.0
2024-12-13 00:00:00-05:00,604.3659449754581,605.093476832397,600.7879603355512,602.1832885742188,35904700,0.0,0.0,0.0
2024-12-16 00:00:00-05:00,603.9672494909545,605.7413079042333,603.1799213451903,604.7545776367188,43695200,0.0,0.0,0.0
2024-12-17 00:00:00-05:00,602.1632992266615,603.1399924355125,600.8676721305405,602.262939453125,55773500,0.0,0.0,0.0
2024-12-18 00:00:00-05:00,601.9539941025837,604.3758356273496,583.9247091414081,584.3134155273438,108248700,0.0,0.0,0.0
2024-12-19 00:00:00-05:00,589.3763378496345,591.0108512618689,583.8848107635582,584.1339721679688,85919500,0.0,0.0,0.0
2024-12-20 00:00:00-05:00,581.77001953125,595.75,580.9099731445312,591.1500244140625,125716700,1.966,0.0,0.0
2024-12-23 00:00:00-05:00,590.8900146484375,595.2999877929688,587.6599731445312,594.6900024414062,57635800,0.0,0.0,0.0
2024-12-24 00:00:00-05:00,596.0599975585938,601.3400268554688,595.469970703125,601.2999877929688,33160100,0.0,0.0,0.0
2024-12-26 00:00:00-05:00,599.5,602.47998046875,598.0800170898438,601.3400268554688,41219100,0.0,0.0,0.0
2024-12-27 00:00:00-05:00,597.5399780273438,597.780029296875,590.760009765625,595.010009765625,64969300,0.0,0.0,0.0
2024-12-30 00:00:00-05:00,587.8900146484375,591.739990234375,584.4099731445312,588.219970703125,56578800,0.0,0.0,0.0
2024-12-31 00:00:00-05:00,589.9099731445312,590.6400146484375,584.4199829101562,586.0800170898438,57052700,0.0,0.0,0.0
2025-01-02 00:00:00-05:00,589.3900146484375,591.1300048828125,580.5,584.6400146484375,50204000,0.0,0.0,0.0
2025-01-03 00:00:00-05:00,587.530029296875,592.5999755859375,586.4299926757812,591.9500122070312,37888500,0.0,0.0,0.0
2025-01-06 00:00:00-05:00,596.27001953125,599.7000122070312,593.5999755859375,595.3599853515625,47679400,0.0,0.0,0.0
2025-01-07 00:00:00-05:00,597.4199829101562,597.75,586.780029296875,588.6300048828125,60393100,0.0,0.0,0.0
2025-01-08 00:00:00-05:00,588.7000122070312,590.5800170898438,585.2000122070312,589.489990234375,47304700,0.0,0.0,0.0
2025-01-10 00:00:00-05:00,585.8800048828125,585.9500122070312,578.5499877929688,580.489990234375,73105000,0.0,0.0,0.0
2025-01-13 00:00:00-05:00,575.77001953125,581.75,575.3499755859375,581.3900146484375,47910100,0.0,0.0,0.0
2025-01-14 00:00:00-05:00,584.3599853515625,585.0,578.3499755859375,582.1900024414062,48420600,0.0,0.0,0.0
2025-01-15 00:00:00-05:00,590.3300170898438,593.9400024414062,589.2000122070312,592.780029296875,56900200,0.0,0.0,0.0
2025-01-16 00:00:00-05:00,594.1699829101562,594.3499755859375,590.9299926757812,591.6400146484375,43319700,0.0,0.0,0.0
2025-01-17 00:00:00-05:00,596.9600219726562,599.3599853515625,595.6099853515625,597.5800170898438,58070600,0.0,0.0,0.0
2025-01-21 00:00:00-05:00,600.6699829101562,603.0599975585938,598.6699829101562,603.0499877929688,42532900,0.0,0.0,0.0
2025-01-22 00:00:00-05:00,605.9199829101562,607.8200073242188,605.3599853515625,606.4400024414062,48196000,0.0,0.0,0.0
2025-01-23 00:00:00-05:00,605.7999877929688,609.75,605.52001953125,609.75,41152100,0.0,0.0,0.0
2025-01-24 00:00:00-05:00,609.8099975585938,610.780029296875,606.7999877929688,607.969970703125,34604700,0.0,0.0,0.0
2025-01-27 00:00:00-05:00,594.8099975585938,599.6900024414062,594.6400146484375,599.3699951171875,70361100,0.0,0.0,0.0
2025-01-28 00:00:00-05:00,600.6199951171875,605.3699951171875,597.25,604.52001953125,44433300,0.0,0.0,0.0
2025-01-29 00:00:00-05:00,603.719970703125,604.1300048828125,599.219970703125,601.8099975585938,37177400,0.0,0.0,0.0
2025-01-30 00:00:00-05:00,603.9600219726562,606.5999755859375,600.719970703125,605.0399780273438,39281300,0.0,0.0,0.0
2025-01-31 00:00:00-05:00,607.5,609.9600219726562,601.0499877929688,601.8200073242188,66671500,0.0,0.0,0.0
2025-02-03 00:00:00-05:00,592.6699829101562,600.2899780273438,590.489990234375,597.77001953125,65857200,0.0,0.0,0.0
2025-02-04 00:00:00-05:00,597.8300170898438,602.2999877929688,597.280029296875,601.780029296875,33457800,0.0,0.0,0.0
2025-02-05 00:00:00-05:00,600.6400146484375,604.3699951171875,598.5800170898438,604.219970703125,30653100,0.0,0.0,0.0
2025-02-06 00:00:00-05:00,605.989990234375,606.4500122070312,602.6300048828125,606.3200073242188,35771500,0.0,0.0,0.0
2025-02-07 00:00:00-05:00,606.8900146484375,608.1300048828125,600.0499877929688,600.77001953125,50788500,0.0,0.0,0.0
2025-02-10 00:00:00-05:00,604.030029296875,605.5,602.739990234375,604.8499755859375,26048700,0.0,0.0,0.0
2025-02-11 00:00:00-05:00,602.5499877929688,605.8599853515625,602.4299926757812,605.3099975585938,30056700,0.0,0.0,0.0
2025-02-12 00:00:00-05:00,599.2000122070312,604.5499877929688,598.510009765625,603.3599853515625,45076100,0.0,0.0,0.0
2025-02-13 00:00:00-05:00,604.47998046875,609.9400024414062,603.2000122070312,609.72998046875,40921300,0.0,0.0,0.0
2025-02-14 00:00:00-05:00,609.9400024414062,610.989990234375,609.0700073242188,609.7000122070312,26910400,0.0,0.0,0.0
2025-02-18 00:00:00-05:00,610.8800048828125,611.489990234375,608.3800048828125,611.489990234375,26749000,0.0,0.0,0.0
2025-02-19 00:00:00-05:00,610.0800170898438,613.22998046875,609.5599975585938,612.9299926757812,31011100,0.0,0.0,0.0
2025-02-20 00:00:00-05:00,611.5399780273438,611.6799926757812,607.02001953125,610.3800048828125,36554000,0.0,0.0,0.0
2025-02-21 00:00:00-05:00,610.1599731445312,610.2999877929688,599.469970703125,599.9400024414062,76519800,0.0,0.0,0.0
2025-02-24 00:00:00-05:00,602.02001953125,603.030029296875,596.489990234375,597.2100219726562,50737200,0.0,0.0,0.0
2025-02-25 00:00:00-05:00,597.1500244140625,597.8900146484375,589.5599975585938,594.239990234375,58266500,0.0,0.0,0.0
2025-02-26 00:00:00-05:00,595.9299926757812,599.5800170898438,591.8599853515625,594.5399780273438,43321600,0.0,0.0,0.0
2025-02-27 00:00:00-05:00,596.8499755859375,598.02001953125,584.6500244140625,585.0499877929688,74196700,0.0,0.0,0.0
2025-02-28 00:00:00-05:00,585.5599975585938,589.030029296875,582.4400024414062,587.1107788085938,43942341,0.0,0.0,0.0
